house,seed,prev_stop,next_stop,prev_last_sample_time_s,next_first_sample_time_s,gap_s,previous_last_measured_ppm,memory_only_lower_bound_mean_ppm,memory_bound_exceeds_threshold,next_block_archived_hit,memory_bound_implies_hit
House01,0,1,2,18.6,19.6,1.0,0.006014,0.0013809524909831569,False,False,False
House01,0,2,3,35.4,36.4,1.0,0.0,0.0,False,False,False
House01,0,3,4,52.2,53.2,1.0,0.0,0.0,False,False,False
House01,0,4,5,69.0,75.6,6.599999999999994,0.0,0.0,False,False,False
House01,0,5,6,91.4,92.4,1.0,0.117632,0.027011008217381224,False,False,False
House01,0,6,7,108.2,109.4,1.2000000000000028,0.043868,0.008526695129775223,False,False,False
House01,0,7,8,125.2,127.4,2.200000000000003,0.034769,0.0029370614436760325,False,False,False
House01,0,8,9,143.2,146.0,2.8000000000000114,0.051858,0.0026569865412531058,False,True,False
House01,0,9,10,161.8,162.8,1.0,0.089045,0.020446776614498702,False,False,False
House01,0,10,11,178.6,180.6,2.0,0.102123,0.010191234857759501,False,False,False
House01,0,11,12,196.4,197.4,1.0,0.081791,0.018781091651147885,False,False,False
House01,0,12,13,213.2,214.0,0.8000000000000114,0.08149,0.022105586676579594,False,True,False
House01,0,13,14,229.8,231.8,2.0,0.088372,0.008818971307638071,False,True,False
House01,0,14,15,247.6,250.6,3.0,0.376781,0.016341058017847097,False,True,False
House01,0,15,16,266.4,267.2,0.8000000000000114,0.097236,0.026376964364755107,False,True,False
House01,0,16,17,283.0,286.0,3.0,0.289944,0.012574922105750182,False,True,False
House01,1,1,2,20.4,21.4,1.0,0.092879,0.021327151049222583,False,True,False
House01,1,2,3,37.2,38.2,1.0,0.000312,7.164236401508894e-05,False,False,False
House01,1,3,4,54.0,55.0,1.0,0.0,0.0,False,False,False
House01,1,4,5,70.8,75.0,4.200000000000003,0.0,0.0,False,False,False
House01,1,5,6,90.8,91.8,1.0,0.0,0.0,False,False,False
House01,1,6,7,107.6,108.6,1.0,0.004241,0.0009738309800897185,False,False,False
House01,1,7,8,124.4,126.2,1.7999999999999972,0.039681,0.004678086713416427,False,False,False
House01,1,8,9,142.0,142.8,0.8000000000000114,0.026065,0.0070705867802803675,False,False,False
House01,1,9,10,158.6,160.8,2.200000000000017,0.081047,0.006846329167523039,False,True,False
House01,1,10,11,176.6,179.0,2.4000000000000057,0.073164,0.005231616002381431,False,False,False
House01,1,11,12,194.8,195.8,1.0,0.061092,0.014028125969262223,False,False,False
House01,1,12,13,211.6,212.4,0.8000000000000114,0.04793,0.013001850158405449,False,False,False
House01,1,13,14,228.2,232.0,3.8000000000000114,0.167871,0.0037379819541553966,False,True,False
House01,1,14,15,247.8,248.6,0.799999999999983,0.160652,0.043579662667394145,False,True,False
House01,1,15,16,264.4,265.2,0.8000000000000114,0.146117,0.03963678989350571,False,True,False
House01,1,16,17,281.0,284.0,3.0,0.321853,0.013958821029240174,False,True,False
House01,1,17,18,299.8,310.4,10.599999999999966,0.462511,3.562718630995574e-05,False,True,False
House01,2,1,2,20.4,21.4,1.0,0.074281,0.01705662320963084,False,True,False
House01,2,2,3,37.2,38.2,1.0,0.195949,0.04499438969997648,False,True,False
House01,2,3,4,54.0,55.0,1.0,3.3e-05,7.577557732365177e-06,False,False,False
House01,2,4,5,70.8,77.6,6.799999999999997,0.0,0.0,False,False,False
House01,2,5,6,93.4,97.2,3.799999999999997,0.000485,1.0799490369184609e-05,False,False,False
House01,2,6,7,113.0,113.8,0.7999999999999972,0.02275,0.006171335095007875,False,False,False
House01,2,7,8,129.6,132.0,2.4000000000000057,0.057514,0.004112557579697195,False,False,False
House01,2,8,9,147.8,148.6,0.799999999999983,0.037371,0.010137536871891955,False,False,False
House01,2,9,10,164.4,167.2,2.799999999999983,0.022808,0.0011685863132574004,False,False,False
House01,2,10,11,183.0,184.8,1.8000000000000114,0.095015,0.011201542528546575,False,True,False
House01,2,11,12,200.6,206.0,5.400000000000006,0.116542,0.0006840450121860706,False,False,False
House01,2,12,13,221.8,222.6,0.799999999999983,0.002508,0.0006803388315727442,False,False,False
House01,2,13,14,238.4,242.8,4.400000000000006,0.02795,0.000377481866820988,False,False,False
House01,2,14,15,258.6,259.4,0.7999999999999545,0.118619,0.032177476819110554,False,True,False
House01,2,15,16,275.2,276.0,0.8000000000000114,0.133239,0.03614340732851624,False,True,False
House01,2,16,17,291.8,294.4,2.599999999999966,0.244645,0.014807861678177152,False,True,False
House01,3,1,2,20.2,21.2,1.0,0.070027,0.016079807131040492,False,False,False
House01,3,2,3,37.0,38.0,1.0,0.154081,0.03538053554425935,False,True,False
House01,3,3,4,53.8,54.8,1.0,0.222234,0.051030029245286136,False,True,False
House01,3,4,5,70.6,74.0,3.4000000000000057,5e-06,1.5538044271991225e-07,False,False,False
House01,3,5,6,89.8,91.0,1.2000000000000028,0.0,0.0,False,False,False
House01,3,6,7,106.8,107.8,1.0,0.000179,4.1102510124041404e-05,False,False,False
House01,3,7,8,123.6,126.6,3.0,0.000498,2.1598347296938684e-05,False,False,False
House01,3,8,9,142.4,145.0,2.5999999999999943,0.013923,0.0008427307247041862,False,False,False
House01,3,9,10,160.8,162.0,1.1999999999999886,5.2e-05,1.0107325311122385e-05,False,False,False
House01,3,10,11,177.8,181.6,3.799999999999983,0.007061,0.0001572272195810585,False,False,False
House01,3,11,12,197.4,198.2,0.799999999999983,0.003831,0.001039225703251668,False,False,False
House01,3,12,13,214.0,214.8,0.8000000000000114,0.015058,0.004084745664203406,False,False,False
House01,3,13,14,230.6,232.4,1.8000000000000114,0.056111,0.0066150581783852745,False,False,False
House01,3,14,15,248.2,249.0,0.8000000000000114,0.040361,0.0109486266272356,False,False,False
House01,3,15,16,264.8,265.8,1.0,0.020355,0.0046739753830997936,False,False,False
House01,3,16,17,281.6,283.8,2.1999999999999886,0.018613,0.0015723064986379429,False,False,False
House01,4,1,2,19.6,20.6,1.0,0.105272,0.024172868412168088,False,True,False
House01,4,2,3,36.4,37.4,1.0,0.101957,0.02341166829450777,False,True,False
House01,4,3,4,53.2,54.2,1.0,0.169524,0.03892660294004467,False,True,False
House01,4,4,5,70.0,73.8,3.799999999999997,0.108161,0.002408419954270879,False,False,False
House01,4,5,6,89.6,90.4,0.8000000000000114,0.0,0.0,False,False,False
House01,4,6,7,106.2,108.0,1.7999999999999972,0.0,0.0,False,False,False
House01,4,7,8,123.8,126.4,2.6000000000000085,1e-05,6.05279555199437e-07,False,False,False
House01,4,8,9,142.2,143.0,0.8000000000000114,0.008413,0.0022821732815077205,False,False,False
House01,4,9,10,158.8,161.0,2.1999999999999886,0.027927,0.0023590932997078298,False,False,False
House01,4,10,11,176.8,181.2,4.399999999999977,0.031425,0.0004244138699409599,False,False,False
House01,4,11,12,197.0,198.2,1.1999999999999886,0.004633,0.0009005238108928849,False,False,False
House01,4,12,13,214.0,216.0,2.0,0.052039,0.005193165797743375,False,False,False
House01,4,13,14,231.8,235.0,3.1999999999999886,0.010267,0.00037692272815730596,False,False,False
House01,4,14,15,250.8,251.6,0.799999999999983,0.041301,0.011203618055337284,False,False,False
House01,4,15,16,267.4,268.6,1.2000000000000455,0.028442,0.005528318201902487,False,False,False
House01,4,16,17,284.4,286.8,2.400000000000034,0.125478,0.008972345863359052,False,True,False
House01,5,1,2,18.6,19.6,1.0,0.15314,0.03516446033740615,False,True,False
House01,5,2,3,35.4,36.4,1.0,0.146805,0.03370979887575363,False,True,False
House01,5,3,4,52.2,53.2,1.0,0.120923,0.02776669738396346,False,True,False
House01,5,4,5,69.0,72.8,3.799999999999997,0.108484,0.002415612192186851,False,True,False
House01,5,5,6,88.6,89.8,1.2000000000000028,0.088123,0.017128612084462067,False,False,False
House01,5,6,7,105.6,106.4,0.8000000000000114,0.0,0.0,False,False,False
House01,5,7,8,122.2,125.2,3.0,0.0,0.0,False,False,False
House01,5,8,9,141.0,142.6,1.5999999999999943,0.0,0.0,False,False,False
House01,5,9,10,158.4,160.6,2.1999999999999886,0.0,0.0,False,False,False
House01,5,10,11,176.4,180.8,4.400000000000006,0.0,0.0,False,False,False
House01,5,11,12,196.6,197.4,0.8000000000000114,0.009565,0.0025946734146703137,False,False,False
House01,5,12,13,213.2,214.4,1.200000000000017,0.01923,0.00373776664870921,False,False,False
House01,5,13,14,230.2,233.2,3.0,0.021954,0.0009521488284276946,False,False,False
House01,5,14,15,249.0,249.8,0.8000000000000114,0.0024,0.000651041944088735,False,False,False
House01,5,15,16,265.6,266.4,0.7999999999999545,0.006351,0.0017228197445448969,False,False,False
House01,5,16,17,282.2,285.6,3.400000000000034,0.027023,0.0008397691407240178,False,False,False
House01,6,1,2,19.6,20.6,1.0,0.09629,0.02211039497119524,False,True,False
House01,6,2,3,36.4,37.4,1.0,0.163539,0.03755230951494753,False,True,False
House01,6,3,4,53.2,54.2,1.0,0.132668,0.030463619067800703,False,False,False
House01,6,4,5,70.0,73.4,3.4000000000000057,0.092899,0.002886937549647425,False,False,False
House01,6,5,6,89.2,90.0,0.7999999999999972,0.066771,0.018112800686978937,False,False,False
House01,6,6,7,105.8,108.0,2.200000000000003,0.000635,5.364071491081943e-05,False,False,False
House01,6,7,8,123.8,127.2,3.4000000000000057,0.0,0.0,False,False,False
House01,6,8,9,143.0,143.8,0.8000000000000114,0.0,0.0,False,False,False
House01,6,9,10,159.6,161.4,1.8000000000000114,0.0,0.0,False,False,False
House01,6,10,11,177.2,180.2,3.0,0.008204,0.0003558089181206526,False,False,False
House01,6,11,12,196.0,196.8,0.8000000000000114,0.046435,0.012596305280733506,False,False,False
House01,6,12,13,212.6,213.6,1.0,0.030171,0.006927954374036052,False,False,False
House01,6,13,14,229.4,233.2,3.799999999999983,0.131264,0.0029228542346817826,False,False,False
House01,6,14,15,249.0,250.4,1.4000000000000057,0.118202,0.019448016381633546,False,False,False
House01,6,15,16,266.2,267.0,0.8000000000000114,0.00198,0.0005371096038732065,False,False,False
House01,6,16,17,282.8,285.8,3.0,0.037064,0.001607472177136015,False,False,False
House01,7,1,2,19.8,20.8,1.0,0.041749,0.009586529023288297,False,False,False
House01,7,2,3,36.6,37.6,1.0,0.21224,0.048735177367187424,False,True,False
House01,7,3,4,53.4,54.4,1.0,0.182666,0.041944307901218704,False,True,False
House01,7,4,5,70.2,73.8,3.5999999999999943,0.084109,0.0022125159289920313,False,False,False
House01,7,5,6,89.6,90.4,0.8000000000000114,0.0443,0.012017149217971236,False,False,False
House01,7,6,7,106.2,107.6,1.3999999999999915,0.041097,0.006761773313784904,False,False,False
House01,7,7,8,123.4,126.4,3.0,0.000446,1.934309818159569e-05,False,False,False
House01,7,8,9,142.2,143.0,0.8000000000000114,0.0,0.0,False,False,False
House01,7,9,10,158.8,160.8,2.0,0.048847,0.004874624218804563,False,False,False
House01,7,10,11,176.6,178.6,2.0,0.0,0.0,False,False,False
House01,7,11,12,194.4,195.2,0.799999999999983,0.00739,0.002004666652839944,False,False,False
House01,7,12,13,211.0,213.6,2.5999999999999943,0.011469,0.0006941951218582427,False,False,False
House01,7,13,14,229.4,233.4,4.0,0.005922,0.000111621412077322,False,False,False
House01,7,14,15,249.2,250.0,0.8000000000000114,0.049088,0.013315977896428263,False,False,False
House01,7,15,16,265.8,269.2,3.3999999999999773,0.050642,0.0015737552760443968,False,False,False
House01,7,16,17,285.0,289.4,4.399999999999977,0.00892,0.00012047006268491209,False,True,False
House01,8,1,2,20.6,21.6,1.0,0.061901,0.014213890945185962,False,False,False
House01,8,2,3,37.4,38.6,1.2000000000000028,0.114646,0.02228393110805622,False,True,False
House01,8,3,4,54.4,55.4,1.0,0.172931,0.03970892837017098,False,True,False
House01,8,4,5,71.2,74.4,3.200000000000003,0.125018,0.0045896684161653364,False,True,False
House01,8,5,6,90.2,91.0,0.7999999999999972,0.218388,0.05924156170235516,False,True,False
House01,8,6,7,106.8,108.8,2.0,0.222338,0.02218793783774989,False,True,False
House01,8,7,8,124.6,127.4,2.8000000000000114,0.061852,0.0031690372083301916,False,False,False
House01,8,8,9,143.2,145.8,2.6000000000000227,2e-06,1.21055911039886e-07,False,False,False
House01,8,9,10,161.6,162.4,0.8000000000000114,0.0,0.0,False,False,False
House01,8,10,11,178.2,181.4,3.200000000000017,0.000235,8.62733428625351e-06,False,False,False
House01,8,11,12,197.2,198.0,0.8000000000000114,0.0,0.0,False,False,False
House01,8,12,13,213.8,214.6,0.799999999999983,0.0,0.0,False,False,False
House01,8,13,14,230.4,236.0,5.599999999999994,0.000179,8.893502490556058e-07,False,False,False
House01,8,14,15,251.8,252.4,0.5999999999999943,0.017137,0.005491802848869613,False,False,False
House01,8,15,16,268.2,269.0,0.8000000000000114,0.064205,0.017416728341757184,False,False,False
House01,8,16,17,284.8,287.8,3.0,0.100669,0.004366032176778154,False,False,False
House01,9,1,2,20.2,21.2,1.0,0.089642,0.020583861522566034,False,False,False
House01,9,2,3,37.0,38.0,1.0,0.078512,0.01802815796010469,False,False,False
House01,9,3,4,53.8,54.8,1.0,0.197711,0.04539898535829247,False,True,False
House01,9,4,5,70.6,72.6,2.0,0.135196,0.01349171281522922,False,False,False
House01,9,5,6,88.4,89.2,0.7999999999999972,0.037822,0.01025987850388518,False,False,False
House01,9,6,7,105.0,105.8,0.7999999999999972,0.03703,0.010045034662335896,False,False,False
House01,9,7,8,121.6,124.6,3.0,0.005788,0.00025102657460779337,False,True,False
House01,9,8,9,140.4,142.2,1.799999999999983,0.166753,0.019658904607301703,False,True,False
House01,9,9,10,158.0,161.2,3.1999999999999886,9e-06,3.3040854713312105e-07,False,False,False
House01,9,10,11,177.0,179.0,2.0,0.0,0.0,False,False,False
House01,9,11,12,194.8,195.6,0.799999999999983,0.000163,4.4216598702694305e-05,False,False,False
House01,9,12,13,211.4,214.6,3.1999999999999886,0.0,0.0,False,False,False
House01,9,13,14,230.4,233.0,2.5999999999999943,0.044962,0.0027214579360877417,False,False,False
House01,9,14,15,248.8,250.0,1.1999999999999886,0.006051,0.0011761427972615684,False,False,False
House01,9,15,16,265.8,267.0,1.1999999999999886,0.004789,0.0009308457868262521,False,False,False
House01,9,16,17,282.8,284.6,1.8000000000000114,0.032147,0.003789885677684437,False,False,False
House02,0,1,2,20.2,21.2,1.0,0.009436,0.002166722265533267,False,False,False
House02,0,2,3,37.0,38.0,1.0,0.0,0.0,False,False,False
House02,0,3,4,53.8,54.8,1.0,0.0,0.0,False,False,False
House02,0,4,5,70.6,74.8,4.200000000000003,0.0,0.0,False,False,False
House02,0,5,6,90.6,91.4,0.8000000000000114,0.0,0.0,False,False,False
House02,0,6,7,107.2,108.2,1.0,0.0,0.0,False,False,False
House02,0,7,8,124.0,125.6,1.5999999999999943,0.00279,0.00038857269219022685,False,False,False
House02,0,8,9,141.4,143.6,2.1999999999999886,0.09165,0.007742002396183713,False,True,False
House02,0,9,10,159.4,161.6,2.1999999999999886,0.346648,0.029282592980166854,False,True,False
House02,0,10,11,177.4,180.4,3.0,0.394299,0.01710081674866592,False,True,False
House02,0,11,12,196.2,197.0,0.8000000000000114,0.477402,0.12950363591327096,True,True,True
House02,0,12,13,212.8,213.6,0.799999999999983,0.54623,0.14817443379983258,True,True,True
House02,0,13,14,229.4,233.4,4.0,0.615747,0.01160596920337298,False,True,False
House02,0,14,15,249.2,250.0,0.8000000000000114,0.181724,0.049295810936492206,False,True,False
House02,0,15,16,265.8,267.0,1.1999999999999886,0.285063,0.05540816298393233,False,True,False
House02,0,16,17,282.8,284.4,1.599999999999966,0.643417,0.08961085157382262,False,True,False
House02,0,17,18,300.2,304.2,4.0,0.855192,0.016119172346712115,False,True,False
House02,1,1,2,20.2,21.2,1.0,0.89914,0.2064631896811765,True,True,True
House02,1,2,3,37.0,38.0,1.0,0.002055,0.00047187518606092233,False,False,False
House02,1,3,4,53.8,54.8,1.0,0.0,0.0,False,False,False
House02,1,4,5,70.6,76.0,5.400000000000006,0.0,0.0,False,False,False
House02,1,5,6,91.8,92.6,0.7999999999999972,0.0,0.0,False,False,False
House02,1,6,7,108.4,111.2,2.799999999999997,0.0,0.0,False,False,False
House02,1,7,8,127.0,129.2,2.1999999999999886,0.192989,0.016302469180983072,False,True,False
House02,1,8,9,145.0,148.2,3.1999999999999886,0.206432,0.0075785441335316055,False,False,False
House02,1,9,10,164.0,164.8,0.8000000000000114,0.074133,0.020109871850470917,False,False,False
House02,1,10,11,180.6,183.8,3.200000000000017,0.148462,0.00545034596938625,False,True,False
House02,1,11,12,199.6,201.0,1.4000000000000057,0.274568,0.045175233599028426,False,True,False
House02,1,12,13,216.8,217.6,0.799999999999983,0.639587,0.17349915162245486,True,True,True
House02,1,13,14,233.4,235.4,2.0,0.746132,0.07445929366440285,False,True,False
House02,1,14,15,251.2,252.6,1.4000000000000057,0.547382,0.0900618779970841,False,True,False
House02,1,15,16,268.4,269.2,0.8000000000000114,0.287808,0.07807294993512111,False,True,False
House02,1,16,17,285.0,287.2,2.1999999999999886,0.203911,0.01722508947744918,False,True,False
House02,2,1,2,19.4,20.4,1.0,0.869187,0.1995852931127664,True,True,True
House02,2,2,3,36.2,37.2,1.0,1.264404,0.2903361911222261,True,True,True
House02,2,3,4,53.0,54.0,1.0,0.000538,0.00012353715333371105,False,False,False
House02,2,4,5,69.8,72.2,2.4000000000000057,0.0,0.0,False,False,False
House02,2,5,6,88.0,90.6,2.5999999999999943,0.0,0.0,False,False,False
House02,2,6,7,106.4,107.2,0.7999999999999972,0.0,0.0,False,False,False
House02,2,7,8,123.0,126.2,3.200000000000003,0.0,0.0,False,False,False
House02,2,8,9,142.0,144.8,2.8000000000000114,0.00925,0.0004739312257817738,False,False,False
House02,2,9,10,160.6,162.6,2.0,0.127481,0.012721804205732686,False,True,False
House02,2,10,11,178.4,180.4,2.0,0.21717,0.021672203852801337,False,True,False
House02,2,11,12,196.2,197.0,0.8000000000000114,0.268839,0.07292727716952978,False,True,False
House02,2,12,13,212.8,214.4,1.5999999999999943,0.180984,0.02520625094027098,False,True,False
House02,2,13,14,230.2,231.8,1.6000000000000227,0.610679,0.08505132010538709,False,True,False
House02,2,14,15,247.6,249.0,1.4000000000000057,0.58525,0.09629237734853076,False,True,False
House02,2,15,16,264.8,265.6,0.8000000000000114,0.162634,0.044117314806219735,False,True,False
House02,2,16,17,281.4,283.6,2.2000000000000455,0.262064,0.022137480806911,False,True,False
House02,2,17,18,299.4,321.6,22.200000000000045,0.829126,4.046690605377854e-09,False,True,False
House02,3,1,2,20.0,21.0,1.0,0.807184,0.18534798062549857,True,True,True
House02,3,2,3,36.8,37.8,1.0,1.094771,0.25138455927936837,True,True,True
House02,3,3,4,53.6,54.6,1.0,1.049705,0.2410363708924966,True,True,True
House02,3,4,5,70.4,74.0,3.5999999999999943,5e-05,1.315267051678198e-06,False,False,False
House02,3,5,6,89.8,90.6,0.7999999999999972,0.0,0.0,False,False,False
House02,3,6,7,106.4,107.6,1.1999999999999886,0.0,0.0,False,False,False
House02,3,7,8,123.4,126.6,3.1999999999999886,0.0,0.0,False,False,False
House02,3,8,9,142.4,145.4,3.0,0.0,0.0,False,False,False
House02,3,9,10,161.2,162.2,1.0,0.008667,0.0019901422080729997,False,False,False
House02,3,10,11,178.0,182.2,4.199999999999989,0.037211,0.0005937013506135493,False,True,False
House02,3,11,12,198.0,199.4,1.4000000000000057,0.125795,0.020697308173529987,False,True,False
House02,3,12,13,215.2,216.0,0.8000000000000114,0.397652,0.1078700546461557,True,True,True
House02,3,13,14,231.8,233.4,1.5999999999999943,0.335646,0.046746548330781686,False,True,False
House02,3,14,15,249.2,250.0,0.8000000000000114,0.294788,0.07996639692251252,False,True,False
House02,3,15,16,265.8,266.8,1.0,0.154811,0.03554816030621774,False,True,False
House02,3,16,17,282.6,284.2,1.599999999999966,0.566821,0.07894306880285369,False,True,False
House02,3,17,18,300.0,301.2,1.1999999999999886,0.677593,0.13170486306806445,True,True,True
House02,4,1,2,18.2,19.2,1.0,0.721562,0.16568720340851156,True,True,True
House02,4,2,3,35.0,36.0,1.0,1.144933,0.2629029062784866,True,True,True
House02,4,3,4,51.8,53.2,1.4000000000000057,0.914733,0.1505028880122231,True,True,True
House02,4,4,5,69.0,71.4,2.4000000000000057,0.951082,0.06800743276443245,False,True,False
House02,4,5,6,87.2,88.0,0.7999999999999972,7e-06,1.8988723369255e-06,False,False,False
House02,4,6,7,103.8,104.8,1.0,0.0,0.0,False,False,False
House02,4,7,8,120.6,125.8,5.200000000000003,0.0,0.0,False,False,False
House02,4,8,9,141.6,146.4,4.800000000000011,0.0,0.0,False,False,False
House02,4,9,10,162.2,163.2,1.0,0.038638,0.008872171989791688,False,False,False
House02,4,10,11,179.0,182.0,3.0,0.077951,0.0033807485344250357,False,True,False
House02,4,11,12,197.8,198.4,0.5999999999999943,0.153138,0.0490753168390147,False,True,False
House02,4,12,13,214.2,215.0,0.8000000000000114,0.183639,0.04981528815437968,False,True,False
House02,4,13,14,230.8,233.0,2.1999999999999886,0.314964,0.026606132490033907,False,True,False
House02,4,14,15,248.8,250.0,1.1999999999999886,0.167142,0.032487664752915736,False,True,False
House02,4,15,16,265.8,266.8,1.0,0.621355,0.14267737529678073,True,True,True
House02,4,16,17,282.6,284.4,1.7999999999999545,0.658866,0.07767526726952287,False,True,False
House02,5,1,2,20.6,21.6,1.0,0.675603,0.15513396171694271,True,True,True
House02,5,2,3,37.4,38.4,1.0,1.103844,0.25346792840984567,True,True,True
House02,5,3,4,54.2,55.2,1.0,0.925263,0.2124616303067091,True,True,True
House02,5,4,5,71.0,74.8,3.799999999999997,0.905907,0.020171822519333856,False,True,False
House02,5,5,6,90.6,91.4,0.8000000000000114,0.084126,0.02282064774517039,False,False,False
House02,5,6,7,107.2,108.2,1.0,0.0,0.0,False,False,False
House02,5,7,8,124.0,129.4,5.400000000000006,0.0,0.0,False,False,False
House02,5,8,9,145.2,150.2,5.0,0.0,0.0,False,False,False
House02,5,9,10,166.0,167.2,1.1999999999999886,0.023763,0.004618853295542332,False,False,False
House02,5,10,11,183.0,187.2,4.199999999999989,0.050841,0.0008111679440634075,False,True,False
House02,5,11,12,203.0,205.4,2.4000000000000057,0.185826,0.01328754954975851,False,False,False
House02,5,12,13,221.2,222.2,1.0,0.072462,0.016638939042504408,False,False,False
House02,5,13,14,238.0,241.0,3.0,0.162909,0.007065391887142539,False,True,False
House02,5,14,15,256.8,258.2,1.3999999999999773,0.425203,0.06995951768599451,False,True,False
House02,5,15,16,274.0,274.8,0.8000000000000114,0.20222,0.05485570913901001,False,True,False
House02,5,16,17,290.6,293.2,2.599999999999966,0.083095,0.005029570463929901,False,False,False
House02,6,1,2,19.2,20.2,1.0,0.763136,0.17523354841352218,True,True,True
House02,6,2,3,36.0,37.0,1.0,1.034765,0.23760580384638944,True,True,True
House02,6,3,4,52.8,53.8,1.0,0.980299,0.22509915962060154,True,True,True
House02,6,4,5,69.6,73.0,3.4000000000000057,0.915598,0.02845320451869324,False,True,False
House02,6,5,6,88.8,89.6,0.7999999999999972,0.951469,0.25810259479173836,True,True,True
House02,6,6,7,105.4,106.4,1.0,0.071061,0.016317237273321267,False,False,False
House02,6,7,8,122.2,127.8,5.599999999999994,0.0,0.0,False,False,False
House02,6,8,9,143.6,146.2,2.5999999999999943,0.0,0.0,False,False,False
House02,6,9,10,162.0,164.4,2.4000000000000057,0.004612,0.00032978258437186533,False,False,False
House02,6,10,11,180.2,184.6,4.400000000000006,0.0,0.0,False,False,False
House02,6,11,12,200.4,201.2,0.799999999999983,0.178648,0.04846139217815296,False,True,False
House02,6,12,13,217.0,220.0,3.0,0.169132,0.007335284488003683,False,False,False
House02,6,13,14,235.8,239.4,3.5999999999999943,0.187437,0.004930594207308128,False,True,False
House02,6,14,15,255.2,256.2,1.0,0.236821,0.054379539385953135,False,True,False
House02,6,15,16,272.0,272.8,0.8000000000000114,0.217006,0.05886667004955003,False,True,False
House02,6,16,17,288.6,292.4,3.7999999999999545,0.363308,0.00808977576710899,False,True,False
House02,7,1,2,19.8,20.8,1.0,0.69601,0.15981987749404505,True,True,True
House02,7,2,3,36.6,37.6,1.0,1.014003,0.2328383719179238,True,True,True
House02,7,3,4,53.4,54.4,1.0,0.965751,0.2217586047754364,True,True,True
House02,7,4,5,70.2,73.8,3.5999999999999943,0.901282,0.023708530377412593,False,True,False
House02,7,5,6,89.6,90.4,0.8000000000000114,0.871117,0.23630571050364446,True,True,True
House02,7,6,7,106.2,107.2,1.0,0.955716,0.21945433835591263,True,True,True
House02,7,7,8,123.0,128.2,5.199999999999989,0.006743,4.675604705354314e-05,False,False,False
House02,7,8,9,144.0,148.2,4.199999999999989,0.0,0.0,False,False,False
House02,7,9,10,164.0,165.0,1.0,0.0,0.0,False,False,False
House02,7,10,11,180.8,184.2,3.3999999999999773,0.0,0.0,False,False,False
House02,7,11,12,200.0,200.8,0.8000000000000114,0.051584,0.013993061518280548,False,False,False
House02,7,12,13,216.6,217.4,0.8000000000000114,0.069453,0.018840340059497886,False,False,False
House02,7,13,14,233.2,237.2,4.0,0.117972,0.0022236070965190526,False,True,False
House02,7,14,15,253.0,253.8,0.8000000000000114,0.172309,0.04674182764332744,False,True,False
House02,7,15,16,269.6,270.4,0.7999999999999545,0.343796,0.0932606734208089,False,True,False
House02,7,16,17,286.2,288.8,2.6000000000000227,0.282734,0.017113310975975564,False,True,False
House02,8,1,2,25.6,26.6,1.0,0.718217,0.16491911460200362,True,True,True
House02,8,2,3,42.4,43.4,1.0,1.027885,0.23602599787067208,True,True,True
House02,8,3,4,59.2,60.2,1.0,0.897246,0.20602828379193108,True,True,True
House02,8,4,5,76.0,79.4,3.4000000000000057,0.903904,0.02808980073925991,False,True,False
House02,8,5,6,95.2,96.2,1.0,0.87318,0.20050217759838257,True,True,True
House02,8,6,7,112.0,113.2,1.2000000000000028,0.894661,0.17389672634949924,True,True,True
House02,8,7,8,129.0,134.0,5.0,1.036711,0.008492288657020486,False,False,False
House02,8,8,9,149.8,154.0,4.199999999999989,0.0,0.0,False,False,False
House02,8,9,10,169.8,170.8,1.0,0.0,0.0,False,False,False
House02,8,10,11,186.6,191.2,4.599999999999994,0.0,0.0,False,False,False
House02,8,11,12,207.0,207.8,0.8000000000000114,0.017251,0.004679635240614487,False,False,False
House02,8,12,13,223.6,224.4,0.8000000000000114,0.057556,0.015613070889154684,False,False,False
House02,8,13,14,240.2,244.0,3.8000000000000114,0.168326,0.0037481134348110235,False,True,False
House02,8,14,15,259.8,260.6,0.8000000000000114,0.292414,0.07932240793281808,False,True,False
House02,8,15,16,276.4,277.8,1.400000000000034,0.459857,0.07566121105572364,False,True,False
House02,8,16,17,293.6,297.0,3.3999999999999773,0.243363,0.007562770136329381,False,True,False
House02,9,1,2,25.6,26.6,1.0,0.614749,0.1411604860125382,True,True,True
House02,9,2,3,42.4,43.4,1.0,1.035705,0.23782164943028108,True,True,True
House02,9,3,4,59.2,60.2,1.0,0.764644,0.17557981983959509,True,True,True
House02,9,4,5,76.0,79.4,3.4000000000000057,0.860154,0.026730221865460677,False,True,False
House02,9,5,6,95.2,96.0,0.7999999999999972,0.925075,0.25094276101162244,True,True,True
House02,9,6,7,111.8,112.8,1.0,0.833841,0.19146903991251854,True,True,True
House02,9,7,8,128.6,133.6,5.0,0.947582,0.007762182392389765,False,True,False
House02,9,8,9,149.4,153.6,4.199999999999989,7e-06,1.1168497095737403e-07,False,False,False
House02,9,9,10,169.4,170.4,1.0,0.0,0.0,False,False,False
House02,9,10,11,186.2,190.8,4.600000000000023,0.0,0.0,False,False,False
House02,9,11,12,206.6,207.4,0.8000000000000114,0.004007,0.0010869687791514842,False,False,False
House02,9,12,13,223.2,224.0,0.8000000000000114,0.010863,0.0029467785994316373,False,False,False
House02,9,13,14,239.8,244.8,5.0,0.065131,0.0005335250156701349,False,False,False
House02,9,14,15,260.6,261.8,1.1999999999999886,0.084481,0.016420710569402506,False,False,False
House02,9,15,16,277.6,278.4,0.7999999999999545,0.163912,0.04446399464144909,False,True,False
House02,9,16,17,294.2,299.2,5.0,0.159873,0.0013096105515074462,False,True,False
House03,0,1,2,25.0,26.0,1.0,0.088776,0.020385008037831845,False,False,False
House03,0,2,3,41.8,42.8,1.0,0.015785,0.0036245984486480095,False,True,False
House03,0,3,4,58.6,63.4,4.799999999999997,0.092619,0.0008962920458357331,False,True,False
House03,0,4,5,79.2,82.4,3.200000000000003,0.741301,0.02721468737759187,False,True,False
House03,0,5,6,98.2,99.2,1.0,0.566945,0.13018358995684168,True,True,True
House03,0,6,7,115.0,116.2,1.2000000000000028,0.748531,0.14549319850883966,True,True,True
House03,0,7,8,132.0,135.0,3.0,1.613416,0.06997413474385066,False,True,False
House03,0,8,9,150.8,151.6,0.799999999999983,0.691318,0.18753208945981117,True,True,True
House03,0,9,10,167.4,169.0,1.5999999999999943,0.819054,0.11407240782407672,True,True,True
House03,0,10,11,184.8,189.0,4.199999999999989,0.789347,0.012594028110041474,False,True,False
House03,0,11,12,204.8,207.4,2.5999999999999943,0.928469,0.05619833033364728,False,True,False
House03,0,12,13,223.2,224.4,1.200000000000017,1.447722,0.28139610027054573,True,True,True
House03,0,13,14,240.2,243.4,3.200000000000017,1.585054,0.058190598807503276,False,True,False
House03,0,14,15,259.2,260.0,0.8000000000000114,1.485361,0.4029301304639949,True,True,True
House03,0,15,16,275.8,277.0,1.1999999999999886,1.647972,0.32031902130040346,True,True,True
House03,0,16,17,292.8,296.8,4.0,1.363062,0.025691811075470902,False,True,False
House03,1,1,2,20.4,21.4,1.0,0.03993,0.009168844856161863,False,False,False
House03,1,2,3,37.2,38.2,1.0,3e-05,6.888688847604707e-06,False,False,False
House03,1,3,4,54.0,58.8,4.799999999999997,0.078127,0.0007560501480798575,False,True,False
House03,1,4,5,74.6,76.6,2.0,0.22219,0.022173168366044705,False,True,False
House03,1,5,6,92.4,93.2,0.7999999999999972,0.758289,0.20569914364212863,True,True,True
House03,1,6,7,109.0,109.8,0.7999999999999972,1.154104,0.31307087993358107,True,True,True
House03,1,7,8,125.6,128.4,2.8000000000000114,1.066132,0.05462413466001883,False,True,False
House03,1,8,9,144.2,145.0,0.8000000000000114,1.329664,0.36069459814366833,True,True,True
House03,1,9,10,160.8,162.2,1.3999999999999773,1.110725,0.18274985191020818,True,True,True
House03,1,10,11,178.0,180.4,2.4000000000000057,1.089464,0.07790248341285992,False,True,False
House03,1,11,12,196.2,197.6,1.4000000000000057,1.043513,0.17169132432993994,True,True,True
House03,1,12,13,213.4,214.4,1.0,1.848966,0.4245650487933428,True,True,True
House03,1,13,14,230.2,232.4,2.200000000000017,1.256438,0.10613579930884934,True,True,True
House03,1,14,15,248.2,249.0,0.8000000000000114,2.938284,0.797060886518677,True,True,True
House03,1,15,16,264.8,266.6,1.8000000000000114,1.567159,0.18475607206751063,True,True,True
House03,1,16,17,282.4,284.8,2.400000000000034,1.155494,0.08262398038728865,False,True,False
House03,2,1,2,19.8,20.8,1.0,0.11255,0.025844064326596985,False,False,False
House03,2,2,3,36.6,37.6,1.0,0.014702,0.0033759167812494792,False,True,False
House03,2,3,4,53.4,58.2,4.800000000000004,0.013795,0.00013349689342687644,False,True,False
House03,2,4,5,74.0,78.6,4.599999999999994,0.019018,0.0002174186082333104,False,True,False
House03,2,5,6,94.4,95.4,1.0,3.338383,0.7665693913711047,True,True,True
House03,2,6,7,111.2,113.0,1.7999999999999972,0.197604,0.023296001787201426,False,True,False
House03,2,7,8,128.8,131.0,2.1999999999999886,0.80947,0.06837881810844333,False,True,False
House03,2,8,9,146.8,147.6,0.799999999999983,1.257642,0.3411573719365268,True,True,True
House03,2,9,10,163.4,165.4,2.0,0.919872,0.09179745592155487,False,True,False
House03,2,10,11,181.2,183.2,2.0,1.00852,0.10064397029804856,True,True,True
House03,2,11,12,199.0,199.8,0.8000000000000114,1.048306,0.28437132343328564,True,True,True
House03,2,12,13,215.6,216.8,1.200000000000017,1.09034,0.2119311746101716,True,True,True
House03,2,13,14,232.6,235.2,2.5999999999999943,1.52145,0.09209025792581944,False,True,False
House03,2,14,15,251.0,253.2,2.1999999999999886,2.292545,0.1936594531735842,True,True,True
House03,2,15,16,269.0,269.8,0.8000000000000114,1.383356,0.37525949150284016,True,True,True
House03,2,16,17,285.6,288.8,3.1999999999999886,1.684014,0.06182362434353729,False,True,False
House03,3,1,2,22.0,23.0,1.0,0.076924,0.017663516697104815,False,False,False
House03,3,2,3,38.8,39.8,1.0,0.085076,0.019535403079960597,False,False,False
House03,3,3,4,55.6,60.4,4.799999999999997,0.048923,0.00047343736985307086,False,False,False
House03,3,4,5,76.2,82.4,6.200000000000003,0.0,0.0,False,False,False
House03,3,5,6,98.2,99.2,1.0,0.0,0.0,False,False,False
House03,3,6,7,115.0,118.0,3.0,2.4e-05,1.0408842070813826e-06,False,True,False
House03,3,7,8,133.8,136.8,3.0,1.18894,0.051564536215305795,False,True,False
House03,3,8,9,152.6,154.2,1.5999999999999943,0.718973,0.1001337900437577,True,True,True
House03,3,9,10,170.0,172.8,2.8000000000000114,1.023065,0.05241756210858707,False,True,False
House03,3,10,11,188.6,191.2,2.5999999999999943,0.995708,0.060268169534852825,False,True,False
House03,3,11,12,207.0,207.8,0.8000000000000114,1.252606,0.33979126892383926,True,True,True
House03,3,12,13,223.6,224.4,0.8000000000000114,1.302148,0.353230402254691,True,True,True
House03,3,13,14,240.2,243.0,2.8000000000000114,1.013923,0.0519491643500901,False,True,False
House03,3,14,15,258.8,259.6,0.8000000000000114,2.507083,0.680090079296591,True,True,True
House03,3,15,16,275.4,276.4,1.0,2.07255,0.47590506903677116,True,True,True
House03,3,16,17,292.2,296.2,4.0,1.948493,0.036726366106514245,False,True,False
House03,4,1,2,22.0,23.0,1.0,0.123556,0.028371294641821566,False,False,False
House03,4,2,3,38.8,39.8,1.0,0.053153,0.012205149277224431,False,True,False
House03,4,3,4,55.6,60.4,4.799999999999997,0.051167,0.0004951529935464317,False,True,False
House03,4,4,5,76.2,78.8,2.5999999999999943,0.131228,0.007942962546971268,False,False,False
House03,4,5,6,94.6,95.4,0.8000000000000114,0.0,0.0,False,False,False
House03,4,6,7,111.2,112.0,0.7999999999999972,0.315512,0.08558814410971977,False,True,False
House03,4,7,8,127.8,132.8,5.000000000000014,0.49256,0.004034838736062376,False,True,False
House03,4,8,9,148.6,151.0,2.4000000000000057,0.641446,0.04586680824262696,False,True,False
House03,4,9,10,166.8,170.2,3.3999999999999773,1.923845,0.05978557756489934,False,True,False
House03,4,10,11,186.0,188.0,2.0,0.537747,0.053663777709777406,False,True,False
House03,4,11,12,203.8,204.8,1.0,1.06229,0.24392617586406676,True,True,True
House03,4,12,13,220.6,221.4,0.8000000000000114,2.734045,0.7416574883442024,True,True,True
House03,4,13,14,237.2,240.4,3.200000000000017,0.927139,0.03403718333116082,False,True,False
House03,4,14,15,256.2,257.0,0.8000000000000114,2.614668,0.7092743907777521,True,True,True
House03,4,15,16,272.8,273.6,0.8000000000000114,2.151037,0.5835063792861669,True,True,True
House03,4,16,17,289.4,292.8,3.400000000000034,2.118083,0.06582173485150242,False,True,False
House03,5,1,2,21.4,22.4,1.0,0.130579,0.02998393670104583,False,False,False
House03,5,2,3,38.2,39.2,1.0,0.033008,0.007579394716057872,False,False,False
House03,5,3,4,55.0,59.8,4.799999999999997,0.127477,0.001233619679838929,False,True,False
House03,5,4,5,75.6,78.6,3.0,2.156843,0.09354265899391792,False,True,False
House03,5,5,6,94.4,95.2,0.7999999999999972,0.006944,0.001883681358230096,False,False,False
House03,5,6,7,111.0,111.8,0.7999999999999972,0.0,0.0,False,False,False
House03,5,7,8,127.6,131.4,3.8000000000000114,0.044698,0.000995289939220222,False,True,False
House03,5,8,9,147.2,149.0,1.8000000000000114,0.398959,0.047034217814517845,False,True,False
House03,5,9,10,164.8,166.2,1.3999999999999773,0.701382,0.11539981240404747,True,True,True
House03,5,10,11,182.0,184.8,2.8000000000000114,1.037976,0.05318153924454729,False,True,False
House03,5,11,12,200.6,201.4,0.8000000000000114,1.497166,0.4061324430264813,True,True,True
House03,5,12,13,217.2,218.2,1.0,1.818076,0.41747199550992575,True,True,True
House03,5,13,14,234.0,236.4,2.4000000000000057,3.489719,0.24953351052723366,True,True,True
House03,5,14,15,252.2,253.0,0.8000000000000114,0.891602,0.2418626247639185,True,True,True
House03,5,15,16,268.8,269.6,0.8000000000000114,1.18536,0.32154961618542627,True,True,True
House03,5,16,17,285.4,287.6,2.2000000000000455,1.740949,0.14706417162720137,True,True,True
House03,6,1,2,20.6,21.6,1.0,0.147854,0.03395067336245821,False,False,False
House03,6,2,3,37.4,38.4,1.0,0.039871,0.00915529710142824,False,False,False
House03,6,3,4,54.2,59.0,4.799999999999997,0.057726,0.0005586257100369636,False,True,False
House03,6,4,5,74.8,76.8,2.0,1.427129,0.14241852287260912,True,True,True
House03,6,5,6,92.6,93.6,1.0,1.731533,0.3975997355453173,True,True,True
House03,6,6,7,109.4,110.4,1.0,0.004715,0.001082672263881873,False,False,False
House03,6,7,8,126.2,128.8,2.6000000000000085,0.008953,0.0005419067857700559,False,False,False
House03,6,8,9,144.6,146.4,1.8000000000000114,0.226183,0.026665247526540543,False,True,False
House03,6,9,10,162.2,164.6,2.4000000000000057,0.624981,0.04468947297556652,False,True,False
House03,6,10,11,180.4,182.8,2.4000000000000057,0.434959,0.03110188705893369,False,True,False
House03,6,11,12,198.6,199.6,1.0,0.699025,0.1605121907232293,True,True,True
House03,6,12,13,215.4,216.2,0.799999999999983,0.757417,0.20546259840244546,True,True,True
House03,6,13,14,232.0,235.8,3.8000000000000114,0.770839,0.01716426465297277,False,True,False
House03,6,14,15,251.6,252.4,0.8000000000000114,1.454783,0.39463531356135095,True,True,True
House03,6,15,16,268.2,269.0,0.8000000000000114,1.437387,0.3899163445366145,True,True,True
House03,6,16,17,284.8,286.8,2.0,1.469123,0.14660926067522703,True,True,True
House03,7,1,2,20.2,21.2,1.0,0.104846,0.0240750490305321,False,True,False
House03,7,2,3,37.0,38.0,1.0,0.042971,0.009867128282347395,False,False,False
House03,7,3,4,53.8,58.6,4.800000000000004,0.063603,0.0006154985801108824,False,True,False
House03,7,4,5,74.4,77.4,3.0,1.367597,0.05931292162299489,False,True,False
House03,7,5,6,93.2,94.0,0.7999999999999972,1.080654,0.2931462837696985,True,True,True
House03,7,6,7,109.8,110.6,0.7999999999999972,1.393032,0.37788427560742904,True,True,True
House03,7,7,8,126.4,130.2,3.799999999999983,0.000365,8.127451514953457e-06,False,False,False
House03,7,8,9,146.0,147.2,1.1999999999999886,0.0,0.0,False,False,False
House03,7,9,10,163.0,165.0,2.0,0.256482,0.025595294877626705,False,True,False
House03,7,10,11,180.8,183.2,2.3999999999999773,0.609235,0.04356355004115311,False,True,False
House03,7,11,12,199.0,199.8,0.8000000000000114,0.606385,0.1644925288609365,True,True,True
House03,7,12,13,215.6,216.4,0.8000000000000114,1.286763,0.34905695212560545,True,True,True
House03,7,13,14,232.2,234.4,2.200000000000017,1.029241,0.08694365835515912,False,True,False
House03,7,14,15,250.2,251.4,1.200000000000017,1.293526,0.251424770776819,True,True,True
House03,7,15,16,267.2,268.0,0.8000000000000114,0.919534,0.24943966792320457,True,True,True
House03,7,16,17,283.8,287.4,3.599999999999966,1.682791,0.044266391143213187,False,True,False
House03,8,1,2,20.8,21.8,1.0,0.116474,0.026745104827863683,False,False,False
House03,8,2,3,37.6,38.6,1.0,0.056083,0.012877944554673823,False,True,False
House03,8,3,4,54.4,59.6,5.200000000000003,0.046952,0.00032556576023401045,False,True,False
House03,8,4,5,75.4,78.6,3.1999999999999886,1.614553,0.059273567888824666,False,True,False
House03,8,5,6,94.4,95.2,0.7999999999999972,0.871159,0.23631710373766882,True,True,True
House03,8,6,7,111.0,111.8,0.7999999999999972,1.67872,0.45538213849193937,True,True,True
House03,8,7,8,127.6,131.4,3.8000000000000114,0.640734,0.01426721786022484,False,True,False
House03,8,8,9,147.2,148.4,1.200000000000017,3e-06,5.831149217955086e-07,False,False,False
House03,8,9,10,164.2,166.2,2.0,0.01013,0.0010109104619831354,False,False,False
House03,8,10,11,182.0,186.2,4.199999999999989,0.437377,0.0069783482203461976,False,True,False
House03,8,11,12,202.0,202.8,0.8000000000000114,0.570974,0.15488667624338393,True,True,True
House03,8,12,13,218.6,219.8,1.200000000000017,1.364754,0.2652694739933692,True,True,True
House03,8,13,14,235.6,238.0,2.4000000000000057,0.753365,0.053869613329425484,False,True,False
House03,8,14,15,253.8,254.6,0.799999999999983,0.918212,0.24908105231900823,True,True,True
House03,8,15,16,270.4,271.2,0.8000000000000114,0.890105,0.2414565373512932,True,True,True
House03,8,16,17,287.0,291.6,4.600000000000023,0.987844,0.01129328360666848,False,True,False
House03,9,1,2,19.4,20.4,1.0,0.071706,0.01646534408354477,False,False,False
House03,9,2,3,36.2,37.2,1.0,0.022426,0.005149524536546105,False,True,False
House03,9,3,4,53.0,57.8,4.799999999999997,0.063451,0.0006140276465986795,False,True,False
House03,9,4,5,73.6,77.6,4.0,1.414245,0.02665653899413918,False,True,False
House03,9,5,6,93.4,94.2,0.7999999999999972,1.227511,0.3329838115959654,True,True,True
House03,9,6,7,110.0,111.2,1.2000000000000028,1.078651,0.2096591645032182,True,True,True
House03,9,7,8,127.0,130.0,3.0,1.681849,0.07294208594981734,False,True,False
House03,9,8,9,145.8,146.6,0.799999999999983,0.505462,0.1371154013095783,True,True,True
House03,9,9,10,162.4,164.0,1.5999999999999943,0.055437,0.007720897611809895,False,False,False
House03,9,10,11,179.8,184.0,4.199999999999989,0.457939,0.007306414845035558,False,True,False
House03,9,11,12,199.8,202.4,2.5999999999999943,0.458295,0.02773965937501293,False,True,False
House03,9,12,13,218.2,219.4,1.200000000000017,0.730163,0.14192298021432465,True,True,True
House03,9,13,14,235.2,237.2,2.0,0.787793,0.07861680015568413,False,True,False
House03,9,14,15,253.0,253.8,0.8000000000000114,1.356265,0.36791058429146184,True,True,True
House03,9,15,16,269.6,270.8,1.1999999999999886,1.064189,0.20684816183688504,True,True,True
House03,9,16,17,286.6,288.6,2.0,1.71186,0.17083289076509872,True,True,True
