t_sim_s,x,y,z
24.0,-6.363944487245359,-3.7299999999999995,0.3
24.2,-6.463944487245358,-3.7299999999999995,0.3
24.4,-6.563944487245358,-3.7299999999999995,0.3
24.6,-6.663944487245358,-3.7299999999999995,0.3
24.8,-6.763944487245357,-3.7299999999999995,0.3
25.0,-6.863944487245357,-3.7299999999999995,0.3
25.2,-6.963944487245357,-3.7299999999999995,0.3
25.4,-7.063944487245356,-3.7299999999999995,0.3
25.6,-7.163944487245356,-3.7299999999999995,0.3
25.8,-7.263944487245356,-3.7299999999999995,0.3
26.0,-7.3,-3.7299999999999995,0.3
26.2,-7.3,-3.7299999999999995,0.3
26.4,-7.3,-3.7299999999999995,0.3
26.6,-7.3,-3.7299999999999995,0.3
26.8,-7.3,-3.7299999999999995,0.3
27.0,-7.3,-3.7299999999999995,0.3
27.2,-7.3,-3.7299999999999995,0.3
27.4,-7.3,-3.7299999999999995,0.3
27.6,-7.3,-3.7299999999999995,0.3
27.8,-7.3,-3.7299999999999995,0.3
28.0,-7.3,-3.7299999999999995,0.3
