t_sim_s,step,x,y,z,yaw,is_moving,seed
0.200000,1,2.0000,0.0000,0.3000,0.0000,0,2
0.400000,2,2.0000,0.0000,0.3000,0.0000,0,2
0.600000,3,2.0000,0.0000,0.3000,0.0000,0,2
0.800000,4,2.0000,0.0000,0.3000,0.0000,0,2
1.000000,5,2.0000,0.0000,0.3000,0.0000,0,2
1.200000,6,2.0000,0.0000,0.3000,0.0000,0,2
1.400000,7,2.0000,0.0000,0.3000,0.0000,0,2
1.600000,8,2.0000,0.0000,0.3000,0.0000,0,2
1.800000,9,2.0000,0.0000,0.3000,0.0000,0,2
2.000000,10,2.0000,0.0000,0.3000,0.0000,0,2
2.200000,11,2.0000,0.0000,0.3000,0.0000,0,2
2.400000,12,2.0000,0.0000,0.3000,0.0000,0,2
2.600000,13,2.0000,0.0000,0.3000,0.0000,0,2
2.800000,14,2.0000,0.0000,0.3000,0.0000,0,2
3.000000,15,2.0000,0.0000,0.3000,0.0000,0,2
3.200000,16,2.0000,0.0000,0.3000,0.0000,0,2
3.400000,17,2.0000,0.0000,0.3000,0.0000,0,2
3.600000,18,2.0000,0.0000,0.3000,0.0000,0,2
3.800000,19,2.0000,0.0000,0.3000,0.0000,0,2
4.000000,20,2.0000,0.0000,0.3000,0.0000,0,2
4.200000,21,2.0000,0.0000,0.3000,0.0000,0,2
4.400000,22,2.0000,0.0000,0.3000,0.0000,0,2
4.600000,23,2.0000,0.0000,0.3000,0.0000,0,2
4.800000,24,2.0000,0.0000,0.3000,0.0000,0,2
5.000000,25,2.0000,0.0000,0.3000,0.0000,0,2
5.200000,26,2.0000,0.0000,0.3000,0.0000,0,2
5.400000,27,2.0000,0.0000,0.3000,0.0000,0,2
5.600000,28,2.0000,0.0000,0.3000,0.0000,0,2
5.800000,29,2.0000,0.0000,0.3000,0.0000,0,2
6.000000,30,2.0000,0.0000,0.3000,0.0000,0,2
6.200000,31,2.0000,0.0000,0.3000,0.0000,0,2
6.400000,32,2.0000,0.0000,0.3000,0.0000,0,2
6.600000,33,2.0000,0.0000,0.3000,0.0000,0,2
6.800000,34,2.0000,0.0000,0.3000,0.0000,0,2
7.000000,35,2.0000,0.0000,0.3000,0.0000,0,2
7.200000,36,2.0000,0.0000,0.3000,0.0000,0,2
7.400000,37,2.0000,0.0000,0.3000,0.0000,0,2
7.600000,38,2.0000,0.0000,0.3000,0.0000,0,2
7.800000,39,2.0000,0.0000,0.3000,0.0000,0,2
8.000000,40,2.0000,0.0000,0.3000,0.0000,0,2
8.200000,41,2.0000,0.0000,0.3000,0.0000,0,2
8.400000,42,2.0000,0.0000,0.3000,0.0000,0,2
8.600000,43,2.0000,0.0000,0.3000,0.0000,0,2
8.800000,44,2.0000,0.0000,0.3000,0.0000,0,2
9.000000,45,2.0000,0.0000,0.3000,0.0000,0,2
9.200000,46,2.0000,0.0000,0.3000,0.0000,0,2
9.400000,47,2.0000,0.0000,0.3000,0.0000,0,2
9.600000,48,2.0000,0.0000,0.3000,0.0000,0,2
9.800000,49,2.0000,0.0000,0.3000,0.0000,0,2
10.000000,50,2.0000,0.0000,0.3000,0.0000,0,2
10.200000,51,2.0000,0.0000,0.3000,0.0000,0,2
10.400000,52,2.0000,0.0000,0.3000,0.0000,0,2
10.600000,53,2.0000,0.0000,0.3000,0.0000,0,2
10.800000,54,2.0000,0.0000,0.3000,0.0000,0,2
11.000000,55,2.0000,0.0000,0.3000,0.0000,0,2
11.200000,56,2.0000,0.0000,0.3000,0.0000,0,2
11.400000,57,2.0000,0.0000,0.3000,0.0000,0,2
11.600000,58,2.0000,0.0000,0.3000,0.0000,0,2
11.800000,59,2.0000,0.0000,0.3000,0.0000,0,2
12.000000,60,2.0000,0.0000,0.3000,0.0000,0,2
12.200000,61,2.0000,0.0000,0.3000,0.0000,0,2
12.400000,62,2.0000,0.0000,0.3000,0.0000,0,2
12.600000,63,2.0000,0.0000,0.3000,0.0000,0,2
12.800000,64,2.0000,0.0000,0.3000,0.0000,0,2
13.000000,65,2.0000,0.0000,0.3000,0.0000,0,2
13.200000,66,2.0000,0.0000,0.3000,0.0000,0,2
13.400000,67,2.0000,0.0000,0.3000,0.0000,0,2
13.600000,68,2.0000,0.0000,0.3000,0.0000,0,2
13.800000,69,2.0000,0.0000,0.3000,0.0000,0,2
14.000000,70,2.0000,0.0000,0.3000,0.0000,0,2
14.200000,71,2.0000,0.0000,0.3000,0.0000,0,2
14.400000,72,2.0000,0.0000,0.3000,0.0000,0,2
14.600000,73,2.0000,0.0000,0.3000,0.0000,0,2
14.800000,74,2.0000,0.0000,0.3000,0.0000,0,2
15.000000,75,2.0000,0.0000,0.3000,0.0000,0,2
15.200000,76,2.0000,0.0000,0.3000,0.0000,0,2
15.400000,77,2.0000,0.0000,0.3000,0.0000,0,2
15.600000,78,2.0000,0.0000,0.3000,0.0000,0,2
15.800000,79,2.0000,0.0000,0.3000,0.0000,0,2
16.000000,80,2.0000,0.0000,0.3000,0.0000,0,2
16.200000,81,2.0000,0.0000,0.3000,0.0000,0,2
16.400000,82,2.0000,0.0000,0.3000,0.0000,0,2
16.600000,83,2.0000,0.0000,0.3000,0.0000,0,2
16.800000,84,2.0000,0.0000,0.3000,0.0000,0,2
17.000000,85,2.0000,0.0000,0.3000,0.0000,0,2
17.200000,86,2.0000,0.0000,0.3000,0.0000,0,2
17.400000,87,2.0000,0.0000,0.3000,0.0000,0,2
17.600000,88,2.0000,0.0000,0.3000,0.0000,0,2
17.800000,89,2.0000,0.0000,0.3000,0.0000,0,2
18.000000,90,2.0000,0.0000,0.3000,0.0000,0,2
18.200000,91,2.0000,0.0000,0.3000,0.0000,0,2
18.400000,92,1.7870,0.0870,0.3000,3.1416,1,2
18.600000,93,1.4870,0.0870,0.3000,3.1416,1,2
18.800000,94,1.2494,0.2376,0.3000,2.3562,1,2
19.000000,95,1.1000,0.3870,0.3000,-0.9766,1,2
19.200000,96,1.1000,0.3870,0.3000,-0.9766,0,2
19.400000,97,1.1000,0.3870,0.3000,-0.9766,0,2
19.600000,98,1.1000,0.3870,0.3000,-0.9766,0,2
19.800000,99,1.1000,0.3870,0.3000,-0.9766,0,2
20.000000,100,1.1000,0.3870,0.3000,-0.9766,0,2
20.200000,101,1.1000,0.3870,0.3000,-0.9766,0,2
20.400000,102,1.1000,0.3870,0.3000,-0.9766,0,2
20.600000,103,1.1000,0.3870,0.3000,-0.9766,0,2
20.800000,104,1.1000,0.3870,0.3000,-0.9766,0,2
21.000000,105,1.1000,0.3870,0.3000,-0.9766,0,2
21.200000,106,1.1000,0.3870,0.3000,-0.9766,0,2
21.400000,107,1.1000,0.3870,0.3000,-0.9766,0,2
21.600000,108,1.1000,0.3870,0.3000,-0.9766,0,2
21.800000,109,1.1000,0.3870,0.3000,-0.9766,0,2
22.000000,110,1.1000,0.3870,0.3000,-0.9766,0,2
22.200000,111,1.1000,0.3870,0.3000,-0.9766,0,2
22.400000,112,1.1000,0.3870,0.3000,-0.9766,0,2
22.600000,113,1.1000,0.3870,0.3000,-0.9766,0,2
22.800000,114,1.1000,0.3870,0.3000,-0.9766,0,2
23.000000,115,1.1000,0.3870,0.3000,-0.9766,0,2
23.200000,116,1.1000,0.3870,0.3000,-0.9766,0,2
23.400000,117,1.1000,0.3870,0.3000,-0.9766,0,2
23.600000,118,1.1000,0.3870,0.3000,-0.9766,0,2
23.800000,119,1.1000,0.3870,0.3000,-0.9766,0,2
24.000000,120,1.1000,0.3870,0.3000,-0.9766,0,2
24.200000,121,1.1000,0.3870,0.3000,-0.9766,0,2
24.400000,122,1.1000,0.3870,0.3000,-0.9766,0,2
24.600000,123,1.1000,0.3870,0.3000,-0.9766,0,2
24.800000,124,1.1000,0.3870,0.3000,-0.9766,0,2
25.000000,125,1.1000,0.3870,0.3000,-0.9766,0,2
25.200000,126,1.1000,0.3870,0.3000,-0.9766,0,2
25.400000,127,1.1000,0.3870,0.3000,-0.9766,0,2
25.600000,128,1.1000,0.3870,0.3000,-0.9766,0,2
25.800000,129,1.1000,0.3870,0.3000,-0.9766,0,2
26.000000,130,1.1000,0.3870,0.3000,-0.9766,0,2
26.200000,131,1.1000,0.3870,0.3000,-0.9766,0,2
26.400000,132,1.1000,0.3870,0.3000,-0.9766,0,2
26.600000,133,1.1000,0.3870,0.3000,-0.9766,0,2
26.800000,134,1.1000,0.3870,0.3000,-0.9766,0,2
27.000000,135,1.1000,0.3870,0.3000,-0.9766,0,2
27.200000,136,1.1000,0.3870,0.3000,-0.9766,0,2
27.400000,137,1.1000,0.3870,0.3000,-0.9766,0,2
27.600000,138,1.1000,0.3870,0.3000,-0.9766,0,2
27.800000,139,1.1000,0.3870,0.3000,-0.9766,0,2
28.000000,140,1.1000,0.3870,0.3000,-0.9766,0,2
28.200000,141,1.1000,0.3870,0.3000,-0.9766,0,2
28.400000,142,1.1000,0.3870,0.3000,-0.9766,0,2
28.600000,143,1.1000,0.3870,0.3000,-0.9766,0,2
28.800000,144,1.1000,0.3870,0.3000,-0.9766,0,2
29.000000,145,1.1000,0.3870,0.3000,-0.9766,0,2
29.200000,146,1.1000,0.3870,0.3000,-0.9766,0,2
29.400000,147,1.1000,0.3870,0.3000,-0.9766,0,2
29.600000,148,1.1000,0.3870,0.3000,-0.9766,0,2
29.800000,149,1.1000,0.3870,0.3000,-0.9766,0,2
30.000000,150,1.1000,0.3870,0.3000,-0.9766,0,2
30.200000,151,1.1000,0.3870,0.3000,-0.9766,0,2
30.400000,152,1.1000,0.3870,0.3000,-0.9766,0,2
30.600000,153,1.1000,0.3870,0.3000,-0.9766,0,2
30.800000,154,1.1000,0.3870,0.3000,-0.9766,0,2
31.000000,155,1.1000,0.3870,0.3000,-0.9766,0,2
31.200000,156,1.1000,0.3870,0.3000,-0.9766,0,2
31.400000,157,1.1000,0.3870,0.3000,-0.9766,0,2
31.600000,158,1.1000,0.3870,0.3000,-0.9766,0,2
31.800000,159,1.1000,0.3870,0.3000,-0.9766,0,2
32.000000,160,1.1000,0.3870,0.3000,-0.9766,0,2
32.200000,161,1.1000,0.3870,0.3000,-0.9766,0,2
32.400000,162,1.1000,0.3870,0.3000,-0.9766,0,2
32.600000,163,1.1000,0.3870,0.3000,-0.9766,0,2
32.800000,164,1.1000,0.3870,0.3000,-0.9766,0,2
33.000000,165,1.1000,0.3870,0.3000,-0.9766,0,2
33.200000,166,1.1000,0.3870,0.3000,-0.9766,0,2
33.400000,167,1.1000,0.3870,0.3000,-0.9766,0,2
33.600000,168,1.1000,0.3870,0.3000,-0.9766,0,2
33.800000,169,1.1000,0.3870,0.3000,-0.9766,0,2
34.000000,170,1.1000,0.3870,0.3000,-0.9766,0,2
34.200000,171,1.1000,0.3870,0.3000,-0.9766,0,2
34.400000,172,1.1000,0.3870,0.3000,-0.9766,0,2
34.600000,173,1.1000,0.3870,0.3000,-0.9766,0,2
34.800000,174,1.1000,0.3870,0.3000,-0.9766,0,2
35.000000,175,1.1000,0.3870,0.3000,-0.9766,0,2
35.200000,176,0.8000,0.3870,0.3000,3.1416,1,2
35.400000,177,0.5000,0.3870,0.3000,3.1416,1,2
35.600000,178,0.2000,0.3870,0.3000,3.1416,1,2
35.800000,179,0.2000,0.3870,0.3000,-0.6371,1,2
36.000000,180,0.2000,0.3870,0.3000,-0.6371,0,2
36.200000,181,0.2000,0.3870,0.3000,-0.6371,0,2
36.400000,182,0.2000,0.3870,0.3000,-0.6371,0,2
36.600000,183,0.2000,0.3870,0.3000,-0.6371,0,2
36.800000,184,0.2000,0.3870,0.3000,-0.6371,0,2
37.000000,185,0.2000,0.3870,0.3000,-0.6371,0,2
37.200000,186,0.2000,0.3870,0.3000,-0.6371,0,2
37.400000,187,0.2000,0.3870,0.3000,-0.6371,0,2
37.600000,188,0.2000,0.3870,0.3000,-0.6371,0,2
37.800000,189,0.2000,0.3870,0.3000,-0.6371,0,2
38.000000,190,0.2000,0.3870,0.3000,-0.6371,0,2
38.200000,191,0.2000,0.3870,0.3000,-0.6371,0,2
38.400000,192,0.2000,0.3870,0.3000,-0.6371,0,2
38.600000,193,0.2000,0.3870,0.3000,-0.6371,0,2
38.800000,194,0.2000,0.3870,0.3000,-0.6371,0,2
39.000000,195,0.2000,0.3870,0.3000,-0.6371,0,2
39.200000,196,0.2000,0.3870,0.3000,-0.6371,0,2
39.400000,197,0.2000,0.3870,0.3000,-0.6371,0,2
39.600000,198,0.2000,0.3870,0.3000,-0.6371,0,2
39.800000,199,0.2000,0.3870,0.3000,-0.6371,0,2
40.000000,200,0.2000,0.3870,0.3000,-0.6371,0,2
40.200000,201,0.2000,0.3870,0.3000,-0.6371,0,2
40.400000,202,0.2000,0.3870,0.3000,-0.6371,0,2
40.600000,203,0.2000,0.3870,0.3000,-0.6371,0,2
40.800000,204,0.2000,0.3870,0.3000,-0.6371,0,2
41.000000,205,0.2000,0.3870,0.3000,-0.6371,0,2
41.200000,206,0.2000,0.3870,0.3000,-0.6371,0,2
41.400000,207,0.2000,0.3870,0.3000,-0.6371,0,2
41.600000,208,0.2000,0.3870,0.3000,-0.6371,0,2
41.800000,209,0.2000,0.3870,0.3000,-0.6371,0,2
42.000000,210,0.2000,0.3870,0.3000,-0.6371,0,2
42.200000,211,0.2000,0.3870,0.3000,-0.6371,0,2
42.400000,212,0.2000,0.3870,0.3000,-0.6371,0,2
42.600000,213,0.2000,0.3870,0.3000,-0.6371,0,2
42.800000,214,0.2000,0.3870,0.3000,-0.6371,0,2
43.000000,215,0.2000,0.3870,0.3000,-0.6371,0,2
43.200000,216,0.2000,0.3870,0.3000,-0.6371,0,2
43.400000,217,0.2000,0.3870,0.3000,-0.6371,0,2
43.600000,218,0.2000,0.3870,0.3000,-0.6371,0,2
43.800000,219,0.2000,0.3870,0.3000,-0.6371,0,2
44.000000,220,0.2000,0.3870,0.3000,-0.6371,0,2
44.200000,221,0.2000,0.3870,0.3000,-0.6371,0,2
44.400000,222,0.2000,0.3870,0.3000,-0.6371,0,2
44.600000,223,0.2000,0.3870,0.3000,-0.6371,0,2
44.800000,224,0.2000,0.3870,0.3000,-0.6371,0,2
45.000000,225,0.2000,0.3870,0.3000,-0.6371,0,2
45.200000,226,0.2000,0.3870,0.3000,-0.6371,0,2
45.400000,227,0.2000,0.3870,0.3000,-0.6371,0,2
45.600000,228,0.2000,0.3870,0.3000,-0.6371,0,2
45.800000,229,0.2000,0.3870,0.3000,-0.6371,0,2
46.000000,230,0.2000,0.3870,0.3000,-0.6371,0,2
46.200000,231,0.2000,0.3870,0.3000,-0.6371,0,2
46.400000,232,0.2000,0.3870,0.3000,-0.6371,0,2
46.600000,233,0.2000,0.3870,0.3000,-0.6371,0,2
46.800000,234,0.2000,0.3870,0.3000,-0.6371,0,2
47.000000,235,0.2000,0.3870,0.3000,-0.6371,0,2
47.200000,236,0.2000,0.3870,0.3000,-0.6371,0,2
47.400000,237,0.2000,0.3870,0.3000,-0.6371,0,2
47.600000,238,0.2000,0.3870,0.3000,-0.6371,0,2
47.800000,239,0.2000,0.3870,0.3000,-0.6371,0,2
48.000000,240,0.2000,0.3870,0.3000,-0.6371,0,2
48.200000,241,0.2000,0.3870,0.3000,-0.6371,0,2
48.400000,242,0.2000,0.3870,0.3000,-0.6371,0,2
48.600000,243,0.2000,0.3870,0.3000,-0.6371,0,2
48.800000,244,0.2000,0.3870,0.3000,-0.6371,0,2
49.000000,245,0.2000,0.3870,0.3000,-0.6371,0,2
49.200000,246,0.2000,0.3870,0.3000,-0.6371,0,2
49.400000,247,0.2000,0.3870,0.3000,-0.6371,0,2
49.600000,248,0.2000,0.3870,0.3000,-0.6371,0,2
49.800000,249,0.2000,0.3870,0.3000,-0.6371,0,2
50.000000,250,0.2000,0.3870,0.3000,-0.6371,0,2
50.200000,251,0.2000,0.3870,0.3000,-0.6371,0,2
50.400000,252,0.2000,0.3870,0.3000,-0.6371,0,2
50.600000,253,0.2000,0.3870,0.3000,-0.6371,0,2
50.800000,254,0.2000,0.3870,0.3000,-0.6371,0,2
51.000000,255,0.2000,0.3870,0.3000,-0.6371,0,2
51.200000,256,0.2000,0.3870,0.3000,-0.6371,0,2
51.400000,257,0.2000,0.3870,0.3000,-0.6371,0,2
51.600000,258,0.2000,0.3870,0.3000,-0.6371,0,2
51.800000,259,0.2000,0.3870,0.3000,-0.6371,0,2
52.000000,260,0.5000,0.3870,0.3000,0.0000,1,2
52.200000,261,0.8000,0.3870,0.3000,0.0000,1,2
52.400000,262,1.1000,0.3870,0.3000,0.0000,1,2
52.600000,263,1.4000,0.3870,0.3000,0.0000,1,2
52.800000,264,1.7000,0.3870,0.3000,0.0000,1,2
53.000000,265,2.0000,0.3870,0.3000,0.0000,1,2
53.200000,266,2.2121,0.1749,0.3000,-0.7854,1,2
53.400000,267,2.4243,-0.0373,0.3000,-0.7854,1,2
53.600000,268,2.6364,-0.2494,0.3000,-0.7854,1,2
53.800000,269,2.8485,-0.4615,0.3000,-0.7854,1,2
54.000000,270,2.9000,-0.7402,0.3000,-1.5708,1,2
54.200000,271,2.9000,-1.0402,0.3000,-1.5708,1,2
54.400000,272,2.9000,-1.3402,0.3000,-1.5708,1,2
54.600000,273,3.1272,-1.4130,0.3000,0.0000,1,2
54.800000,274,3.4272,-1.4130,0.3000,0.0000,1,2
55.000000,275,3.7272,-1.4130,0.3000,0.0000,1,2
55.200000,276,4.0272,-1.4130,0.3000,0.0000,1,2
55.400000,277,4.3272,-1.4130,0.3000,0.0000,1,2
55.600000,278,4.6272,-1.4130,0.3000,0.0000,1,2
55.800000,279,4.8607,-1.2523,0.3000,0.7854,1,2
56.000000,280,5.0728,-1.0402,0.3000,0.7854,1,2
56.200000,281,5.2849,-0.8281,0.3000,0.7854,1,2
56.400000,282,5.4971,-0.6159,0.3000,0.7854,1,2
56.600000,283,5.7092,-0.4038,0.3000,0.7854,1,2
56.800000,284,5.9000,-0.2130,0.3000,0.1046,1,2
57.000000,285,5.9000,-0.2130,0.3000,0.1046,0,2
57.200000,286,5.9000,-0.2130,0.3000,0.1046,0,2
57.400000,287,5.9000,-0.2130,0.3000,0.1046,0,2
57.600000,288,5.9000,-0.2130,0.3000,0.1046,0,2
57.800000,289,5.9000,-0.2130,0.3000,0.1046,0,2
58.000000,290,5.9000,-0.2130,0.3000,0.1046,0,2
58.200000,291,5.9000,-0.2130,0.3000,0.1046,0,2
58.400000,292,5.9000,-0.2130,0.3000,0.1046,0,2
58.600000,293,5.9000,-0.2130,0.3000,0.1046,0,2
58.800000,294,5.9000,-0.2130,0.3000,0.1046,0,2
59.000000,295,5.9000,-0.2130,0.3000,0.1046,0,2
59.200000,296,5.9000,-0.2130,0.3000,0.1046,0,2
59.400000,297,5.9000,-0.2130,0.3000,0.1046,0,2
59.600000,298,5.9000,-0.2130,0.3000,0.1046,0,2
59.800000,299,5.9000,-0.2130,0.3000,0.1046,0,2
60.000000,300,5.9000,-0.2130,0.3000,0.1046,0,2
60.200000,301,5.9000,-0.2130,0.3000,0.1046,0,2
60.400000,302,5.9000,-0.2130,0.3000,0.1046,0,2
60.600000,303,5.9000,-0.2130,0.3000,0.1046,0,2
60.800000,304,5.9000,-0.2130,0.3000,0.1046,0,2
61.000000,305,5.9000,-0.2130,0.3000,0.1046,0,2
61.200000,306,5.9000,-0.2130,0.3000,0.1046,0,2
61.400000,307,5.9000,-0.2130,0.3000,0.1046,0,2
61.600000,308,5.9000,-0.2130,0.3000,0.1046,0,2
61.800000,309,5.9000,-0.2130,0.3000,0.1046,0,2
62.000000,310,5.9000,-0.2130,0.3000,0.1046,0,2
62.200000,311,5.9000,-0.2130,0.3000,0.1046,0,2
62.400000,312,5.9000,-0.2130,0.3000,0.1046,0,2
62.600000,313,5.9000,-0.2130,0.3000,0.1046,0,2
62.800000,314,5.9000,-0.2130,0.3000,0.1046,0,2
63.000000,315,5.9000,-0.2130,0.3000,0.1046,0,2
63.200000,316,5.9000,-0.2130,0.3000,0.1046,0,2
63.400000,317,5.9000,-0.2130,0.3000,0.1046,0,2
63.600000,318,5.9000,-0.2130,0.3000,0.1046,0,2
63.800000,319,5.9000,-0.2130,0.3000,0.1046,0,2
64.000000,320,5.9000,-0.2130,0.3000,0.1046,0,2
64.200000,321,5.9000,-0.2130,0.3000,0.1046,0,2
64.400000,322,5.9000,-0.2130,0.3000,0.1046,0,2
64.600000,323,5.9000,-0.2130,0.3000,0.1046,0,2
64.800000,324,5.9000,-0.2130,0.3000,0.1046,0,2
65.000000,325,5.9000,-0.2130,0.3000,0.1046,0,2
65.200000,326,5.9000,-0.2130,0.3000,0.1046,0,2
65.400000,327,5.9000,-0.2130,0.3000,0.1046,0,2
65.600000,328,5.9000,-0.2130,0.3000,0.1046,0,2
65.800000,329,5.9000,-0.2130,0.3000,0.1046,0,2
66.000000,330,5.9000,-0.2130,0.3000,0.1046,0,2
66.200000,331,5.9000,-0.2130,0.3000,0.1046,0,2
66.400000,332,5.9000,-0.2130,0.3000,0.1046,0,2
66.600000,333,5.9000,-0.2130,0.3000,0.1046,0,2
66.800000,334,5.9000,-0.2130,0.3000,0.1046,0,2
67.000000,335,5.9000,-0.2130,0.3000,0.1046,0,2
67.200000,336,5.9000,-0.2130,0.3000,0.1046,0,2
67.400000,337,5.9000,-0.2130,0.3000,0.1046,0,2
67.600000,338,5.9000,-0.2130,0.3000,0.1046,0,2
67.800000,339,5.9000,-0.2130,0.3000,0.1046,0,2
68.000000,340,5.9000,-0.2130,0.3000,0.1046,0,2
68.200000,341,5.9000,-0.2130,0.3000,0.1046,0,2
68.400000,342,5.9000,-0.2130,0.3000,0.1046,0,2
68.600000,343,5.9000,-0.2130,0.3000,0.1046,0,2
68.800000,344,5.9000,-0.2130,0.3000,0.1046,0,2
69.000000,345,5.9000,-0.2130,0.3000,0.1046,0,2
69.200000,346,5.9000,-0.2130,0.3000,0.1046,0,2
69.400000,347,5.9000,-0.2130,0.3000,0.1046,0,2
69.600000,348,5.9000,-0.2130,0.3000,0.1046,0,2
69.800000,349,5.9000,-0.2130,0.3000,0.1046,0,2
70.000000,350,5.9000,-0.2130,0.3000,0.1046,0,2
70.200000,351,5.9000,-0.2130,0.3000,0.1046,0,2
70.400000,352,5.9000,-0.2130,0.3000,0.1046,0,2
70.600000,353,5.9000,-0.2130,0.3000,0.1046,0,2
70.800000,354,5.9000,-0.2130,0.3000,0.1046,0,2
71.000000,355,5.9000,-0.2130,0.3000,0.1046,0,2
71.200000,356,5.9000,-0.2130,0.3000,0.1046,0,2
71.400000,357,5.9000,-0.2130,0.3000,0.1046,0,2
71.600000,358,5.9000,-0.2130,0.3000,0.1046,0,2
71.800000,359,5.9000,-0.2130,0.3000,0.1046,0,2
72.000000,360,5.9000,-0.2130,0.3000,0.1046,0,2
72.200000,361,5.9000,-0.2130,0.3000,0.1046,0,2
72.400000,362,5.9000,-0.2130,0.3000,0.1046,0,2
72.600000,363,5.9000,-0.2130,0.3000,0.1046,0,2
72.800000,364,5.9000,-0.2130,0.3000,0.1046,0,2
73.000000,365,5.6000,-0.2130,0.3000,3.1416,1,2
73.200000,366,5.3879,-0.4251,0.3000,-2.3562,1,2
73.400000,367,5.1757,-0.6373,0.3000,-2.3562,1,2
73.600000,368,4.9636,-0.8494,0.3000,-2.3562,1,2
73.800000,369,4.7515,-1.0615,0.3000,-2.3562,1,2
74.000000,370,4.5393,-1.2737,0.3000,-2.3562,1,2
74.200000,371,4.2971,-1.4130,0.3000,3.1416,1,2
74.400000,372,3.9971,-1.4130,0.3000,3.1416,1,2
74.600000,373,3.6971,-1.4130,0.3000,3.1416,1,2
74.800000,374,3.3971,-1.4130,0.3000,3.1416,1,2
75.000000,375,3.0971,-1.4130,0.3000,3.1416,1,2
75.200000,376,2.9000,-1.3101,0.3000,1.5708,1,2
75.400000,377,2.9000,-1.0101,0.3000,1.5708,1,2
75.600000,378,2.9000,-0.7101,0.3000,1.5708,1,2
75.800000,379,2.7971,-0.5130,0.3000,3.1416,1,2
76.000000,380,2.4971,-0.5130,0.3000,3.1416,1,2
76.200000,381,2.1971,-0.5130,0.3000,3.1416,1,2
76.400000,382,1.8971,-0.5130,0.3000,3.1416,1,2
76.600000,383,1.5971,-0.5130,0.3000,3.1416,1,2
76.800000,384,1.2971,-0.5130,0.3000,3.1416,1,2
77.000000,385,0.9971,-0.5130,0.3000,3.1416,1,2
77.200000,386,0.6971,-0.5130,0.3000,3.1416,1,2
77.400000,387,0.3971,-0.5130,0.3000,3.1416,1,2
77.600000,388,0.0971,-0.5130,0.3000,3.1416,1,2
77.800000,389,-0.2029,-0.5130,0.3000,3.1416,1,2
78.000000,390,-0.4000,-0.5130,0.3000,-2.0510,1,2
78.200000,391,-0.4000,-0.5130,0.3000,-2.0510,0,2
78.400000,392,-0.4000,-0.5130,0.3000,-2.0510,0,2
78.600000,393,-0.4000,-0.5130,0.3000,-2.0510,0,2
78.800000,394,-0.4000,-0.5130,0.3000,-2.0510,0,2
79.000000,395,-0.4000,-0.5130,0.3000,-2.0510,0,2
79.200000,396,-0.4000,-0.5130,0.3000,-2.0510,0,2
79.400000,397,-0.4000,-0.5130,0.3000,-2.0510,0,2
79.600000,398,-0.4000,-0.5130,0.3000,-2.0510,0,2
79.800000,399,-0.4000,-0.5130,0.3000,-2.0510,0,2
80.000000,400,-0.4000,-0.5130,0.3000,-2.0510,0,2
80.200000,401,-0.4000,-0.5130,0.3000,-2.0510,0,2
80.400000,402,-0.4000,-0.5130,0.3000,-2.0510,0,2
80.600000,403,-0.4000,-0.5130,0.3000,-2.0510,0,2
80.800000,404,-0.4000,-0.5130,0.3000,-2.0510,0,2
81.000000,405,-0.4000,-0.5130,0.3000,-2.0510,0,2
81.200000,406,-0.4000,-0.5130,0.3000,-2.0510,0,2
81.400000,407,-0.4000,-0.5130,0.3000,-2.0510,0,2
81.600000,408,-0.4000,-0.5130,0.3000,-2.0510,0,2
81.800000,409,-0.4000,-0.5130,0.3000,-2.0510,0,2
82.000000,410,-0.4000,-0.5130,0.3000,-2.0510,0,2
82.200000,411,-0.4000,-0.5130,0.3000,-2.0510,0,2
82.400000,412,-0.4000,-0.5130,0.3000,-2.0510,0,2
82.600000,413,-0.4000,-0.5130,0.3000,-2.0510,0,2
82.800000,414,-0.4000,-0.5130,0.3000,-2.0510,0,2
83.000000,415,-0.4000,-0.5130,0.3000,-2.0510,0,2
83.200000,416,-0.4000,-0.5130,0.3000,-2.0510,0,2
83.400000,417,-0.4000,-0.5130,0.3000,-2.0510,0,2
83.600000,418,-0.4000,-0.5130,0.3000,-2.0510,0,2
83.800000,419,-0.4000,-0.5130,0.3000,-2.0510,0,2
84.000000,420,-0.4000,-0.5130,0.3000,-2.0510,0,2
84.200000,421,-0.4000,-0.5130,0.3000,-2.0510,0,2
84.400000,422,-0.4000,-0.5130,0.3000,-2.0510,0,2
84.600000,423,-0.4000,-0.5130,0.3000,-2.0510,0,2
84.800000,424,-0.4000,-0.5130,0.3000,-2.0510,0,2
85.000000,425,-0.4000,-0.5130,0.3000,-2.0510,0,2
85.200000,426,-0.4000,-0.5130,0.3000,-2.0510,0,2
85.400000,427,-0.4000,-0.5130,0.3000,-2.0510,0,2
85.600000,428,-0.4000,-0.5130,0.3000,-2.0510,0,2
85.800000,429,-0.4000,-0.5130,0.3000,-2.0510,0,2
86.000000,430,-0.4000,-0.5130,0.3000,-2.0510,0,2
86.200000,431,-0.4000,-0.5130,0.3000,-2.0510,0,2
86.400000,432,-0.4000,-0.5130,0.3000,-2.0510,0,2
86.600000,433,-0.4000,-0.5130,0.3000,-2.0510,0,2
86.800000,434,-0.4000,-0.5130,0.3000,-2.0510,0,2
87.000000,435,-0.4000,-0.5130,0.3000,-2.0510,0,2
87.200000,436,-0.4000,-0.5130,0.3000,-2.0510,0,2
87.400000,437,-0.4000,-0.5130,0.3000,-2.0510,0,2
87.600000,438,-0.4000,-0.5130,0.3000,-2.0510,0,2
87.800000,439,-0.4000,-0.5130,0.3000,-2.0510,0,2
88.000000,440,-0.4000,-0.5130,0.3000,-2.0510,0,2
88.200000,441,-0.4000,-0.5130,0.3000,-2.0510,0,2
88.400000,442,-0.4000,-0.5130,0.3000,-2.0510,0,2
88.600000,443,-0.4000,-0.5130,0.3000,-2.0510,0,2
88.800000,444,-0.4000,-0.5130,0.3000,-2.0510,0,2
89.000000,445,-0.4000,-0.5130,0.3000,-2.0510,0,2
89.200000,446,-0.4000,-0.5130,0.3000,-2.0510,0,2
89.400000,447,-0.4000,-0.5130,0.3000,-2.0510,0,2
89.600000,448,-0.4000,-0.5130,0.3000,-2.0510,0,2
89.800000,449,-0.4000,-0.5130,0.3000,-2.0510,0,2
90.000000,450,-0.4000,-0.5130,0.3000,-2.0510,0,2
90.200000,451,-0.4000,-0.5130,0.3000,-2.0510,0,2
90.400000,452,-0.4000,-0.5130,0.3000,-2.0510,0,2
90.600000,453,-0.4000,-0.5130,0.3000,-2.0510,0,2
90.800000,454,-0.4000,-0.5130,0.3000,-2.0510,0,2
91.000000,455,-0.4000,-0.5130,0.3000,-2.0510,0,2
91.200000,456,-0.4000,-0.5130,0.3000,-2.0510,0,2
91.400000,457,-0.4000,-0.5130,0.3000,-2.0510,0,2
91.600000,458,-0.4000,-0.5130,0.3000,-2.0510,0,2
91.800000,459,-0.4000,-0.5130,0.3000,-2.0510,0,2
92.000000,460,-0.4000,-0.5130,0.3000,-2.0510,0,2
92.200000,461,-0.4000,-0.5130,0.3000,-2.0510,0,2
92.400000,462,-0.4000,-0.5130,0.3000,-2.0510,0,2
92.600000,463,-0.4000,-0.5130,0.3000,-2.0510,0,2
92.800000,464,-0.4000,-0.5130,0.3000,-2.0510,0,2
93.000000,465,-0.4000,-0.5130,0.3000,-2.0510,0,2
93.200000,466,-0.4000,-0.5130,0.3000,-2.0510,0,2
93.400000,467,-0.4000,-0.5130,0.3000,-2.0510,0,2
93.600000,468,-0.4000,-0.5130,0.3000,-2.0510,0,2
93.800000,469,-0.4000,-0.5130,0.3000,-2.0510,0,2
94.000000,470,-0.4000,-0.5130,0.3000,-2.0510,0,2
94.200000,471,-0.4000,-0.5130,0.3000,-2.0510,0,2
94.400000,472,-0.4000,-0.5130,0.3000,-2.0510,0,2
94.600000,473,-0.4000,-0.5130,0.3000,-2.0510,0,2
94.800000,474,-0.4000,-0.5130,0.3000,-2.0510,0,2
95.000000,475,-0.4000,-0.5130,0.3000,-2.0510,0,2
95.200000,476,-0.4000,-0.5130,0.3000,-2.0510,0,2
95.400000,477,-0.4000,-0.5130,0.3000,-2.0510,0,2
95.600000,478,-0.4000,-0.5130,0.3000,-2.0510,0,2
95.800000,479,-0.4000,-0.5130,0.3000,-2.0510,0,2
96.000000,480,-0.4000,-0.5130,0.3000,-2.0510,0,2
96.200000,481,-0.4000,-0.5130,0.3000,-2.0510,0,2
96.400000,482,-0.4000,-0.5130,0.3000,-2.0510,0,2
96.600000,483,-0.4000,-0.5130,0.3000,-2.0510,0,2
96.800000,484,-0.4000,-0.5130,0.3000,-2.0510,0,2
97.000000,485,-0.4000,-0.5130,0.3000,-2.0510,0,2
97.200000,486,-0.4000,-0.5130,0.3000,-2.0510,0,2
97.400000,487,-0.4000,-0.5130,0.3000,-2.0510,0,2
97.600000,488,-0.4000,-0.5130,0.3000,-2.0510,0,2
97.800000,489,-0.4000,-0.5130,0.3000,-2.0510,0,2
98.000000,490,-0.4000,-0.5130,0.3000,-2.0510,0,2
98.200000,491,-0.4000,-0.5130,0.3000,-2.0510,0,2
98.400000,492,-0.4000,-0.5130,0.3000,-2.0510,0,2
98.600000,493,-0.4000,-0.5130,0.3000,-2.0510,0,2
98.800000,494,-0.4000,-0.5130,0.3000,-2.0510,0,2
99.000000,495,-0.4000,-0.5130,0.3000,-2.0510,0,2
99.200000,496,-0.4000,-0.5130,0.3000,-2.0510,0,2
99.400000,497,-0.4000,-0.5130,0.3000,-2.0510,0,2
99.600000,498,-0.4000,-0.5130,0.3000,-2.0510,0,2
99.800000,499,-0.4000,-0.5130,0.3000,-2.0510,0,2
100.000000,500,-0.4000,-0.5130,0.3000,-2.0510,0,2
100.200000,501,-0.4000,-0.5130,0.3000,-2.0510,0,2
100.400000,502,-0.4000,-0.5130,0.3000,-2.0510,0,2
100.600000,503,-0.4000,-0.5130,0.3000,-2.0510,0,2
100.800000,504,-0.4000,-0.5130,0.3000,-2.0510,0,2
101.000000,505,-0.4000,-0.5130,0.3000,-2.0510,0,2
101.200000,506,-0.4000,-0.5130,0.3000,-2.0510,0,2
101.400000,507,-0.4000,-0.5130,0.3000,-2.0510,0,2
101.600000,508,-0.4000,-0.5130,0.3000,-2.0510,0,2
101.800000,509,-0.4000,-0.5130,0.3000,-2.0510,0,2
102.000000,510,-0.4000,-0.5130,0.3000,-2.0510,0,2
102.200000,511,-0.4000,-0.5130,0.3000,-2.0510,0,2
102.400000,512,-0.4000,-0.5130,0.3000,-2.0510,0,2
102.600000,513,-0.4000,-0.5130,0.3000,-2.0510,0,2
102.800000,514,-0.4000,-0.5130,0.3000,-2.0510,0,2
103.000000,515,-0.4000,-0.5130,0.3000,-2.0510,0,2
103.200000,516,-0.4000,-0.5130,0.3000,-2.0510,0,2
103.400000,517,-0.4000,-0.5130,0.3000,-2.0510,0,2
103.600000,518,-0.4000,-0.5130,0.3000,-2.0510,0,2
103.800000,519,-0.4000,-0.5130,0.3000,-2.0510,0,2
104.000000,520,-0.4000,-0.5130,0.3000,-2.0510,0,2
104.200000,521,-0.4000,-0.5130,0.3000,-2.0510,0,2
104.400000,522,-0.4000,-0.5130,0.3000,-2.0510,0,2
104.600000,523,-0.4000,-0.5130,0.3000,-2.0510,0,2
104.800000,524,-0.4000,-0.5130,0.3000,-2.0510,0,2
105.000000,525,-0.4000,-0.5130,0.3000,-2.0510,0,2
105.200000,526,-0.4000,-0.5130,0.3000,-2.0510,0,2
105.400000,527,-0.4000,-0.5130,0.3000,-2.0510,0,2
105.600000,528,-0.4000,-0.5130,0.3000,-2.0510,0,2
105.800000,529,-0.4000,-0.5130,0.3000,-2.0510,0,2
106.000000,530,-0.4000,-0.5130,0.3000,-2.0510,0,2
106.200000,531,-0.4000,-0.5130,0.3000,-2.0510,0,2
106.400000,532,-0.4000,-0.5130,0.3000,-2.0510,0,2
106.600000,533,-0.4000,-0.5130,0.3000,-2.0510,0,2
106.800000,534,-0.4000,-0.5130,0.3000,-2.0510,0,2
107.000000,535,-0.4000,-0.5130,0.3000,-2.0510,0,2
107.200000,536,-0.4000,-0.5130,0.3000,-2.0510,0,2
107.400000,537,-0.4000,-0.5130,0.3000,-2.0510,0,2
107.600000,538,-0.4000,-0.5130,0.3000,-2.0510,0,2
107.800000,539,-0.4000,-0.5130,0.3000,-2.0510,0,2
108.000000,540,-0.4000,-0.5130,0.3000,-2.0510,0,2
108.200000,541,-0.4000,-0.5130,0.3000,-2.0510,0,2
108.400000,542,-0.4000,-0.5130,0.3000,-2.0510,0,2
108.600000,543,-0.4000,-0.5130,0.3000,-2.0510,0,2
108.800000,544,-0.4000,-0.5130,0.3000,-2.0510,0,2
109.000000,545,-0.4000,-0.5130,0.3000,-2.0510,0,2
109.200000,546,-0.4000,-0.5130,0.3000,-2.0510,0,2
109.400000,547,-0.4000,-0.5130,0.3000,-2.0510,0,2
109.600000,548,-0.4000,-0.5130,0.3000,-2.0510,0,2
109.800000,549,-0.4000,-0.5130,0.3000,-2.0510,0,2
110.000000,550,-0.4000,-0.5130,0.3000,-2.0510,0,2
110.200000,551,-0.4000,-0.5130,0.3000,-2.0510,0,2
110.400000,552,-0.4000,-0.5130,0.3000,-2.0510,0,2
110.600000,553,-0.4000,-0.5130,0.3000,-2.0510,0,2
110.800000,554,-0.4000,-0.5130,0.3000,-2.0510,0,2
111.000000,555,-0.4000,-0.5130,0.3000,-2.0510,0,2
111.200000,556,-0.4000,-0.5130,0.3000,-2.0510,0,2
111.400000,557,-0.4000,-0.5130,0.3000,-2.0510,0,2
111.600000,558,-0.4000,-0.5130,0.3000,-2.0510,0,2
111.800000,559,-0.4000,-0.5130,0.3000,-2.0510,0,2
112.000000,560,-0.4000,-0.5130,0.3000,-2.0510,0,2
112.200000,561,-0.4000,-0.5130,0.3000,-2.0510,0,2
112.400000,562,-0.4000,-0.5130,0.3000,-2.0510,0,2
112.600000,563,-0.4000,-0.5130,0.3000,-2.0510,0,2
112.800000,564,-0.4000,-0.5130,0.3000,-2.0510,0,2
113.000000,565,-0.4000,-0.5130,0.3000,-2.0510,0,2
113.200000,566,-0.4000,-0.5130,0.3000,-2.0510,0,2
113.400000,567,-0.4000,-0.5130,0.3000,-2.0510,0,2
113.600000,568,-0.4000,-0.5130,0.3000,-2.0510,0,2
113.800000,569,-0.4000,-0.5130,0.3000,-2.0510,0,2
114.000000,570,-0.4000,-0.5130,0.3000,-2.0510,0,2
114.200000,571,-0.4000,-0.5130,0.3000,-2.0510,0,2
114.400000,572,-0.4000,-0.5130,0.3000,-2.0510,0,2
114.600000,573,-0.4000,-0.5130,0.3000,-2.0510,0,2
114.800000,574,-0.4000,-0.5130,0.3000,-2.0510,0,2
115.000000,575,-0.4000,-0.5130,0.3000,-2.0510,0,2
115.200000,576,-0.4000,-0.5130,0.3000,-2.0510,0,2
115.400000,577,-0.4000,-0.5130,0.3000,-2.0510,0,2
115.600000,578,-0.4000,-0.5130,0.3000,-2.0510,0,2
115.800000,579,-0.4000,-0.5130,0.3000,-2.0510,0,2
116.000000,580,-0.4000,-0.5130,0.3000,-2.0510,0,2
116.200000,581,-0.4000,-0.5130,0.3000,-2.0510,0,2
116.400000,582,-0.4000,-0.5130,0.3000,-2.0510,0,2
116.600000,583,-0.4000,-0.5130,0.3000,-2.0510,0,2
116.800000,584,-0.4000,-0.5130,0.3000,-2.0510,0,2
117.000000,585,-0.4000,-0.5130,0.3000,-2.0510,0,2
117.200000,586,-0.4000,-0.5130,0.3000,-2.0510,0,2
117.400000,587,-0.4000,-0.5130,0.3000,-2.0510,0,2
117.600000,588,-0.4000,-0.5130,0.3000,-2.0510,0,2
117.800000,589,-0.4000,-0.5130,0.3000,-2.0510,0,2
118.000000,590,-0.4000,-0.5130,0.3000,-2.0510,0,2
118.200000,591,-0.4000,-0.5130,0.3000,-2.0510,0,2
118.400000,592,-0.4000,-0.5130,0.3000,-2.0510,0,2
118.600000,593,-0.4000,-0.5130,0.3000,-2.0510,0,2
118.800000,594,-0.4000,-0.5130,0.3000,-2.0510,0,2
119.000000,595,-0.4000,-0.5130,0.3000,-2.0510,0,2
119.200000,596,-0.4000,-0.5130,0.3000,-2.0510,0,2
119.400000,597,-0.4000,-0.5130,0.3000,-2.0510,0,2
119.600000,598,-0.4000,-0.5130,0.3000,-2.0510,0,2
119.800000,599,-0.4000,-0.5130,0.3000,-2.0510,0,2
120.000000,600,-0.4000,-0.5130,0.3000,-2.0510,0,2
120.200000,601,-0.4000,-0.5130,0.3000,-2.0510,0,2
120.400000,602,-0.4000,-0.5130,0.3000,-2.0510,0,2
120.600000,603,-0.4000,-0.5130,0.3000,-2.0510,0,2
120.800000,604,-0.4000,-0.5130,0.3000,-2.0510,0,2
121.000000,605,-0.4000,-0.5130,0.3000,-2.0510,0,2
121.200000,606,-0.4000,-0.5130,0.3000,-2.0510,0,2
121.400000,607,-0.4000,-0.5130,0.3000,-2.0510,0,2
121.600000,608,-0.4000,-0.5130,0.3000,-2.0510,0,2
121.800000,609,-0.4000,-0.5130,0.3000,-2.0510,0,2
122.000000,610,-0.4000,-0.5130,0.3000,-2.0510,0,2
122.200000,611,-0.4000,-0.5130,0.3000,-2.0510,0,2
122.400000,612,-0.4000,-0.5130,0.3000,-2.0510,0,2
122.600000,613,-0.4000,-0.5130,0.3000,-2.0510,0,2
122.800000,614,-0.4000,-0.5130,0.3000,-2.0510,0,2
123.000000,615,-0.4000,-0.5130,0.3000,-2.0510,0,2
123.200000,616,-0.4000,-0.5130,0.3000,-2.0510,0,2
123.400000,617,-0.4000,-0.5130,0.3000,-2.0510,0,2
123.600000,618,-0.4000,-0.5130,0.3000,-2.0510,0,2
123.800000,619,-0.4000,-0.5130,0.3000,-2.0510,0,2
124.000000,620,-0.4000,-0.5130,0.3000,-2.0510,0,2
124.200000,621,-0.4000,-0.5130,0.3000,-2.0510,0,2
124.400000,622,-0.4000,-0.5130,0.3000,-2.0510,0,2
124.600000,623,-0.4000,-0.5130,0.3000,-2.0510,0,2
124.800000,624,-0.4000,-0.5130,0.3000,-2.0510,0,2
125.000000,625,-0.4000,-0.5130,0.3000,-2.0510,0,2
125.200000,626,-0.4000,-0.5130,0.3000,-2.0510,0,2
125.400000,627,-0.4000,-0.5130,0.3000,-2.0510,0,2
125.600000,628,-0.4000,-0.5130,0.3000,-2.0510,0,2
125.800000,629,-0.4000,-0.5130,0.3000,-2.0510,0,2
126.000000,630,-0.4000,-0.5130,0.3000,-2.0510,0,2
126.200000,631,-0.4000,-0.5130,0.3000,-2.0510,0,2
126.400000,632,-0.4000,-0.5130,0.3000,-2.0510,0,2
126.600000,633,-0.1000,-0.5130,0.3000,0.0000,1,2
126.800000,634,0.2000,-0.5130,0.3000,0.0000,1,2
127.000000,635,0.5000,-0.5130,0.3000,0.0000,1,2
127.200000,636,0.8000,-0.5130,0.3000,0.0000,1,2
127.400000,637,1.1000,-0.5130,0.3000,0.0000,1,2
127.600000,638,1.4000,-0.5130,0.3000,0.0000,1,2
127.800000,639,1.7000,-0.5130,0.3000,0.0000,1,2
128.000000,640,2.0000,-0.5130,0.3000,0.0000,1,2
128.200000,641,2.3000,-0.5130,0.3000,0.0000,1,2
128.400000,642,2.6000,-0.5130,0.3000,0.0000,1,2
128.600000,643,2.9000,-0.5130,0.3000,0.0000,1,2
128.800000,644,2.9000,-0.8130,0.3000,-1.5708,1,2
129.000000,645,2.9000,-1.1130,0.3000,-1.5708,1,2
129.200000,646,2.9000,-1.4130,0.3000,-1.5708,1,2
129.400000,647,3.2000,-1.4130,0.3000,0.0000,1,2
129.600000,648,3.5000,-1.4130,0.3000,0.0000,1,2
129.800000,649,3.8000,-1.4130,0.3000,0.0000,1,2
130.000000,650,4.1000,-1.4130,0.3000,0.0000,1,2
130.200000,651,4.4000,-1.4130,0.3000,0.0000,1,2
130.400000,652,4.7000,-1.4130,0.3000,0.0000,1,2
130.600000,653,5.0000,-1.4130,0.3000,0.0000,1,2
130.800000,654,5.3000,-1.4130,0.3000,0.0000,1,2
131.000000,655,5.6000,-1.4130,0.3000,0.0000,1,2
131.200000,656,5.9000,-1.4130,0.3000,0.0000,1,2
131.400000,657,6.2000,-1.4130,0.3000,0.0000,1,2
131.600000,658,6.5000,-1.4130,0.3000,0.0000,1,2
131.800000,659,6.7121,-1.2009,0.3000,0.7854,1,2
132.000000,660,6.9243,-0.9887,0.3000,0.7854,1,2
132.200000,661,7.1364,-0.7766,0.3000,0.7854,1,2
132.400000,662,7.3485,-0.5645,0.3000,0.7854,1,2
132.600000,663,7.5607,-0.3523,0.3000,0.7854,1,2
132.800000,664,7.7000,-0.2130,0.3000,0.2070,1,2
133.000000,665,7.7000,-0.2130,0.3000,0.2070,0,2
133.200000,666,7.7000,-0.2130,0.3000,0.2070,0,2
133.400000,667,7.7000,-0.2130,0.3000,0.2070,0,2
133.600000,668,7.7000,-0.2130,0.3000,0.2070,0,2
133.800000,669,7.7000,-0.2130,0.3000,0.2070,0,2
134.000000,670,7.7000,-0.2130,0.3000,0.2070,0,2
134.200000,671,7.7000,-0.2130,0.3000,0.2070,0,2
134.400000,672,7.7000,-0.2130,0.3000,0.2070,0,2
134.600000,673,7.7000,-0.2130,0.3000,0.2070,0,2
134.800000,674,7.7000,-0.2130,0.3000,0.2070,0,2
135.000000,675,7.7000,-0.2130,0.3000,0.2070,0,2
135.200000,676,7.7000,-0.2130,0.3000,0.2070,0,2
135.400000,677,7.7000,-0.2130,0.3000,0.2070,0,2
135.600000,678,7.7000,-0.2130,0.3000,0.2070,0,2
135.800000,679,7.7000,-0.2130,0.3000,0.2070,0,2
136.000000,680,7.7000,-0.2130,0.3000,0.2070,0,2
136.200000,681,7.7000,-0.2130,0.3000,0.2070,0,2
136.400000,682,7.7000,-0.2130,0.3000,0.2070,0,2
136.600000,683,7.7000,-0.2130,0.3000,0.2070,0,2
136.800000,684,7.7000,-0.2130,0.3000,0.2070,0,2
137.000000,685,7.7000,-0.2130,0.3000,0.2070,0,2
137.200000,686,7.7000,-0.2130,0.3000,0.2070,0,2
137.400000,687,7.7000,-0.2130,0.3000,0.2070,0,2
137.600000,688,7.7000,-0.2130,0.3000,0.2070,0,2
137.800000,689,7.7000,-0.2130,0.3000,0.2070,0,2
138.000000,690,7.7000,-0.2130,0.3000,0.2070,0,2
138.200000,691,7.7000,-0.2130,0.3000,0.2070,0,2
138.400000,692,7.7000,-0.2130,0.3000,0.2070,0,2
138.600000,693,7.7000,-0.2130,0.3000,0.2070,0,2
138.800000,694,7.7000,-0.2130,0.3000,0.2070,0,2
139.000000,695,7.7000,-0.2130,0.3000,0.2070,0,2
139.200000,696,7.7000,-0.2130,0.3000,0.2070,0,2
139.400000,697,7.7000,-0.2130,0.3000,0.2070,0,2
139.600000,698,7.7000,-0.2130,0.3000,0.2070,0,2
139.800000,699,7.7000,-0.2130,0.3000,0.2070,0,2
140.000000,700,7.7000,-0.2130,0.3000,0.2070,0,2
140.200000,701,7.7000,-0.2130,0.3000,0.2070,0,2
140.400000,702,7.7000,-0.2130,0.3000,0.2070,0,2
140.600000,703,7.7000,-0.2130,0.3000,0.2070,0,2
140.800000,704,7.7000,-0.2130,0.3000,0.2070,0,2
141.000000,705,7.7000,-0.2130,0.3000,0.2070,0,2
141.200000,706,7.7000,-0.2130,0.3000,0.2070,0,2
141.400000,707,7.7000,-0.2130,0.3000,0.2070,0,2
141.600000,708,7.7000,-0.2130,0.3000,0.2070,0,2
141.800000,709,7.7000,-0.2130,0.3000,0.2070,0,2
142.000000,710,7.7000,-0.2130,0.3000,0.2070,0,2
142.200000,711,7.7000,-0.2130,0.3000,0.2070,0,2
142.400000,712,7.7000,-0.2130,0.3000,0.2070,0,2
142.600000,713,7.7000,-0.2130,0.3000,0.2070,0,2
142.800000,714,7.7000,-0.2130,0.3000,0.2070,0,2
143.000000,715,7.7000,-0.2130,0.3000,0.2070,0,2
143.200000,716,7.7000,-0.2130,0.3000,0.2070,0,2
143.400000,717,7.7000,-0.2130,0.3000,0.2070,0,2
143.600000,718,7.7000,-0.2130,0.3000,0.2070,0,2
143.800000,719,7.7000,-0.2130,0.3000,0.2070,0,2
144.000000,720,7.7000,-0.2130,0.3000,0.2070,0,2
144.200000,721,7.7000,-0.2130,0.3000,0.2070,0,2
144.400000,722,7.7000,-0.2130,0.3000,0.2070,0,2
144.600000,723,7.7000,-0.2130,0.3000,0.2070,0,2
144.800000,724,7.7000,-0.2130,0.3000,0.2070,0,2
145.000000,725,7.7000,-0.2130,0.3000,0.2070,0,2
145.200000,726,7.7000,-0.2130,0.3000,0.2070,0,2
145.400000,727,7.7000,-0.2130,0.3000,0.2070,0,2
145.600000,728,7.7000,-0.2130,0.3000,0.2070,0,2
145.800000,729,7.7000,-0.2130,0.3000,0.2070,0,2
146.000000,730,7.7000,-0.2130,0.3000,0.2070,0,2
146.200000,731,7.7000,-0.2130,0.3000,0.2070,0,2
146.400000,732,7.7000,-0.2130,0.3000,0.2070,0,2
146.600000,733,7.7000,-0.2130,0.3000,0.2070,0,2
146.800000,734,7.7000,-0.2130,0.3000,0.2070,0,2
147.000000,735,7.7000,-0.2130,0.3000,0.2070,0,2
147.200000,736,7.7000,-0.2130,0.3000,0.2070,0,2
147.400000,737,7.7000,-0.2130,0.3000,0.2070,0,2
147.600000,738,7.7000,-0.2130,0.3000,0.2070,0,2
147.800000,739,7.7000,-0.2130,0.3000,0.2070,0,2
148.000000,740,7.7000,-0.2130,0.3000,0.2070,0,2
148.200000,741,7.7000,-0.2130,0.3000,0.2070,0,2
148.400000,742,7.7000,-0.2130,0.3000,0.2070,0,2
148.600000,743,7.7000,-0.2130,0.3000,0.2070,0,2
148.800000,744,7.7000,-0.2130,0.3000,0.2070,0,2
149.000000,745,7.4000,-0.2130,0.3000,3.1416,1,2
149.200000,746,7.1000,-0.2130,0.3000,3.1416,1,2
149.400000,747,6.8000,-0.2130,0.3000,3.1416,1,2
149.600000,748,6.5000,-0.2130,0.3000,3.1416,1,2
149.800000,749,6.2000,-0.2130,0.3000,3.1416,1,2
150.000000,750,5.9000,-0.2130,0.3000,3.1416,1,2
150.200000,751,5.6000,-0.2130,0.3000,3.1416,1,2
150.400000,752,5.3879,-0.4251,0.3000,-2.3562,1,2
150.600000,753,5.1757,-0.6373,0.3000,-2.3562,1,2
150.800000,754,4.9636,-0.8494,0.3000,-2.3562,1,2
151.000000,755,4.7515,-1.0615,0.3000,-2.3562,1,2
151.200000,756,4.5393,-1.2737,0.3000,-2.3562,1,2
151.400000,757,4.2971,-1.4130,0.3000,3.1416,1,2
151.600000,758,3.9971,-1.4130,0.3000,3.1416,1,2
151.800000,759,3.6971,-1.4130,0.3000,3.1416,1,2
152.000000,760,3.3971,-1.4130,0.3000,3.1416,1,2
152.200000,761,3.0971,-1.4130,0.3000,3.1416,1,2
152.400000,762,2.9000,-1.3101,0.3000,1.5708,1,2
152.600000,763,2.9000,-1.0101,0.3000,1.5708,1,2
152.800000,764,2.9000,-0.7101,0.3000,1.5708,1,2
153.000000,765,2.7971,-0.5130,0.3000,3.1416,1,2
153.200000,766,2.4971,-0.5130,0.3000,3.1416,1,2
153.400000,767,2.1971,-0.5130,0.3000,3.1416,1,2
153.600000,768,1.8971,-0.5130,0.3000,3.1416,1,2
153.800000,769,1.5971,-0.5130,0.3000,3.1416,1,2
154.000000,770,1.2971,-0.5130,0.3000,3.1416,1,2
154.200000,771,0.9971,-0.5130,0.3000,3.1416,1,2
154.400000,772,0.6971,-0.5130,0.3000,3.1416,1,2
154.600000,773,0.3971,-0.5130,0.3000,3.1416,1,2
154.800000,774,0.0971,-0.5130,0.3000,3.1416,1,2
155.000000,775,-0.2029,-0.5130,0.3000,3.1416,1,2
155.200000,776,-0.4000,-0.5130,0.3000,-2.0510,1,2
155.400000,777,-0.4000,-0.5130,0.3000,-2.0510,0,2
155.600000,778,-0.4000,-0.5130,0.3000,-2.0510,0,2
155.800000,779,-0.4000,-0.5130,0.3000,-2.0510,0,2
156.000000,780,-0.4000,-0.5130,0.3000,-2.0510,0,2
156.200000,781,-0.4000,-0.5130,0.3000,-2.0510,0,2
156.400000,782,-0.4000,-0.5130,0.3000,-2.0510,0,2
156.600000,783,-0.4000,-0.5130,0.3000,-2.0510,0,2
156.800000,784,-0.4000,-0.5130,0.3000,-2.0510,0,2
157.000000,785,-0.4000,-0.5130,0.3000,-2.0510,0,2
157.200000,786,-0.4000,-0.5130,0.3000,-2.0510,0,2
157.400000,787,-0.4000,-0.5130,0.3000,-2.0510,0,2
157.600000,788,-0.4000,-0.5130,0.3000,-2.0510,0,2
157.800000,789,-0.4000,-0.5130,0.3000,-2.0510,0,2
158.000000,790,-0.4000,-0.5130,0.3000,-2.0510,0,2
158.200000,791,-0.4000,-0.5130,0.3000,-2.0510,0,2
158.400000,792,-0.4000,-0.5130,0.3000,-2.0510,0,2
158.600000,793,-0.4000,-0.5130,0.3000,-2.0510,0,2
158.800000,794,-0.4000,-0.5130,0.3000,-2.0510,0,2
159.000000,795,-0.4000,-0.5130,0.3000,-2.0510,0,2
159.200000,796,-0.4000,-0.5130,0.3000,-2.0510,0,2
159.400000,797,-0.4000,-0.5130,0.3000,-2.0510,0,2
159.600000,798,-0.4000,-0.5130,0.3000,-2.0510,0,2
159.800000,799,-0.4000,-0.5130,0.3000,-2.0510,0,2
160.000000,800,-0.4000,-0.5130,0.3000,-2.0510,0,2
160.200000,801,-0.4000,-0.5130,0.3000,-2.0510,0,2
160.400000,802,-0.4000,-0.5130,0.3000,-2.0510,0,2
160.600000,803,-0.4000,-0.5130,0.3000,-2.0510,0,2
160.800000,804,-0.4000,-0.5130,0.3000,-2.0510,0,2
161.000000,805,-0.4000,-0.5130,0.3000,-2.0510,0,2
161.200000,806,-0.4000,-0.5130,0.3000,-2.0510,0,2
161.400000,807,-0.4000,-0.5130,0.3000,-2.0510,0,2
161.600000,808,-0.4000,-0.5130,0.3000,-2.0510,0,2
161.800000,809,-0.4000,-0.5130,0.3000,-2.0510,0,2
162.000000,810,-0.4000,-0.5130,0.3000,-2.0510,0,2
162.200000,811,-0.4000,-0.5130,0.3000,-2.0510,0,2
162.400000,812,-0.4000,-0.5130,0.3000,-2.0510,0,2
162.600000,813,-0.4000,-0.5130,0.3000,-2.0510,0,2
162.800000,814,-0.4000,-0.5130,0.3000,-2.0510,0,2
163.000000,815,-0.4000,-0.5130,0.3000,-2.0510,0,2
163.200000,816,-0.4000,-0.5130,0.3000,-2.0510,0,2
163.400000,817,-0.4000,-0.5130,0.3000,-2.0510,0,2
163.600000,818,-0.4000,-0.5130,0.3000,-2.0510,0,2
163.800000,819,-0.4000,-0.5130,0.3000,-2.0510,0,2
164.000000,820,-0.4000,-0.5130,0.3000,-2.0510,0,2
164.200000,821,-0.4000,-0.5130,0.3000,-2.0510,0,2
164.400000,822,-0.4000,-0.5130,0.3000,-2.0510,0,2
164.600000,823,-0.4000,-0.5130,0.3000,-2.0510,0,2
164.800000,824,-0.4000,-0.5130,0.3000,-2.0510,0,2
165.000000,825,-0.4000,-0.5130,0.3000,-2.0510,0,2
165.200000,826,-0.4000,-0.5130,0.3000,-2.0510,0,2
165.400000,827,-0.4000,-0.5130,0.3000,-2.0510,0,2
165.600000,828,-0.4000,-0.5130,0.3000,-2.0510,0,2
165.800000,829,-0.4000,-0.5130,0.3000,-2.0510,0,2
166.000000,830,-0.4000,-0.5130,0.3000,-2.0510,0,2
166.200000,831,-0.4000,-0.5130,0.3000,-2.0510,0,2
166.400000,832,-0.4000,-0.5130,0.3000,-2.0510,0,2
166.600000,833,-0.4000,-0.5130,0.3000,-2.0510,0,2
166.800000,834,-0.4000,-0.5130,0.3000,-2.0510,0,2
167.000000,835,-0.4000,-0.5130,0.3000,-2.0510,0,2
167.200000,836,-0.4000,-0.5130,0.3000,-2.0510,0,2
167.400000,837,-0.4000,-0.5130,0.3000,-2.0510,0,2
167.600000,838,-0.4000,-0.5130,0.3000,-2.0510,0,2
167.800000,839,-0.4000,-0.5130,0.3000,-2.0510,0,2
168.000000,840,-0.4000,-0.5130,0.3000,-2.0510,0,2
168.200000,841,-0.4000,-0.5130,0.3000,-2.0510,0,2
168.400000,842,-0.4000,-0.5130,0.3000,-2.0510,0,2
168.600000,843,-0.4000,-0.5130,0.3000,-2.0510,0,2
168.800000,844,-0.4000,-0.5130,0.3000,-2.0510,0,2
169.000000,845,-0.4000,-0.5130,0.3000,-2.0510,0,2
169.200000,846,-0.4000,-0.5130,0.3000,-2.0510,0,2
169.400000,847,-0.4000,-0.5130,0.3000,-2.0510,0,2
169.600000,848,-0.4000,-0.5130,0.3000,-2.0510,0,2
169.800000,849,-0.4000,-0.5130,0.3000,-2.0510,0,2
170.000000,850,-0.4000,-0.5130,0.3000,-2.0510,0,2
170.200000,851,-0.4000,-0.5130,0.3000,-2.0510,0,2
170.400000,852,-0.4000,-0.5130,0.3000,-2.0510,0,2
170.600000,853,-0.4000,-0.5130,0.3000,-2.0510,0,2
170.800000,854,-0.4000,-0.5130,0.3000,-2.0510,0,2
171.000000,855,-0.4000,-0.5130,0.3000,-2.0510,0,2
171.200000,856,-0.4000,-0.5130,0.3000,-2.0510,0,2
171.400000,857,-0.1000,-0.5130,0.3000,0.0000,1,2
171.600000,858,0.2000,-0.5130,0.3000,0.0000,1,2
171.800000,859,0.5000,-0.5130,0.3000,0.0000,1,2
172.000000,860,0.8000,-0.5130,0.3000,0.0000,1,2
172.200000,861,1.1000,-0.5130,0.3000,0.0000,1,2
172.400000,862,1.4000,-0.5130,0.3000,0.0000,1,2
172.600000,863,1.7000,-0.5130,0.3000,0.0000,1,2
172.800000,864,2.0000,-0.5130,0.3000,0.0000,1,2
173.000000,865,2.3000,-0.5130,0.3000,0.0000,1,2
173.200000,866,2.6000,-0.5130,0.3000,0.0000,1,2
173.400000,867,2.9000,-0.5130,0.3000,0.0000,1,2
173.600000,868,2.9000,-0.8130,0.3000,-1.5708,1,2
173.800000,869,2.9000,-1.1130,0.3000,-1.5708,1,2
174.000000,870,2.9000,-1.4130,0.3000,-1.5708,1,2
174.200000,871,3.2000,-1.4130,0.3000,0.0000,1,2
174.400000,872,3.5000,-1.4130,0.3000,0.0000,1,2
174.600000,873,3.8000,-1.4130,0.3000,0.0000,1,2
174.800000,874,4.1000,-1.4130,0.3000,0.0000,1,2
175.000000,875,4.4000,-1.4130,0.3000,0.0000,1,2
175.200000,876,4.7000,-1.4130,0.3000,0.0000,1,2
175.400000,877,5.0000,-1.4130,0.3000,0.0000,1,2
175.600000,878,5.3000,-1.4130,0.3000,0.0000,1,2
175.800000,879,5.6000,-1.4130,0.3000,0.0000,1,2
176.000000,880,5.9000,-1.4130,0.3000,0.0000,1,2
176.200000,881,6.2000,-1.4130,0.3000,0.0000,1,2
176.400000,882,6.5000,-1.4130,0.3000,0.0000,1,2
176.600000,883,6.8000,-1.4130,0.3000,0.0000,1,2
176.800000,884,7.1000,-1.4130,0.3000,0.0000,1,2
177.000000,885,7.4000,-1.4130,0.3000,0.0000,1,2
177.200000,886,7.7000,-1.4130,0.3000,0.0000,1,2
177.400000,887,8.0000,-1.4130,0.3000,0.0000,1,2
177.600000,888,8.3000,-1.4130,0.3000,0.0000,1,2
177.800000,889,8.5121,-1.2009,0.3000,0.7854,1,2
178.000000,890,8.7243,-0.9887,0.3000,0.7854,1,2
178.200000,891,8.9364,-0.7766,0.3000,0.7854,1,2
178.400000,892,9.1485,-0.5645,0.3000,0.7854,1,2
178.600000,893,9.3607,-0.3523,0.3000,0.7854,1,2
178.800000,894,9.5000,-0.2130,0.3000,1.5708,1,2
179.000000,895,9.5000,-0.2130,0.3000,1.5708,0,2
179.200000,896,9.5000,-0.2130,0.3000,1.5708,0,2
179.400000,897,9.5000,-0.2130,0.3000,1.5708,0,2
179.600000,898,9.5000,-0.2130,0.3000,1.5708,0,2
179.800000,899,9.5000,-0.2130,0.3000,1.5708,0,2
180.000000,900,9.5000,-0.2130,0.3000,1.5708,0,2
180.200000,901,9.5000,-0.2130,0.3000,1.5708,0,2
180.400000,902,9.5000,-0.2130,0.3000,1.5708,0,2
180.600000,903,9.5000,-0.2130,0.3000,1.5708,0,2
180.800000,904,9.5000,-0.2130,0.3000,1.5708,0,2
181.000000,905,9.5000,-0.2130,0.3000,1.5708,0,2
181.200000,906,9.5000,-0.2130,0.3000,1.5708,0,2
181.400000,907,9.5000,-0.2130,0.3000,1.5708,0,2
181.600000,908,9.5000,-0.2130,0.3000,1.5708,0,2
181.800000,909,9.5000,-0.2130,0.3000,1.5708,0,2
182.000000,910,9.5000,-0.2130,0.3000,1.5708,0,2
182.200000,911,9.5000,-0.2130,0.3000,1.5708,0,2
182.400000,912,9.5000,-0.2130,0.3000,1.5708,0,2
182.600000,913,9.5000,-0.2130,0.3000,1.5708,0,2
182.800000,914,9.5000,-0.2130,0.3000,1.5708,0,2
183.000000,915,9.5000,-0.2130,0.3000,1.5708,0,2
183.200000,916,9.5000,-0.2130,0.3000,1.5708,0,2
183.400000,917,9.5000,-0.2130,0.3000,1.5708,0,2
183.600000,918,9.5000,-0.2130,0.3000,1.5708,0,2
183.800000,919,9.5000,-0.2130,0.3000,1.5708,0,2
184.000000,920,9.5000,-0.2130,0.3000,1.5708,0,2
184.200000,921,9.5000,-0.2130,0.3000,1.5708,0,2
184.400000,922,9.5000,-0.2130,0.3000,1.5708,0,2
184.600000,923,9.5000,-0.2130,0.3000,1.5708,0,2
184.800000,924,9.5000,-0.2130,0.3000,1.5708,0,2
185.000000,925,9.5000,-0.2130,0.3000,1.5708,0,2
185.200000,926,9.5000,-0.2130,0.3000,1.5708,0,2
185.400000,927,9.5000,-0.2130,0.3000,1.5708,0,2
185.600000,928,9.5000,-0.2130,0.3000,1.5708,0,2
185.800000,929,9.5000,-0.2130,0.3000,1.5708,0,2
186.000000,930,9.5000,-0.2130,0.3000,1.5708,0,2
186.200000,931,9.5000,-0.2130,0.3000,1.5708,0,2
186.400000,932,9.5000,-0.2130,0.3000,1.5708,0,2
186.600000,933,9.5000,-0.2130,0.3000,1.5708,0,2
186.800000,934,9.5000,-0.2130,0.3000,1.5708,0,2
187.000000,935,9.5000,-0.2130,0.3000,1.5708,0,2
187.200000,936,9.5000,-0.2130,0.3000,1.5708,0,2
187.400000,937,9.5000,-0.2130,0.3000,1.5708,0,2
187.600000,938,9.5000,-0.2130,0.3000,1.5708,0,2
187.800000,939,9.5000,-0.2130,0.3000,1.5708,0,2
188.000000,940,9.5000,-0.2130,0.3000,1.5708,0,2
188.200000,941,9.5000,-0.2130,0.3000,1.5708,0,2
188.400000,942,9.5000,-0.2130,0.3000,1.5708,0,2
188.600000,943,9.5000,-0.2130,0.3000,1.5708,0,2
188.800000,944,9.5000,-0.2130,0.3000,1.5708,0,2
189.000000,945,9.5000,-0.2130,0.3000,1.5708,0,2
189.200000,946,9.5000,-0.2130,0.3000,1.5708,0,2
189.400000,947,9.5000,-0.2130,0.3000,1.5708,0,2
189.600000,948,9.5000,-0.2130,0.3000,1.5708,0,2
189.800000,949,9.5000,-0.2130,0.3000,1.5708,0,2
190.000000,950,9.5000,-0.2130,0.3000,1.5708,0,2
190.200000,951,9.5000,-0.2130,0.3000,1.5708,0,2
190.400000,952,9.5000,-0.2130,0.3000,1.5708,0,2
190.600000,953,9.5000,-0.2130,0.3000,1.5708,0,2
190.800000,954,9.5000,-0.2130,0.3000,1.5708,0,2
191.000000,955,9.5000,-0.2130,0.3000,1.5708,0,2
191.200000,956,9.5000,-0.2130,0.3000,1.5708,0,2
191.400000,957,9.5000,-0.2130,0.3000,1.5708,0,2
191.600000,958,9.5000,-0.2130,0.3000,1.5708,0,2
191.800000,959,9.5000,-0.2130,0.3000,1.5708,0,2
192.000000,960,9.5000,-0.2130,0.3000,1.5708,0,2
192.200000,961,9.5000,-0.2130,0.3000,1.5708,0,2
192.400000,962,9.5000,-0.2130,0.3000,1.5708,0,2
192.600000,963,9.5000,-0.2130,0.3000,1.5708,0,2
192.800000,964,9.5000,-0.2130,0.3000,1.5708,0,2
193.000000,965,9.5000,-0.2130,0.3000,1.5708,0,2
193.200000,966,9.5000,-0.2130,0.3000,1.5708,0,2
193.400000,967,9.5000,-0.2130,0.3000,1.5708,0,2
193.600000,968,9.5000,-0.2130,0.3000,1.5708,0,2
193.800000,969,9.5000,-0.2130,0.3000,1.5708,0,2
194.000000,970,9.5000,-0.2130,0.3000,1.5708,0,2
194.200000,971,9.5000,-0.2130,0.3000,1.5708,0,2
194.400000,972,9.5000,-0.2130,0.3000,1.5708,0,2
194.600000,973,9.5000,-0.2130,0.3000,1.5708,0,2
194.800000,974,9.5000,-0.2130,0.3000,1.5708,0,2
195.000000,975,9.2000,-0.2130,0.3000,3.1416,1,2
195.200000,976,8.9000,-0.2130,0.3000,3.1416,1,2
195.400000,977,8.6000,-0.2130,0.3000,3.1416,1,2
195.600000,978,8.3000,-0.2130,0.3000,3.1416,1,2
195.800000,979,8.0000,-0.2130,0.3000,3.1416,1,2
196.000000,980,7.7000,-0.2130,0.3000,3.1416,1,2
196.200000,981,7.4000,-0.2130,0.3000,3.1416,1,2
196.400000,982,7.1000,-0.2130,0.3000,3.1416,1,2
196.600000,983,6.8000,-0.2130,0.3000,3.1416,1,2
196.800000,984,6.5000,-0.2130,0.3000,3.1416,1,2
197.000000,985,6.2000,-0.2130,0.3000,3.1416,1,2
197.200000,986,5.9000,-0.2130,0.3000,3.1416,1,2
197.400000,987,5.6000,-0.2130,0.3000,3.1416,1,2
197.600000,988,5.3879,-0.4251,0.3000,-2.3562,1,2
197.800000,989,5.1757,-0.6373,0.3000,-2.3562,1,2
198.000000,990,4.9636,-0.8494,0.3000,-2.3562,1,2
198.200000,991,4.7515,-1.0615,0.3000,-2.3562,1,2
198.400000,992,4.5393,-1.2737,0.3000,-2.3562,1,2
198.600000,993,4.2971,-1.4130,0.3000,3.1416,1,2
198.800000,994,3.9971,-1.4130,0.3000,3.1416,1,2
199.000000,995,3.6971,-1.4130,0.3000,3.1416,1,2
199.200000,996,3.3971,-1.4130,0.3000,3.1416,1,2
199.400000,997,3.0971,-1.4130,0.3000,3.1416,1,2
199.600000,998,2.9000,-1.3101,0.3000,1.5708,1,2
199.800000,999,2.9000,-1.0101,0.3000,1.5708,1,2
200.000000,1000,2.9000,-0.7101,0.3000,1.5708,1,2
200.200000,1001,2.7971,-0.5130,0.3000,3.1416,1,2
200.400000,1002,2.4971,-0.5130,0.3000,3.1416,1,2
200.600000,1003,2.1971,-0.5130,0.3000,3.1416,1,2
200.800000,1004,1.8971,-0.5130,0.3000,3.1416,1,2
201.000000,1005,1.5971,-0.5130,0.3000,3.1416,1,2
201.200000,1006,1.2971,-0.5130,0.3000,3.1416,1,2
201.400000,1007,0.9971,-0.5130,0.3000,3.1416,1,2
201.600000,1008,0.6971,-0.5130,0.3000,3.1416,1,2
201.800000,1009,0.3971,-0.5130,0.3000,3.1416,1,2
202.000000,1010,0.0971,-0.5130,0.3000,3.1416,1,2
202.200000,1011,-0.2029,-0.5130,0.3000,3.1416,1,2
202.400000,1012,-0.4000,-0.5130,0.3000,-2.0510,1,2
202.600000,1013,-0.4000,-0.5130,0.3000,-2.0510,0,2
202.800000,1014,-0.4000,-0.5130,0.3000,-2.0510,0,2
203.000000,1015,-0.4000,-0.5130,0.3000,-2.0510,0,2
203.200000,1016,-0.4000,-0.5130,0.3000,-2.0510,0,2
203.400000,1017,-0.4000,-0.5130,0.3000,-2.0510,0,2
203.600000,1018,-0.4000,-0.5130,0.3000,-2.0510,0,2
203.800000,1019,-0.4000,-0.5130,0.3000,-2.0510,0,2
204.000000,1020,-0.4000,-0.5130,0.3000,-2.0510,0,2
204.200000,1021,-0.4000,-0.5130,0.3000,-2.0510,0,2
204.400000,1022,-0.4000,-0.5130,0.3000,-2.0510,0,2
204.600000,1023,-0.4000,-0.5130,0.3000,-2.0510,0,2
204.800000,1024,-0.4000,-0.5130,0.3000,-2.0510,0,2
205.000000,1025,-0.4000,-0.5130,0.3000,-2.0510,0,2
205.200000,1026,-0.4000,-0.5130,0.3000,-2.0510,0,2
205.400000,1027,-0.4000,-0.5130,0.3000,-2.0510,0,2
205.600000,1028,-0.4000,-0.5130,0.3000,-2.0510,0,2
205.800000,1029,-0.4000,-0.5130,0.3000,-2.0510,0,2
206.000000,1030,-0.4000,-0.5130,0.3000,-2.0510,0,2
206.200000,1031,-0.4000,-0.5130,0.3000,-2.0510,0,2
206.400000,1032,-0.4000,-0.5130,0.3000,-2.0510,0,2
206.600000,1033,-0.4000,-0.5130,0.3000,-2.0510,0,2
206.800000,1034,-0.4000,-0.5130,0.3000,-2.0510,0,2
207.000000,1035,-0.4000,-0.5130,0.3000,-2.0510,0,2
207.200000,1036,-0.4000,-0.5130,0.3000,-2.0510,0,2
207.400000,1037,-0.4000,-0.5130,0.3000,-2.0510,0,2
207.600000,1038,-0.4000,-0.5130,0.3000,-2.0510,0,2
207.800000,1039,-0.4000,-0.5130,0.3000,-2.0510,0,2
208.000000,1040,-0.4000,-0.5130,0.3000,-2.0510,0,2
208.200000,1041,-0.4000,-0.5130,0.3000,-2.0510,0,2
208.400000,1042,-0.4000,-0.5130,0.3000,-2.0510,0,2
208.600000,1043,-0.4000,-0.5130,0.3000,-2.0510,0,2
208.800000,1044,-0.4000,-0.5130,0.3000,-2.0510,0,2
209.000000,1045,-0.4000,-0.5130,0.3000,-2.0510,0,2
209.200000,1046,-0.4000,-0.5130,0.3000,-2.0510,0,2
209.400000,1047,-0.4000,-0.5130,0.3000,-2.0510,0,2
209.600000,1048,-0.4000,-0.5130,0.3000,-2.0510,0,2
209.800000,1049,-0.4000,-0.5130,0.3000,-2.0510,0,2
210.000000,1050,-0.4000,-0.5130,0.3000,-2.0510,0,2
210.200000,1051,-0.4000,-0.5130,0.3000,-2.0510,0,2
210.400000,1052,-0.4000,-0.5130,0.3000,-2.0510,0,2
210.600000,1053,-0.4000,-0.5130,0.3000,-2.0510,0,2
210.800000,1054,-0.4000,-0.5130,0.3000,-2.0510,0,2
211.000000,1055,-0.4000,-0.5130,0.3000,-2.0510,0,2
211.200000,1056,-0.4000,-0.5130,0.3000,-2.0510,0,2
211.400000,1057,-0.4000,-0.5130,0.3000,-2.0510,0,2
211.600000,1058,-0.4000,-0.5130,0.3000,-2.0510,0,2
211.800000,1059,-0.4000,-0.5130,0.3000,-2.0510,0,2
212.000000,1060,-0.4000,-0.5130,0.3000,-2.0510,0,2
212.200000,1061,-0.4000,-0.5130,0.3000,-2.0510,0,2
212.400000,1062,-0.4000,-0.5130,0.3000,-2.0510,0,2
212.600000,1063,-0.4000,-0.5130,0.3000,-2.0510,0,2
212.800000,1064,-0.4000,-0.5130,0.3000,-2.0510,0,2
213.000000,1065,-0.4000,-0.5130,0.3000,-2.0510,0,2
213.200000,1066,-0.4000,-0.5130,0.3000,-2.0510,0,2
213.400000,1067,-0.4000,-0.5130,0.3000,-2.0510,0,2
213.600000,1068,-0.4000,-0.5130,0.3000,-2.0510,0,2
213.800000,1069,-0.4000,-0.5130,0.3000,-2.0510,0,2
214.000000,1070,-0.4000,-0.5130,0.3000,-2.0510,0,2
214.200000,1071,-0.4000,-0.5130,0.3000,-2.0510,0,2
214.400000,1072,-0.4000,-0.5130,0.3000,-2.0510,0,2
214.600000,1073,-0.4000,-0.5130,0.3000,-2.0510,0,2
214.800000,1074,-0.4000,-0.5130,0.3000,-2.0510,0,2
215.000000,1075,-0.4000,-0.5130,0.3000,-2.0510,0,2
215.200000,1076,-0.4000,-0.5130,0.3000,-2.0510,0,2
215.400000,1077,-0.4000,-0.5130,0.3000,-2.0510,0,2
215.600000,1078,-0.4000,-0.5130,0.3000,-2.0510,0,2
215.800000,1079,-0.4000,-0.5130,0.3000,-2.0510,0,2
216.000000,1080,-0.4000,-0.5130,0.3000,-2.0510,0,2
216.200000,1081,-0.4000,-0.5130,0.3000,-2.0510,0,2
216.400000,1082,-0.4000,-0.5130,0.3000,-2.0510,0,2
216.600000,1083,-0.4000,-0.5130,0.3000,-2.0510,0,2
216.800000,1084,-0.4000,-0.5130,0.3000,-2.0510,0,2
217.000000,1085,-0.4000,-0.5130,0.3000,-2.0510,0,2
217.200000,1086,-0.4000,-0.5130,0.3000,-2.0510,0,2
217.400000,1087,-0.4000,-0.5130,0.3000,-2.0510,0,2
217.600000,1088,-0.4000,-0.5130,0.3000,-2.0510,0,2
217.800000,1089,-0.4000,-0.5130,0.3000,-2.0510,0,2
218.000000,1090,-0.4000,-0.5130,0.3000,-2.0510,0,2
218.200000,1091,-0.4000,-0.5130,0.3000,-2.0510,0,2
218.400000,1092,-0.4000,-0.5130,0.3000,-2.0510,0,2
218.600000,1093,-0.4000,-0.5130,0.3000,-2.0510,0,2
218.800000,1094,-0.4000,-0.5130,0.3000,-2.0510,0,2
219.000000,1095,-0.1000,-0.5130,0.3000,0.0000,1,2
219.200000,1096,0.2000,-0.5130,0.3000,0.0000,1,2
219.400000,1097,0.5000,-0.5130,0.3000,0.0000,1,2
219.600000,1098,0.8000,-0.5130,0.3000,0.0000,1,2
219.800000,1099,1.1000,-0.5130,0.3000,0.0000,1,2
220.000000,1100,1.4000,-0.5130,0.3000,0.0000,1,2
220.200000,1101,1.7000,-0.5130,0.3000,0.0000,1,2
220.400000,1102,2.0000,-0.5130,0.3000,0.0000,1,2
220.600000,1103,2.3000,-0.5130,0.3000,0.0000,1,2
220.800000,1104,2.6000,-0.5130,0.3000,0.0000,1,2
221.000000,1105,2.9000,-0.5130,0.3000,0.0000,1,2
221.200000,1106,2.9000,-0.8130,0.3000,-1.5708,1,2
221.400000,1107,2.9000,-1.1130,0.3000,-1.5708,1,2
221.600000,1108,2.9000,-1.4130,0.3000,-1.5708,1,2
221.800000,1109,3.2000,-1.4130,0.3000,0.0000,1,2
222.000000,1110,3.5000,-1.4130,0.3000,0.0000,1,2
222.200000,1111,3.8000,-1.4130,0.3000,0.0000,1,2
222.400000,1112,4.1000,-1.4130,0.3000,0.0000,1,2
222.600000,1113,4.4000,-1.4130,0.3000,0.0000,1,2
222.800000,1114,4.7000,-1.4130,0.3000,0.0000,1,2
223.000000,1115,4.9121,-1.2009,0.3000,0.7854,1,2
223.200000,1116,5.1243,-0.9887,0.3000,0.7854,1,2
223.400000,1117,5.3364,-0.7766,0.3000,0.7854,1,2
223.600000,1118,5.5485,-0.5645,0.3000,0.7854,1,2
223.800000,1119,5.7607,-0.3523,0.3000,0.7854,1,2
224.000000,1120,5.9728,-0.1402,0.3000,0.7854,1,2
224.200000,1121,6.1849,0.0719,0.3000,0.7854,1,2
224.400000,1122,6.3971,0.2841,0.3000,0.7854,1,2
224.600000,1123,6.6092,0.4962,0.3000,0.7854,1,2
224.800000,1124,6.8000,0.6870,0.3000,0.6838,1,2
225.000000,1125,6.8000,0.6870,0.3000,0.6838,0,2
225.200000,1126,6.8000,0.6870,0.3000,0.6838,0,2
225.400000,1127,6.8000,0.6870,0.3000,0.6838,0,2
225.600000,1128,6.8000,0.6870,0.3000,0.6838,0,2
225.800000,1129,6.8000,0.6870,0.3000,0.6838,0,2
226.000000,1130,6.8000,0.6870,0.3000,0.6838,0,2
226.200000,1131,6.8000,0.6870,0.3000,0.6838,0,2
226.400000,1132,6.8000,0.6870,0.3000,0.6838,0,2
226.600000,1133,6.8000,0.6870,0.3000,0.6838,0,2
226.800000,1134,6.8000,0.6870,0.3000,0.6838,0,2
227.000000,1135,6.8000,0.6870,0.3000,0.6838,0,2
227.200000,1136,6.8000,0.6870,0.3000,0.6838,0,2
227.400000,1137,6.8000,0.6870,0.3000,0.6838,0,2
227.600000,1138,6.8000,0.6870,0.3000,0.6838,0,2
227.800000,1139,6.8000,0.6870,0.3000,0.6838,0,2
228.000000,1140,6.8000,0.6870,0.3000,0.6838,0,2
228.200000,1141,6.8000,0.6870,0.3000,0.6838,0,2
228.400000,1142,6.8000,0.6870,0.3000,0.6838,0,2
228.600000,1143,6.8000,0.6870,0.3000,0.6838,0,2
228.800000,1144,6.8000,0.6870,0.3000,0.6838,0,2
229.000000,1145,6.8000,0.6870,0.3000,0.6838,0,2
229.200000,1146,6.8000,0.6870,0.3000,0.6838,0,2
229.400000,1147,6.8000,0.6870,0.3000,0.6838,0,2
229.600000,1148,6.8000,0.6870,0.3000,0.6838,0,2
229.800000,1149,6.8000,0.6870,0.3000,0.6838,0,2
230.000000,1150,6.8000,0.6870,0.3000,0.6838,0,2
230.200000,1151,6.8000,0.6870,0.3000,0.6838,0,2
230.400000,1152,6.8000,0.6870,0.3000,0.6838,0,2
230.600000,1153,6.8000,0.6870,0.3000,0.6838,0,2
230.800000,1154,6.8000,0.6870,0.3000,0.6838,0,2
231.000000,1155,6.8000,0.6870,0.3000,0.6838,0,2
231.200000,1156,6.8000,0.6870,0.3000,0.6838,0,2
231.400000,1157,6.8000,0.6870,0.3000,0.6838,0,2
231.600000,1158,6.8000,0.6870,0.3000,0.6838,0,2
231.800000,1159,6.8000,0.6870,0.3000,0.6838,0,2
232.000000,1160,6.8000,0.6870,0.3000,0.6838,0,2
232.200000,1161,6.8000,0.6870,0.3000,0.6838,0,2
232.400000,1162,6.8000,0.6870,0.3000,0.6838,0,2
232.600000,1163,6.8000,0.6870,0.3000,0.6838,0,2
232.800000,1164,6.8000,0.6870,0.3000,0.6838,0,2
233.000000,1165,6.8000,0.6870,0.3000,0.6838,0,2
233.200000,1166,6.8000,0.6870,0.3000,0.6838,0,2
233.400000,1167,6.8000,0.6870,0.3000,0.6838,0,2
233.600000,1168,6.8000,0.6870,0.3000,0.6838,0,2
233.800000,1169,6.8000,0.6870,0.3000,0.6838,0,2
234.000000,1170,6.8000,0.6870,0.3000,0.6838,0,2
234.200000,1171,6.8000,0.6870,0.3000,0.6838,0,2
234.400000,1172,6.8000,0.6870,0.3000,0.6838,0,2
234.600000,1173,6.8000,0.6870,0.3000,0.6838,0,2
234.800000,1174,6.8000,0.6870,0.3000,0.6838,0,2
235.000000,1175,6.8000,0.6870,0.3000,0.6838,0,2
235.200000,1176,6.8000,0.6870,0.3000,0.6838,0,2
235.400000,1177,6.8000,0.6870,0.3000,0.6838,0,2
235.600000,1178,6.8000,0.6870,0.3000,0.6838,0,2
235.800000,1179,6.8000,0.6870,0.3000,0.6838,0,2
236.000000,1180,6.8000,0.6870,0.3000,0.6838,0,2
236.200000,1181,6.8000,0.6870,0.3000,0.6838,0,2
236.400000,1182,6.8000,0.6870,0.3000,0.6838,0,2
236.600000,1183,6.8000,0.6870,0.3000,0.6838,0,2
236.800000,1184,6.8000,0.6870,0.3000,0.6838,0,2
237.000000,1185,6.8000,0.6870,0.3000,0.6838,0,2
237.200000,1186,6.8000,0.6870,0.3000,0.6838,0,2
237.400000,1187,6.8000,0.6870,0.3000,0.6838,0,2
237.600000,1188,6.8000,0.6870,0.3000,0.6838,0,2
237.800000,1189,6.8000,0.6870,0.3000,0.6838,0,2
238.000000,1190,6.8000,0.6870,0.3000,0.6838,0,2
238.200000,1191,6.8000,0.6870,0.3000,0.6838,0,2
238.400000,1192,6.8000,0.6870,0.3000,0.6838,0,2
238.600000,1193,6.8000,0.6870,0.3000,0.6838,0,2
238.800000,1194,6.8000,0.6870,0.3000,0.6838,0,2
239.000000,1195,6.8000,0.6870,0.3000,0.6838,0,2
239.200000,1196,6.8000,0.6870,0.3000,0.6838,0,2
239.400000,1197,6.8000,0.6870,0.3000,0.6838,0,2
239.600000,1198,6.8000,0.6870,0.3000,0.6838,0,2
239.800000,1199,6.8000,0.6870,0.3000,0.6838,0,2
240.000000,1200,6.8000,0.6870,0.3000,0.6838,0,2
240.200000,1201,6.8000,0.6870,0.3000,0.6838,0,2
240.400000,1202,6.8000,0.6870,0.3000,0.6838,0,2
240.600000,1203,6.8000,0.6870,0.3000,0.6838,0,2
240.800000,1204,6.8000,0.6870,0.3000,0.6838,0,2
241.000000,1205,6.5000,0.6870,0.3000,3.1416,1,2
241.200000,1206,6.2000,0.6870,0.3000,3.1416,1,2
241.400000,1207,5.9000,0.6870,0.3000,3.1416,1,2
241.600000,1208,5.9000,0.6870,0.3000,0.2653,1,2
241.800000,1209,5.9000,0.6870,0.3000,0.2653,0,2
242.000000,1210,5.9000,0.6870,0.3000,0.2653,0,2
242.200000,1211,5.9000,0.6870,0.3000,0.2653,0,2
242.400000,1212,5.9000,0.6870,0.3000,0.2653,0,2
242.600000,1213,5.9000,0.6870,0.3000,0.2653,0,2
242.800000,1214,5.9000,0.6870,0.3000,0.2653,0,2
243.000000,1215,5.9000,0.6870,0.3000,0.2653,0,2
243.200000,1216,5.9000,0.6870,0.3000,0.2653,0,2
243.400000,1217,5.9000,0.6870,0.3000,0.2653,0,2
243.600000,1218,5.9000,0.6870,0.3000,0.2653,0,2
243.800000,1219,5.9000,0.6870,0.3000,0.2653,0,2
244.000000,1220,5.9000,0.6870,0.3000,0.2653,0,2
244.200000,1221,5.9000,0.6870,0.3000,0.2653,0,2
244.400000,1222,5.9000,0.6870,0.3000,0.2653,0,2
244.600000,1223,5.9000,0.6870,0.3000,0.2653,0,2
244.800000,1224,5.9000,0.6870,0.3000,0.2653,0,2
245.000000,1225,5.9000,0.6870,0.3000,0.2653,0,2
245.200000,1226,5.9000,0.6870,0.3000,0.2653,0,2
245.400000,1227,5.9000,0.6870,0.3000,0.2653,0,2
245.600000,1228,5.9000,0.6870,0.3000,0.2653,0,2
245.800000,1229,5.9000,0.6870,0.3000,0.2653,0,2
246.000000,1230,5.9000,0.6870,0.3000,0.2653,0,2
246.200000,1231,5.9000,0.6870,0.3000,0.2653,0,2
246.400000,1232,5.9000,0.6870,0.3000,0.2653,0,2
246.600000,1233,5.9000,0.6870,0.3000,0.2653,0,2
246.800000,1234,5.9000,0.6870,0.3000,0.2653,0,2
247.000000,1235,5.9000,0.6870,0.3000,0.2653,0,2
247.200000,1236,5.9000,0.6870,0.3000,0.2653,0,2
247.400000,1237,5.9000,0.6870,0.3000,0.2653,0,2
247.600000,1238,5.9000,0.6870,0.3000,0.2653,0,2
247.800000,1239,5.9000,0.6870,0.3000,0.2653,0,2
248.000000,1240,5.9000,0.6870,0.3000,0.2653,0,2
248.200000,1241,5.9000,0.6870,0.3000,0.2653,0,2
248.400000,1242,5.9000,0.6870,0.3000,0.2653,0,2
248.600000,1243,5.9000,0.6870,0.3000,0.2653,0,2
248.800000,1244,5.9000,0.6870,0.3000,0.2653,0,2
249.000000,1245,5.9000,0.6870,0.3000,0.2653,0,2
249.200000,1246,5.9000,0.6870,0.3000,0.2653,0,2
249.400000,1247,5.9000,0.6870,0.3000,0.2653,0,2
249.600000,1248,5.9000,0.6870,0.3000,0.2653,0,2
249.800000,1249,5.9000,0.6870,0.3000,0.2653,0,2
250.000000,1250,5.9000,0.6870,0.3000,0.2653,0,2
250.200000,1251,5.9000,0.6870,0.3000,0.2653,0,2
250.400000,1252,5.9000,0.6870,0.3000,0.2653,0,2
250.600000,1253,5.9000,0.6870,0.3000,0.2653,0,2
250.800000,1254,5.9000,0.6870,0.3000,0.2653,0,2
251.000000,1255,5.9000,0.6870,0.3000,0.2653,0,2
251.200000,1256,5.9000,0.6870,0.3000,0.2653,0,2
251.400000,1257,5.9000,0.6870,0.3000,0.2653,0,2
251.600000,1258,5.9000,0.6870,0.3000,0.2653,0,2
251.800000,1259,5.9000,0.6870,0.3000,0.2653,0,2
252.000000,1260,5.9000,0.6870,0.3000,0.2653,0,2
252.200000,1261,5.9000,0.6870,0.3000,0.2653,0,2
252.400000,1262,5.9000,0.6870,0.3000,0.2653,0,2
252.600000,1263,5.9000,0.6870,0.3000,0.2653,0,2
252.800000,1264,5.9000,0.6870,0.3000,0.2653,0,2
253.000000,1265,5.9000,0.6870,0.3000,0.2653,0,2
253.200000,1266,5.9000,0.6870,0.3000,0.2653,0,2
253.400000,1267,5.9000,0.6870,0.3000,0.2653,0,2
253.600000,1268,5.9000,0.6870,0.3000,0.2653,0,2
253.800000,1269,5.9000,0.6870,0.3000,0.2653,0,2
254.000000,1270,5.9000,0.6870,0.3000,0.2653,0,2
254.200000,1271,5.9000,0.6870,0.3000,0.2653,0,2
254.400000,1272,5.9000,0.6870,0.3000,0.2653,0,2
254.600000,1273,5.9000,0.6870,0.3000,0.2653,0,2
254.800000,1274,5.9000,0.6870,0.3000,0.2653,0,2
255.000000,1275,5.9000,0.6870,0.3000,0.2653,0,2
255.200000,1276,5.9000,0.6870,0.3000,0.2653,0,2
255.400000,1277,5.9000,0.6870,0.3000,0.2653,0,2
255.600000,1278,5.9000,0.6870,0.3000,0.2653,0,2
255.800000,1279,5.9000,0.6870,0.3000,0.2653,0,2
256.000000,1280,5.9000,0.6870,0.3000,0.2653,0,2
256.200000,1281,5.9000,0.6870,0.3000,0.2653,0,2
256.400000,1282,5.9000,0.6870,0.3000,0.2653,0,2
256.600000,1283,5.9000,0.6870,0.3000,0.2653,0,2
256.800000,1284,5.9000,0.6870,0.3000,0.2653,0,2
257.000000,1285,5.9000,0.6870,0.3000,0.2653,0,2
257.200000,1286,5.9000,0.6870,0.3000,0.2653,0,2
257.400000,1287,5.9000,0.6870,0.3000,0.2653,0,2
257.600000,1288,5.9000,0.6870,0.3000,0.2653,0,2
257.800000,1289,5.6000,0.6870,0.3000,3.1416,1,2
258.000000,1290,5.3879,0.4749,0.3000,-2.3562,1,2
258.200000,1291,5.3000,0.3870,0.3000,-0.1829,1,2
258.400000,1292,5.3000,0.3870,0.3000,-0.1829,0,2
258.600000,1293,5.3000,0.3870,0.3000,-0.1829,0,2
258.800000,1294,5.3000,0.3870,0.3000,-0.1829,0,2
259.000000,1295,5.3000,0.3870,0.3000,-0.1829,0,2
259.200000,1296,5.3000,0.3870,0.3000,-0.1829,0,2
259.400000,1297,5.3000,0.3870,0.3000,-0.1829,0,2
259.600000,1298,5.3000,0.3870,0.3000,-0.1829,0,2
259.800000,1299,5.3000,0.3870,0.3000,-0.1829,0,2
260.000000,1300,5.3000,0.3870,0.3000,-0.1829,0,2
260.200000,1301,5.3000,0.3870,0.3000,-0.1829,0,2
260.400000,1302,5.3000,0.3870,0.3000,-0.1829,0,2
260.600000,1303,5.3000,0.3870,0.3000,-0.1829,0,2
260.800000,1304,5.3000,0.3870,0.3000,-0.1829,0,2
261.000000,1305,5.3000,0.3870,0.3000,-0.1829,0,2
261.200000,1306,5.3000,0.3870,0.3000,-0.1829,0,2
261.400000,1307,5.3000,0.3870,0.3000,-0.1829,0,2
261.600000,1308,5.3000,0.3870,0.3000,-0.1829,0,2
261.800000,1309,5.3000,0.3870,0.3000,-0.1829,0,2
262.000000,1310,5.3000,0.3870,0.3000,-0.1829,0,2
262.200000,1311,5.3000,0.3870,0.3000,-0.1829,0,2
262.400000,1312,5.3000,0.3870,0.3000,-0.1829,0,2
262.600000,1313,5.3000,0.3870,0.3000,-0.1829,0,2
262.800000,1314,5.3000,0.3870,0.3000,-0.1829,0,2
263.000000,1315,5.3000,0.3870,0.3000,-0.1829,0,2
263.200000,1316,5.3000,0.3870,0.3000,-0.1829,0,2
263.400000,1317,5.3000,0.3870,0.3000,-0.1829,0,2
263.600000,1318,5.3000,0.3870,0.3000,-0.1829,0,2
263.800000,1319,5.3000,0.3870,0.3000,-0.1829,0,2
264.000000,1320,5.3000,0.3870,0.3000,-0.1829,0,2
264.200000,1321,5.3000,0.3870,0.3000,-0.1829,0,2
264.400000,1322,5.3000,0.3870,0.3000,-0.1829,0,2
264.600000,1323,5.3000,0.3870,0.3000,-0.1829,0,2
264.800000,1324,5.3000,0.3870,0.3000,-0.1829,0,2
265.000000,1325,5.3000,0.3870,0.3000,-0.1829,0,2
265.200000,1326,5.3000,0.3870,0.3000,-0.1829,0,2
265.400000,1327,5.3000,0.3870,0.3000,-0.1829,0,2
265.600000,1328,5.3000,0.3870,0.3000,-0.1829,0,2
265.800000,1329,5.3000,0.3870,0.3000,-0.1829,0,2
266.000000,1330,5.3000,0.3870,0.3000,-0.1829,0,2
266.200000,1331,5.3000,0.3870,0.3000,-0.1829,0,2
266.400000,1332,5.3000,0.3870,0.3000,-0.1829,0,2
266.600000,1333,5.3000,0.3870,0.3000,-0.1829,0,2
266.800000,1334,5.3000,0.3870,0.3000,-0.1829,0,2
267.000000,1335,5.3000,0.3870,0.3000,-0.1829,0,2
267.200000,1336,5.3000,0.3870,0.3000,-0.1829,0,2
267.400000,1337,5.3000,0.3870,0.3000,-0.1829,0,2
267.600000,1338,5.3000,0.3870,0.3000,-0.1829,0,2
267.800000,1339,5.3000,0.3870,0.3000,-0.1829,0,2
268.000000,1340,5.3000,0.3870,0.3000,-0.1829,0,2
268.200000,1341,5.3000,0.3870,0.3000,-0.1829,0,2
268.400000,1342,5.3000,0.3870,0.3000,-0.1829,0,2
268.600000,1343,5.3000,0.3870,0.3000,-0.1829,0,2
268.800000,1344,5.3000,0.3870,0.3000,-0.1829,0,2
269.000000,1345,5.3000,0.3870,0.3000,-0.1829,0,2
269.200000,1346,5.3000,0.3870,0.3000,-0.1829,0,2
269.400000,1347,5.3000,0.3870,0.3000,-0.1829,0,2
269.600000,1348,5.3000,0.3870,0.3000,-0.1829,0,2
269.800000,1349,5.3000,0.3870,0.3000,-0.1829,0,2
270.000000,1350,5.3000,0.3870,0.3000,-0.1829,0,2
270.200000,1351,5.3000,0.3870,0.3000,-0.1829,0,2
270.400000,1352,5.3000,0.3870,0.3000,-0.1829,0,2
270.600000,1353,5.3000,0.3870,0.3000,-0.1829,0,2
270.800000,1354,5.3000,0.3870,0.3000,-0.1829,0,2
271.000000,1355,5.3000,0.3870,0.3000,-0.1829,0,2
271.200000,1356,5.3000,0.3870,0.3000,-0.1829,0,2
271.400000,1357,5.3000,0.3870,0.3000,-0.1829,0,2
271.600000,1358,5.3000,0.3870,0.3000,-0.1829,0,2
271.800000,1359,5.3000,0.3870,0.3000,-0.1829,0,2
272.000000,1360,5.3000,0.3870,0.3000,-0.1829,0,2
272.200000,1361,5.3000,0.3870,0.3000,-0.1829,0,2
272.400000,1362,5.3000,0.3870,0.3000,-0.1829,0,2
272.600000,1363,5.3000,0.3870,0.3000,-0.1829,0,2
272.800000,1364,5.3000,0.3870,0.3000,-0.1829,0,2
273.000000,1365,5.3000,0.3870,0.3000,-0.1829,0,2
273.200000,1366,5.3000,0.3870,0.3000,-0.1829,0,2
273.400000,1367,5.3000,0.3870,0.3000,-0.1829,0,2
273.600000,1368,5.3000,0.3870,0.3000,-0.1829,0,2
273.800000,1369,5.3000,0.3870,0.3000,-0.1829,0,2
274.000000,1370,5.3000,0.3870,0.3000,-0.1829,0,2
274.200000,1371,5.3000,0.3870,0.3000,-0.1829,0,2
274.400000,1372,5.6000,0.3870,0.3000,0.0000,1,2
274.600000,1373,5.9000,0.3870,0.3000,0.0000,1,2
274.800000,1374,6.2000,0.3870,0.3000,0.0000,1,2
275.000000,1375,6.4121,0.1749,0.3000,-0.7854,1,2
275.200000,1376,6.6243,-0.0373,0.3000,-0.7854,1,2
275.400000,1377,6.8364,-0.2494,0.3000,-0.7854,1,2
275.600000,1378,7.0485,-0.4615,0.3000,-0.7854,1,2
275.800000,1379,7.2607,-0.6737,0.3000,-0.7854,1,2
276.000000,1380,7.4728,-0.8858,0.3000,-0.7854,1,2
276.200000,1381,7.6849,-1.0979,0.3000,-0.7854,1,2
276.400000,1382,7.7000,-1.1130,0.3000,-0.1227,1,2
276.600000,1383,7.7000,-1.1130,0.3000,-0.1227,0,2
276.800000,1384,7.7000,-1.1130,0.3000,-0.1227,0,2
277.000000,1385,7.7000,-1.1130,0.3000,-0.1227,0,2
277.200000,1386,7.7000,-1.1130,0.3000,-0.1227,0,2
277.400000,1387,7.7000,-1.1130,0.3000,-0.1227,0,2
277.600000,1388,7.7000,-1.1130,0.3000,-0.1227,0,2
277.800000,1389,7.7000,-1.1130,0.3000,-0.1227,0,2
278.000000,1390,7.7000,-1.1130,0.3000,-0.1227,0,2
278.200000,1391,7.7000,-1.1130,0.3000,-0.1227,0,2
278.400000,1392,7.7000,-1.1130,0.3000,-0.1227,0,2
278.600000,1393,7.7000,-1.1130,0.3000,-0.1227,0,2
278.800000,1394,7.7000,-1.1130,0.3000,-0.1227,0,2
279.000000,1395,7.7000,-1.1130,0.3000,-0.1227,0,2
279.200000,1396,7.7000,-1.1130,0.3000,-0.1227,0,2
279.400000,1397,7.7000,-1.1130,0.3000,-0.1227,0,2
279.600000,1398,7.7000,-1.1130,0.3000,-0.1227,0,2
279.800000,1399,7.7000,-1.1130,0.3000,-0.1227,0,2
280.000000,1400,7.7000,-1.1130,0.3000,-0.1227,0,2
280.200000,1401,7.7000,-1.1130,0.3000,-0.1227,0,2
280.400000,1402,7.7000,-1.1130,0.3000,-0.1227,0,2
280.600000,1403,7.7000,-1.1130,0.3000,-0.1227,0,2
280.800000,1404,7.7000,-1.1130,0.3000,-0.1227,0,2
281.000000,1405,7.7000,-1.1130,0.3000,-0.1227,0,2
281.200000,1406,7.7000,-1.1130,0.3000,-0.1227,0,2
281.400000,1407,7.7000,-1.1130,0.3000,-0.1227,0,2
281.600000,1408,7.7000,-1.1130,0.3000,-0.1227,0,2
281.800000,1409,7.7000,-1.1130,0.3000,-0.1227,0,2
282.000000,1410,7.7000,-1.1130,0.3000,-0.1227,0,2
282.200000,1411,7.7000,-1.1130,0.3000,-0.1227,0,2
282.400000,1412,7.7000,-1.1130,0.3000,-0.1227,0,2
282.600000,1413,7.7000,-1.1130,0.3000,-0.1227,0,2
282.800000,1414,7.7000,-1.1130,0.3000,-0.1227,0,2
283.000000,1415,7.7000,-1.1130,0.3000,-0.1227,0,2
283.200000,1416,7.7000,-1.1130,0.3000,-0.1227,0,2
283.400000,1417,7.7000,-1.1130,0.3000,-0.1227,0,2
283.600000,1418,7.7000,-1.1130,0.3000,-0.1227,0,2
283.800000,1419,7.7000,-1.1130,0.3000,-0.1227,0,2
284.000000,1420,7.7000,-1.1130,0.3000,-0.1227,0,2
284.200000,1421,7.7000,-1.1130,0.3000,-0.1227,0,2
284.400000,1422,7.7000,-1.1130,0.3000,-0.1227,0,2
284.600000,1423,7.7000,-1.1130,0.3000,-0.1227,0,2
284.800000,1424,7.7000,-1.1130,0.3000,-0.1227,0,2
285.000000,1425,7.7000,-1.1130,0.3000,-0.1227,0,2
285.200000,1426,7.7000,-1.1130,0.3000,-0.1227,0,2
285.400000,1427,7.7000,-1.1130,0.3000,-0.1227,0,2
285.600000,1428,7.7000,-1.1130,0.3000,-0.1227,0,2
285.800000,1429,7.7000,-1.1130,0.3000,-0.1227,0,2
286.000000,1430,7.7000,-1.1130,0.3000,-0.1227,0,2
286.200000,1431,7.7000,-1.1130,0.3000,-0.1227,0,2
286.400000,1432,7.7000,-1.1130,0.3000,-0.1227,0,2
286.600000,1433,7.7000,-1.1130,0.3000,-0.1227,0,2
286.800000,1434,7.7000,-1.1130,0.3000,-0.1227,0,2
287.000000,1435,7.7000,-1.1130,0.3000,-0.1227,0,2
287.200000,1436,7.7000,-1.1130,0.3000,-0.1227,0,2
287.400000,1437,7.7000,-1.1130,0.3000,-0.1227,0,2
287.600000,1438,7.7000,-1.1130,0.3000,-0.1227,0,2
287.800000,1439,7.7000,-1.1130,0.3000,-0.1227,0,2
288.000000,1440,7.7000,-1.1130,0.3000,-0.1227,0,2
288.200000,1441,7.7000,-1.1130,0.3000,-0.1227,0,2
288.400000,1442,7.7000,-1.1130,0.3000,-0.1227,0,2
288.600000,1443,7.7000,-1.1130,0.3000,-0.1227,0,2
288.800000,1444,7.7000,-1.1130,0.3000,-0.1227,0,2
289.000000,1445,7.7000,-1.1130,0.3000,-0.1227,0,2
289.200000,1446,7.7000,-1.1130,0.3000,-0.1227,0,2
289.400000,1447,7.7000,-1.1130,0.3000,-0.1227,0,2
289.600000,1448,7.7000,-1.1130,0.3000,-0.1227,0,2
289.800000,1449,7.7000,-1.1130,0.3000,-0.1227,0,2
290.000000,1450,7.7000,-1.1130,0.3000,-0.1227,0,2
290.200000,1451,7.7000,-1.1130,0.3000,-0.1227,0,2
290.400000,1452,7.7000,-1.1130,0.3000,-0.1227,0,2
290.600000,1453,7.7000,-1.1130,0.3000,-0.1227,0,2
290.800000,1454,7.7000,-1.1130,0.3000,-0.1227,0,2
291.000000,1455,7.7000,-1.1130,0.3000,-0.1227,0,2
291.200000,1456,7.7000,-1.1130,0.3000,-0.1227,0,2
291.400000,1457,7.7000,-1.1130,0.3000,-0.1227,0,2
291.600000,1458,7.7000,-1.1130,0.3000,-0.1227,0,2
291.800000,1459,7.7000,-1.1130,0.3000,-0.1227,0,2
292.000000,1460,7.7000,-1.1130,0.3000,-0.1227,0,2
292.200000,1461,7.7000,-1.1130,0.3000,-0.1227,0,2
292.400000,1462,7.7000,-1.1130,0.3000,-0.1227,0,2
292.600000,1463,8.0000,-1.1130,0.3000,0.0000,1,2
292.800000,1464,8.3000,-1.1130,0.3000,0.0000,1,2
293.000000,1465,8.5121,-1.3251,0.3000,-0.7854,1,2
293.200000,1466,8.6000,-1.4130,0.3000,0.0325,1,2
293.400000,1467,8.6000,-1.4130,0.3000,0.0325,0,2
293.600000,1468,8.6000,-1.4130,0.3000,0.0325,0,2
293.800000,1469,8.6000,-1.4130,0.3000,0.0325,0,2
294.000000,1470,8.6000,-1.4130,0.3000,0.0325,0,2
294.200000,1471,8.6000,-1.4130,0.3000,0.0325,0,2
294.400000,1472,8.6000,-1.4130,0.3000,0.0325,0,2
294.600000,1473,8.6000,-1.4130,0.3000,0.0325,0,2
294.800000,1474,8.6000,-1.4130,0.3000,0.0325,0,2
295.000000,1475,8.6000,-1.4130,0.3000,0.0325,0,2
295.200000,1476,8.6000,-1.4130,0.3000,0.0325,0,2
295.400000,1477,8.6000,-1.4130,0.3000,0.0325,0,2
295.600000,1478,8.6000,-1.4130,0.3000,0.0325,0,2
295.800000,1479,8.6000,-1.4130,0.3000,0.0325,0,2
296.000000,1480,8.6000,-1.4130,0.3000,0.0325,0,2
296.200000,1481,8.6000,-1.4130,0.3000,0.0325,0,2
296.400000,1482,8.6000,-1.4130,0.3000,0.0325,0,2
296.600000,1483,8.6000,-1.4130,0.3000,0.0325,0,2
296.800000,1484,8.6000,-1.4130,0.3000,0.0325,0,2
297.000000,1485,8.6000,-1.4130,0.3000,0.0325,0,2
297.200000,1486,8.6000,-1.4130,0.3000,0.0325,0,2
297.400000,1487,8.6000,-1.4130,0.3000,0.0325,0,2
297.600000,1488,8.6000,-1.4130,0.3000,0.0325,0,2
297.800000,1489,8.6000,-1.4130,0.3000,0.0325,0,2
298.000000,1490,8.6000,-1.4130,0.3000,0.0325,0,2
298.200000,1491,8.6000,-1.4130,0.3000,0.0325,0,2
298.400000,1492,8.6000,-1.4130,0.3000,0.0325,0,2
298.600000,1493,8.6000,-1.4130,0.3000,0.0325,0,2
298.800000,1494,8.6000,-1.4130,0.3000,0.0325,0,2
299.000000,1495,8.6000,-1.4130,0.3000,0.0325,0,2
299.200000,1496,8.6000,-1.4130,0.3000,0.0325,0,2
299.400000,1497,8.6000,-1.4130,0.3000,0.0325,0,2
299.600000,1498,8.6000,-1.4130,0.3000,0.0325,0,2
299.800000,1499,8.6000,-1.4130,0.3000,0.0325,0,2
300.000000,1500,8.6000,-1.4130,0.3000,0.0325,0,2
