candidate_id,origin_i,origin_j,size_i,size_j,center_x,center_y,resampled_mean,fixed_center_mean,persistent_marginal_mean
quadtree_14_31_1_1,14,31,1,1,-3.20000001788139343262,1.57000026106834411621,0.721391075506391648772,0.707926859521424813385,0.719480544572112910829
quadtree_7_27_1_1,7,27,1,1,-5.30000010132789611816,0.370000213384628295898,0.000353383735011296383461,0.000289582105736090827718,0.000414117955073574492876
quadtree_8_19_4_5,8,19,4,5,-4.55000007152557373047,-1.42999985814094543457,0.000461006786874812611417,0.000756002257461511012236,0.00108903068313895218877
quadtree_19_27_2_2,19,27,2,2,-1.54999995231628417969,0.520000219345092773438,0.32939757437241736442,0.314852553970672320366,0.338256822048188741291
quadtree_24_25_1_1,24,25,1,1,-0.199999898672103881836,-0.229999810457229614258,0.558885249217681995227,0.611427357376426893767,0.598502569789860507186
quadtree_26_27_2_2,26,27,2,2,0.550000131130218505859,0.520000219345092773438,0.725875601237152467547,0.728718422689697355274,0.725982436405952111463
quadtree_28_27_1_1,28,27,1,1,1.00000014901161193848,0.370000213384628295898,0.722117077799544623709,0.72209537180658772015,0.720295907200023990166
quadtree_6_10_2_3,6,10,2,3,-5.4500001072883605957,-4.42999997735023498535,0.0564953697448038254328,0.0564980651757922937394,0.0565963785427341523435
quadtree_4_5_4_5,4,5,4,5,-5.75000011920928955078,-5.63000002503395080566,0.057427691471412719061,0.060164893189762067395,0.0681548802010491369406
quadtree_15_10_1_2,15,10,1,2,-2.90000000596046447754,-4.57999998331069946289,0.71055804059702734176,0.709816799739100426326,0.709993928388557092699
quadtree_17_10_1_2,17,10,1,2,-2.29999998211860656738,-4.57999998331069946289,0.710446865086338304337,0.709815877173535832374,0.710198986689973027649
quadtree_19_14_1_1,19,14,1,1,-1.69999995827674865723,-3.52999994158744812012,0.0573893951155830268687,0.0573803725238312024921,0.0574729400721534231246
quadtree_26_5_2_3,26,5,2,3,0.550000131130218505859,-5.93000003695487976074,0.705370507949089314999,0.698123532049212258709,0.702681847084349560264
quadtree_26_1_2_4,26,1,2,4,0.550000131130218505859,-6.98000007867813110352,0.70397452453964792378,0.70605909016231126283,0.706965646356896813937
quadtree_25_1_1_2,25,1,1,2,0.100000113248825073242,-7.28000009059906005859,0.711496061292941968813,0.711818839721916437192,0.708731717173920463149
quadtree_24_3_2_5,24,3,2,5,-0.0499998927116394042969,-6.23000004887580871582,0.681806416147044324131,0.692017985952724222238,0.692087330515090121412
quadtree_23_3_1_2,23,3,1,2,-0.499999910593032836914,-6.68000006675720214844,0.691138358093980628575,0.697368767202998473035,0.686243720813962525447
quadtree_21_4_2_1,21,4,2,1,-0.949999928474426269531,-6.5300000607967376709,0.634768316055246378685,0.651506241789947993892,0.659687973844384419357
quadtree_20_3_1_2,20,3,1,2,-1.39999994635581970215,-6.68000006675720214844,0.665407629771615151198,0.654263678747599783023,0.660995645345405122306
quadtree_16_2_1_2,16,2,1,2,-2.59999999403953552246,-6.98000007867813110352,0.709674847929371782358,0.709658714815235794273,0.709671187097871865746
quadtree_17_3_1_2,17,3,1,2,-2.29999998211860656738,-6.68000006675720214844,0.709693883533358720766,0.709676253718653993999,0.709684811253962649223
quadtree_14_4_3_1,14,4,3,1,-2.90000000596046447754,-6.5300000607967376709,0.709733788159172328573,0.709731013717226955442,0.709719192376358251227
quadtree_15_5_3_5,15,5,3,5,-2.59999999403953552246,-5.63000002503395080566,0.70981217671000900474,0.709801261315902638641,0.709775035113546104481
quadtree_26_14_2_3,26,14,2,3,0.550000131130218505859,-3.22999992966651916504,0.171472388260374041785,0.177534506767475049258,0.173767065602393120207
quadtree_23_14_1_3,23,14,1,3,-0.499999910593032836914,-3.22999992966651916504,0.0783249277827634238474,0.0786593739074975095813,0.0817891563137642318713
quadtree_24_12_2_5,24,12,2,5,-0.0499998927116394042969,-3.52999994158744812012,0.1208630185227925998,0.110174893077206562582,0.128417014236235564636
quadtree_20_5_4_3,20,5,4,3,-0.949999928474426269531,-5.93000003695487976074,0.566917946066671263035,0.60166592084121952005,0.583844740995925791556
quadtree_12_19_5_5,12,19,5,5,-3.20000001788139343262,-1.42999985814094543457,0.00392354678547125317397,0.00532070049702603017147,0.00726351511694699242953
quadtree_21_25_1_4,21,25,1,4,-1.09999993443489074707,0.220000207424163818359,0.366464169315394546481,0.358621672773106943595,0.354746595988738104398
quadtree_20_23_1_4,20,23,1,4,-1.39999994635581970215,-0.379999816417694091797,0.16310008858925392884,0.0909737097504148426724,0.12070219066056392731
quadtree_19_25_1_2,19,25,1,2,-1.69999995827674865723,-0.0799998044967651367188,0.155008624566936125533,0.172692170764515526079,0.137893660615085873102
quadtree_17_26_2_2,17,26,2,2,-2.14999997615814208984,0.220000207424163818359,0.255583729541514432582,0.275258712562591284923,0.217944684904985469702
quadtree_21_33_4_1,21,33,4,1,-0.649999916553497314453,2.17000028491020202637,0.691347499108481194073,0.691749667834958871895,0.697565845043081070309
quadtree_26_35_2_2,26,35,2,2,0.550000131130218505859,2.92000031471252441406,0.691521670886176798531,0.674569075685135626332,0.677257098130212426652
quadtree_21_34_5_3,21,34,5,3,-0.499999910593032836914,2.77000030875205993652,0.675097240951703996936,0.686372656861401342712,0.686672028406707734053
quadtree_20_29_1_3,20,29,1,3,-1.39999994635581970215,1.27000024914741516113,0.463259138185300310632,0.507555698557330287784,0.4970880867131118932
quadtree_15_31_5_1,15,31,5,1,-2.29999998211860656738,1.57000026106834411621,0.682951005820110625068,0.708460387970963585604,0.653068629318755592501
quadtree_17_32_4_4,17,32,4,4,-1.84999996423721313477,2.32000029087066650391,0.701154475757292809689,0.710790243999049061276,0.679983625811570838746
quadtree_15_32_2_4,15,32,2,4,-2.75,2.32000029087066650391,0.72375452342617137291,0.722240760254819869123,0.717516343943020321083
quadtree_18_36_2_1,18,36,2,1,-1.84999996423721313477,3.0700003206729888916,0.712799195706043901529,0.722511928946763374833,0.718563414585988949226
quadtree_12_36_5_1,12,36,5,1,-3.20000001788139343262,3.0700003206729888916,0.723728220056071228821,0.716143737293041748751,0.712644032821522905718
quadtree_8_24_4_4,8,24,4,4,-4.55000007152557373047,-0.0799998044967651367188,0.000495867644220025782156,0.00137707620652759698143,0.0020603745425889126376
quadtree_7_20_1_2,7,20,1,2,-5.30000010132789611816,-1.57999986410140991211,0.000237009990525622562817,0.000324654998631334235404,0.000423130477107216799775
quadtree_2_19_5_3,2,19,5,3,-6.2000001370906829834,-1.72999987006187438965,0.000315831777158875287903,0.000393219082430807971154,0.000358721378896909504284
quadtree_9_32_1_3,9,32,1,3,-4.70000007748603820801,2.17000028491020202637,0.703241973664406795131,0.702653133343500718049,0.7080516601553985293
quadtree_10_36_2_1,10,36,2,1,-4.25000005960464477539,3.0700003206729888916,0.710126243301528192915,0.729408696240205103531,0.720289782933065117097
quadtree_6_31_1_5,6,31,1,5,-5.60000011324882507324,2.17000028491020202637,0.000219828200722797561782,0.000187918443688305202174,0.000226642376705858520475
quadtree_5_29_1_3,5,29,1,3,-5.90000012516975402832,1.27000024914741516113,0.000175245713894346857749,0.000221400855434020487043,0.000220375767022797759522
quadtree_2_31_3_1,2,31,3,1,-6.50000014901161193848,1.57000026106834411621,0.000338835836416891183771,0.000408817406331632570614,0.000354874327338416127165
quadtree_2_36_5_1,2,36,5,1,-6.2000001370906829834,3.0700003206729888916,0.000317710896532593156488,0.000290883144810376354331,0.000297320616799441595661
quadtree_9_31_5_1,9,31,5,1,-4.10000005364418029785,1.57000026106834411621,0.721066484454646302704,0.689412517604572960025,0.71343513004630014306
quadtree_1_27_5_2,1,27,5,2,-6.50000014901161193848,0.520000219345092773438,0.000297420259228142680045,0.000330302809979268762332,0.000302297935133038358336
quadtree_6_27_1_2,6,27,1,2,-5.60000011324882507324,0.520000219345092773438,0.000255860034173810543434,0.00020592648631196835556,0.000238928835437679420287
quadtree_6_22_2_5,6,22,2,5,-5.4500001072883605957,-0.529999822378158569336,0.000239413312769263041221,0.000159261335712348851721,0.000287469761250100644491
quadtree_1_18_1_4,1,18,1,4,-7.10000017285346984863,-1.87999987602233886719,0.000471163264941356847641,0.000479804864650951735807,0.000475667528781472617246
quadtree_1_22_5_5,1,22,5,5,-6.50000014901161193848,-0.529999822378158569336,0.000251461899987188773339,0.00034061626982999739512,0.000302977738786103136718
quadtree_20_10_1_5,20,10,1,5,-1.39999994635581970215,-4.12999996542930603027,0.0630318008160396504148,0.0651024499083053642912,0.0872393444691128990587
quadtree_19_19_2_4,19,19,2,4,-1.54999995231628417969,-1.57999986410140991211,0.0575892224947247151753,0.0575789638698333965816,0.0575515788206391574118
quadtree_22_27_4_2,22,27,4,2,-0.349999904632568359375,0.520000219345092773438,0.614266994217146170606,0.637623303800402486583,0.652520502638434010266
quadtree_22_25_2_2,22,25,2,2,-0.649999916553497314453,-0.0799998044967651367188,0.450559925825959355279,0.450442980438449319772,0.459610872900639760852
quadtree_24_26_5_1,24,26,5,1,0.40000012516975402832,0.0700002014636993408203,0.6945416885014339401,0.727581720677186536816,0.69439344262459238937
quadtree_20_8_2_2,20,8,2,2,-1.24999994039535522461,-5.18000000715255737305,0.271756301396312005753,0.276314564513105196791,0.295163408409636808679
quadtree_10_32_5_4,10,32,5,4,-3.80000004172325134277,2.32000029087066650391,0.724649377379860315865,0.705306047799442811027,0.719199955031249163505
quadtree_2_18_3_1,2,18,3,1,-6.50000014901161193848,-2.3299998939037322998,0.000473199114071763291956,0.000484620938098277269828,0.000474631468090564882117
quadtree_20_1_5_2,20,1,5,2,-0.799999922513961791992,-7.28000009059906005859,0.698506140503052164355,0.705041670587171010094,0.703189784225055641138
quadtree_1_10_5_4,1,10,5,4,-6.50000014901161193848,-4.27999997138977050781,0.056627707584669806499,0.0567990502115070903608,0.0568077324674215137204
quadtree_6_13_2_3,6,13,2,3,-5.4500001072883605957,-3.52999994158744812012,0.056497724318677610739,0.0564973443233227543094,0.0564971510213997961785
quadtree_9_18_5_1,9,18,5,1,-4.10000005364418029785,-2.3299998939037322998,0.00108377574230203897282,0.00246774619078790432101,0.00242056608179968166107
quadtree_14_18_3_1,14,18,3,1,-2.90000000596046447754,-2.3299998939037322998,0.00670190743088444339634,0.00744500148632991093923,0.00649563088784346664064
quadtree_8_9_1_5,8,9,1,5,-5.00000008940696716309,-4.42999997735023498535,0.0565048195333736873389,0.0565509031002505669565,0.0571588896057292549761
quadtree_8_14_5_2,8,14,5,2,-4.40000006556510925293,-3.37999993562698364258,0.0568316906154208198901,0.0565784704158489396505,0.0566851559929746577248
quadtree_1_5_3_5,1,5,3,5,-6.80000016093254089355,-5.63000002503395080566,0.0604690336554522034473,0.0627519286434089419604,0.0662344388985103149032
quadtree_21_14_2_2,21,14,2,2,-0.949999928474426269531,-3.37999993562698364258,0.0601615115427847715607,0.0595257037947538229666,0.0615008812049126675701
quadtree_2_32_4_4,2,32,4,4,-6.35000014305114746094,2.32000029087066650391,0.000243551268051132138766,0.000219755653214603843775,0.000279656527818524059301
quadtree_1_1_5_4,1,1,5,4,-6.50000014901161193848,-6.98000007867813110352,0.0919310355904343980452,0.096586547927237024798,0.096737519765999673898
quadtree_6_2_2_3,6,2,2,3,-5.4500001072883605957,-6.83000007271766662598,0.096479062256105081303,0.0996226990459136939587,0.0999237037097503338255
quadtree_6_1_3_1,6,1,3,1,-5.30000010132789611816,-7.43000009655952453613,0.110540372680932751118,0.110598870627044652235,0.110985312264369643555
quadtree_8_4_1_5,8,4,1,5,-5.00000008940696716309,-5.93000003695487976074,0.0674881253894350093038,0.0728117295044523455449,0.0785860978799776410482
quadtree_11_5_4_5,11,5,4,5,-3.65000003576278686523,-5.63000002503395080566,0.709816796277918090415,0.709816768184169597064,0.709799338601422743675
quadtree_8_2_1_2,8,2,1,2,-5.00000008940696716309,-6.98000007867813110352,0.105373331013879844652,0.10707073905498220271,0.105978880479181425174
quadtree_11_1_3_4,11,1,3,4,-3.80000004172325134277,-6.98000007867813110352,0.709717425950318108342,0.709689341866114771875,0.709699432720299593091
quadtree_13_14_5_2,13,14,5,2,-2.90000000596046447754,-3.37999993562698364258,0.0572039643243675723067,0.0571651913976301329879,0.0573643666258205781275
quadtree_14_1_2_2,14,1,2,2,-3.05000001192092895508,-7.28000009059906005859,0.709671380617108469007,0.709670012896821917356,0.709663904027529557686
quadtree_18_14_1_2,18,14,1,2,-1.9999999701976776123,-3.37999993562698364258,0.0572434475599337368306,0.057278561354389495274,0.0573413181391347626961
quadtree_19_15_2_4,19,15,2,4,-1.54999995231628417969,-2.77999991178512573242,0.0574402891069937781184,0.0573456738970782229369,0.0574887915812148271656
quadtree_16_10_1_4,16,10,1,4,-2.59999999403953552246,-4.27999997138977050781,0.310821071192946654681,0.709730533777286770234,0.530718836364444777485
quadtree_12_24_5_4,12,24,5,4,-3.20000001788139343262,-0.0799998044967651367188,0.020478449721978485391,0.0995822905275369122497,0.0920742457761775426916
