panel,pair_index,protocol,source0_id,source1_id,distance_m,target_count,full_nll,bp_nll,mbd_nll,delta_bp,delta_mbd,full_accuracy,full_brier,block_product_accuracy,block_product_brier,matched_block_diag_accuracy,matched_block_diag_brier
CENTRAL,0,P_G1A,pmfs_1_12,pmfs_2_12,0.2999999999999998,32,5.540692890477004,4.116134717039156,8.362688286185081,-1.4245581734378483,2.8219953957080772,0.5625,0.6610693513154691,0.625,0.6113102135223378,0.40625,0.8144818293105174
CENTRAL,0,P_E2,pmfs_1_12,pmfs_2_12,0.2999999999999998,32,5.275269832698043,2.6534317053115553,4.095411627689257,-2.6218381273864875,-1.1798582050087854,0.71875,0.44621286855908604,0.71875,0.5146007900783846,0.625,0.648719273560613
CENTRAL,1,P_G1A,pmfs_3_12,pmfs_4_12,0.3000000000000007,32,3.391497860279477,2.90874149645038,3.3353514240302204,-0.48275636382909726,-0.05614643624925675,0.65625,0.5044036349507433,0.6875,0.4947811062388261,0.6875,0.47040399825782186
CENTRAL,1,P_E2,pmfs_3_12,pmfs_4_12,0.3000000000000007,32,2.126358373543977,3.1067328150828426,3.7114630262607253,0.9803744415388658,1.5851046527167485,0.9375,0.12609654464025427,0.90625,0.1799990711972801,0.90625,0.18960701182942613
CENTRAL,2,P_G1A,pmfs_5_12,pmfs_6_12,0.2999999999999998,32,0.018873261358020515,0.5709237341823241,0.7398381727287289,0.5520504728243036,0.7209649113707084,1.0,0.007049864162822687,0.96875,0.0826670210328099,0.9375,0.09140670711471685
CENTRAL,2,P_E2,pmfs_5_12,pmfs_6_12,0.2999999999999998,32,0.8458974381832982,0.5120999191202324,1.3127473104010203,-0.33379751906306576,0.4668498722177221,0.9375,0.13313970329614877,0.96875,0.06249999297230402,0.9375,0.1264608344209197
CENTRAL,3,P_G1A,pmfs_7_12,pmfs_8_12,0.2999999999999998,32,30.811399497460663,18.321342914962322,10.894006664304959,-12.49005658249834,-19.917392833155702,0.6875,0.44002452697606964,0.625,0.5295962551046419,0.71875,0.5122444552655734
CENTRAL,3,P_E2,pmfs_7_12,pmfs_8_12,0.2999999999999998,32,5.6797518910365365,12.342390147817392,6.339589990374386,6.6626382567808555,0.6598380993378496,0.53125,0.7440688967522131,0.59375,0.7823002161971515,0.59375,0.7849724778729975
CENTRAL,4,P_G1A,pmfs_9_12,pmfs_10_12,0.30000000000000027,32,22.751411691127036,41.39459223762752,24.470219585816874,18.643180546500485,1.7188078946898386,0.53125,0.8877272171113362,0.5625,0.8616067798930821,0.53125,0.9312639261152633
CENTRAL,4,P_E2,pmfs_9_12,pmfs_10_12,0.30000000000000027,32,13.946867108989503,10.619594909792255,12.790474988857586,-3.327272199197248,-1.1563921201319172,0.5,0.8464271782459145,0.5,0.935879922688124,0.5,0.951095250207404
CENTRAL,5,P_G1A,pmfs_11_12,pmfs_12_12,0.2999999999999998,32,7.551973675754407e-46,1.0494580852974667e-51,4.380554035239883e-49,-7.551963181173555e-46,-7.547593121719167e-46,1.0,0.0,1.0,0.0,1.0,0.0
CENTRAL,5,P_E2,pmfs_11_12,pmfs_12_12,0.2999999999999998,32,2.9639104895009657e-34,9.881839063884013e-27,2.205479258969353e-37,9.881838767492964e-27,-2.9617050102419963e-34,1.0,0.0,1.0,0.0,1.0,0.0
CENTRAL,6,P_G1A,pmfs_13_12,pmfs_14_12,0.3000000000000005,32,0.23886973426727215,0.6692205136745666,0.37513994439880854,0.43035077940729444,0.1362702101315364,0.875,0.1655819518571781,0.6875,0.41548324317529667,0.75,0.27290727689578276
CENTRAL,6,P_E2,pmfs_13_12,pmfs_14_12,0.3000000000000005,32,0.4494814437008858,0.6276240656087215,0.6113055109388539,0.17814262190783575,0.1618240672379681,0.78125,0.3069450918423613,0.71875,0.3758765292817339,0.75,0.35934313903446036
CENTRAL,7,P_G1A,pmfs_15_12,pmfs_16_12,0.2999999999999999,32,3.0414394008538954,1.3397354838241187,1.341603727049614,-1.7017039170297767,-1.6998356738042815,0.8125,0.3087943662710547,0.84375,0.3191704891738516,0.84375,0.3117471454004133
CENTRAL,7,P_E2,pmfs_15_12,pmfs_16_12,0.2999999999999999,32,0.6168449516988648,1.3026752465521596,1.3617014129981873,0.6858302948532948,0.7448564612993225,0.8125,0.31238973156215327,0.8125,0.32111973485493395,0.84375,0.3157577674362328
CENTRAL,8,P_G1A,pmfs_17_12,pmfs_18_12,0.2999999999999997,32,0.988281969187045,5.643384119322572,1.5663709693607826,4.6551021501355265,0.5780890001737375,0.59375,0.6125773453686737,0.53125,0.7686406794154421,0.53125,0.7098076673607788
CENTRAL,8,P_E2,pmfs_17_12,pmfs_18_12,0.2999999999999997,32,1.2336535192339908,2.2629852688587073,3.225449664172058,1.0293317496247165,1.9917961449380672,0.65625,0.6547081337037416,0.5625,0.8261553676408864,0.53125,0.8874016464523851
CENTRAL,9,P_G1A,pmfs_19_12,pmfs_20_12,0.2999999999999998,32,4.19556956611441,4.367563644368129,5.205274575807853,0.17199407825371882,1.0097050096934428,0.5625,0.6335592123594513,0.5,0.6784880386390986,0.5,0.7093539971838246
CENTRAL,9,P_E2,pmfs_19_12,pmfs_20_12,0.2999999999999998,32,1.4793931313511677,3.166669141318592,2.80415487517675,1.6872760099674244,1.3247617438255825,0.5625,0.7052992620221229,0.5625,0.7408644554981939,0.5625,0.7062814850417181
CENTRAL,10,P_G1A,pmfs_21_12,pmfs_22_12,0.2999999999999998,32,31.230146019866346,20.84709779150294,24.457835554885275,-10.383048228363407,-6.7723104649810715,0.9375,0.1403801579789955,0.90625,0.17695012143730254,0.875,0.241205566402685
CENTRAL,10,P_E2,pmfs_21_12,pmfs_22_12,0.2999999999999998,32,62.21231240795608,69.13736536964316,61.10180337834826,6.925052961687086,-1.1105090296078188,0.875,0.2485259454180286,0.9375,0.10059606683570854,0.84375,0.3122988860982134
CENTRAL,11,P_G1A,pmfs_23_12,pmfs_24_12,0.30000000000000004,32,2.5717611296123573,5.613040923963173,4.6743990206959785,3.041279794350816,2.102637891083621,0.59375,0.6530013477780049,0.65625,0.6123269335536199,0.625,0.5924173825424706
CENTRAL,11,P_E2,pmfs_23_12,pmfs_24_12,0.30000000000000004,32,5.06859984015354,4.93369595400231,4.764752068997924,-0.13490388615123017,-0.303847771155616,0.46875,0.8554705174730515,0.59375,0.6217472786871302,0.59375,0.684670811184789
CENTRAL,12,P_G1A,pmfs_1_13,pmfs_2_13,0.2999999999999998,32,22.927827065564962,29.56461955286155,28.367587531576078,6.636792487296589,5.439760466011116,0.4375,0.9266151915961311,0.4375,0.9501667402799905,0.4375,0.9103540914793693
CENTRAL,12,P_E2,pmfs_1_13,pmfs_2_13,0.2999999999999998,32,25.748343521674016,37.88608006931998,29.542782615490285,12.137736547645964,3.794439093816269,0.90625,0.19117358742538118,0.90625,0.18750000000001077,0.90625,0.20270635801675946
CENTRAL,13,P_G1A,pmfs_3_13,pmfs_4_13,0.3000000000000007,32,17.27130704809302,12.661655039761799,14.295455817211378,-4.6096520083312225,-2.975851230881643,0.875,0.24292424947749067,0.875,0.23164028276856108,0.84375,0.2921320716405005
CENTRAL,13,P_E2,pmfs_3_13,pmfs_4_13,0.3000000000000007,32,9.94907125030134,10.256655922119952,13.372647010426453,0.3075846718186117,3.4235757601251127,0.6875,0.530613635057491,0.625,0.5940478776297351,0.625,0.5147810497029838
CENTRAL,14,P_G1A,pmfs_5_13,pmfs_6_13,0.2999999999999998,32,0.3381549245861999,0.19674617683384346,0.09012298192108423,-0.14140874775235643,-0.24803194266511566,0.96875,0.06858497413831238,0.84375,0.14298339975018387,0.96875,0.056164023366325075
CENTRAL,14,P_E2,pmfs_5_13,pmfs_6_13,0.2999999999999998,32,1.1414967852208557,1.1673097681855926,1.558069916710854,0.025812982964736886,0.4165731314899983,0.6875,0.5278773184949609,0.75,0.4212269181090546,0.6875,0.5058684368425345
CENTRAL,15,P_G1A,pmfs_7_13,pmfs_8_13,0.2999999999999998,32,1.6825040361540184,1.621990602612529,2.0392815185329742,-0.060513433541489414,0.3567774823789558,0.75,0.5202227995526492,0.6875,0.5492964175719548,0.6875,0.6044243406611313
CENTRAL,15,P_E2,pmfs_7_13,pmfs_8_13,0.2999999999999998,32,7.195283040861397e-05,2.2054220760491463e-06,0.0002466545761447513,-6.974740833256483e-05,0.00017470174573613732,1.0,6.492171467884639e-08,1.0,3.0952989452883535e-10,1.0,1.4309503257477222e-06
CENTRAL,16,P_G1A,pmfs_9_13,pmfs_10_13,0.30000000000000027,32,7.543912000829556,8.365287209791294,9.994351737673426,0.8213752089617383,2.4504397368438706,0.8125,0.30547642852046997,0.8125,0.3421702077152411,0.78125,0.3475714455680195
CENTRAL,16,P_E2,pmfs_9_13,pmfs_10_13,0.30000000000000027,32,12.166820802847097,18.621815096376906,17.040434698806596,6.4549942935298095,4.873613895959499,0.9375,0.12614760563089653,0.875,0.24941550607357485,0.90625,0.19348225491611146
CENTRAL,17,P_G1A,pmfs_11_13,pmfs_12_13,0.2999999999999998,32,8.292783062186753e-24,1.9971514369755545e-15,6.0900188083245105e-24,1.9971514286827714e-15,-2.202764253862243e-24,1.0,0.0,1.0,2.434683598496568e-28,1.0,0.0
CENTRAL,17,P_E2,pmfs_11_13,pmfs_12_13,0.2999999999999998,32,4.679187541162162e-18,5.3705731889888385e-11,2.36448220208579e-18,5.3705727210700845e-11,-2.3147053390763725e-18,1.0,3.0814879110195774e-33,1.0,1.792808948547101e-19,1.0,0.0
CENTRAL,18,P_G1A,pmfs_13_13,pmfs_14_13,0.3000000000000005,32,0.2937302610290706,0.8669943081099631,0.7685661769644389,0.5732640470808925,0.4748359159353682,0.96875,0.07152895915520742,0.875,0.20001145669783515,0.90625,0.14680191276108448
CENTRAL,18,P_E2,pmfs_13_13,pmfs_14_13,0.3000000000000005,32,1.4502548978451306,2.0729949692490965,2.1168932981990665,0.6227400714039659,0.6666384003539358,0.71875,0.5653321651018561,0.65625,0.5962789898400921,0.65625,0.6412554791244784
CENTRAL,19,P_G1A,pmfs_15_13,pmfs_16_13,0.2999999999999999,32,3.3506181937521458,3.7067987072440105,5.554306103035983,0.35618051349186475,2.203687909283837,0.875,0.25402480100635016,0.875,0.25000349504158026,0.875,0.25008221617747545
CENTRAL,19,P_E2,pmfs_15_13,pmfs_16_13,0.2999999999999999,32,1.7454046791893552,1.9934576426069062,2.597111028325659,0.248052963417551,0.8517063491363039,0.9375,0.12554570121047387,0.90625,0.14322990378368233,0.9375,0.12506935621841098
CENTRAL,20,P_G1A,pmfs_17_13,pmfs_18_13,0.2999999999999997,32,0.32091537083146215,1.114897703713111,1.26147694817613,0.7939823328816488,0.9405615773446679,0.84375,0.220150854209947,0.5625,0.6897785264912268,0.625,0.6995064960083017
CENTRAL,20,P_E2,pmfs_17_13,pmfs_18_13,0.2999999999999997,32,0.024528043273730628,0.35391711521415653,0.6708507863803141,0.3293890719404259,0.6463227431065836,1.0,0.009837632437795039,0.90625,0.15743774650305092,0.8125,0.33657335016846013
CENTRAL,21,P_G1A,pmfs_19_13,pmfs_20_13,0.2999999999999998,32,2.6608428290879926,3.021839378457325,3.414677011326818,0.36099654936933234,0.7538341822388253,0.78125,0.3550929545257469,0.6875,0.521714033472161,0.75,0.4186689992376555
CENTRAL,21,P_E2,pmfs_19_13,pmfs_20_13,0.2999999999999998,32,3.0667284744535768,4.52545296896055,5.055848453218268,1.4587244945069728,1.9891199787646916,0.6875,0.47842234190707544,0.71875,0.4517897943784468,0.6875,0.4675152799654236
CENTRAL,22,P_G1A,pmfs_21_13,pmfs_22_13,0.2999999999999998,32,0.7695920525643087,1.1409284684845704,1.540468259543994,0.3713364159202617,0.7708762069796853,0.625,0.520891739251687,0.59375,0.5936715198605277,0.625,0.6521537476684269
CENTRAL,22,P_E2,pmfs_21_13,pmfs_22_13,0.2999999999999998,32,1.1605495497712837,1.7743721109169734,1.6843012224333247,0.6138225611456898,0.523751672662041,0.65625,0.5879807203336218,0.625,0.6890946506260749,0.59375,0.7027469098893862
CENTRAL,23,P_G1A,pmfs_23_13,pmfs_24_13,0.30000000000000004,32,21.76730098924521,52.20777673020203,23.80885911060274,30.440475740956817,2.0415581213575287,0.46875,0.8539541066072356,0.40625,0.9238569415325442,0.40625,0.9545111095964176
CENTRAL,23,P_E2,pmfs_23_13,pmfs_24_13,0.30000000000000004,32,14.364775034966467,18.611138042822517,14.920841673695481,4.246363007856051,0.5560666387290141,0.5,0.7408228049288059,0.5,0.808561357483016,0.5,0.7842975167128734
CENTRAL,24,P_G1A,pmfs_1_14,pmfs_2_14,0.2999999999999998,32,8.58243467300653,2665.542634865035,7.280725500061891,2656.9602001920284,-1.3017091729446388,0.59375,0.7340270266172282,0.65625,0.6206038532343533,0.625,0.7087105578844005
CENTRAL,24,P_E2,pmfs_1_14,pmfs_2_14,0.2999999999999998,32,4.440778905934128,3.1073659573618637,4.968422212751144,-1.333412948572264,0.5276433068170165,0.90625,0.16044524117982017,0.96875,0.06250012686463012,0.90625,0.18750085926142973
CENTRAL,25,P_G1A,pmfs_3_14,pmfs_4_14,0.3000000000000007,32,0.009305256751354131,0.009012226816991323,0.0014808049181510357,-0.0002930299343628078,-0.007824451833203096,1.0,0.0024910044566525498,1.0,0.0020390326696636853,1.0,6.593287367714016e-05
CENTRAL,25,P_E2,pmfs_3_14,pmfs_4_14,0.3000000000000007,32,5.140377722582098,25.990020062155104,6.697720476562455,20.849642339573006,1.5573427539803566,0.8125,0.3249939517313867,0.6875,0.5903384418767437,0.78125,0.4477656399638308
CENTRAL,26,P_G1A,pmfs_5_14,pmfs_6_14,0.2999999999999998,32,16.043718756110888,35.140087771661406,16.513216822647315,19.09636901555052,0.46949806653642767,0.90625,0.18648043442164045,0.8125,0.30058600269914326,0.875,0.2657823424568973
CENTRAL,26,P_E2,pmfs_5_14,pmfs_6_14,0.2999999999999998,32,2.3447686985885428,3.947914708875285,4.1168029266661295,1.6031460102867423,1.7720342280775867,0.875,0.25574318261375717,0.6875,0.5535819145322035,0.75,0.3990025526886972
CENTRAL,27,P_G1A,pmfs_7_14,pmfs_8_14,0.2999999999999998,32,3.218337939296629,3.486633811922159,4.381280217442793,0.26829587262553023,1.162942278146164,0.5625,0.8418968629869112,0.75,0.4999157952448616,0.6875,0.5883950032389024
CENTRAL,27,P_E2,pmfs_7_14,pmfs_8_14,0.2999999999999998,32,2.12835801256404,1.8117246100678548,2.5079967445928206,-0.3166334024961852,0.3796387320287806,0.9375,0.11545752710785503,0.96875,0.06268420538388976,0.96875,0.09001812469011661
CENTRAL,28,P_G1A,pmfs_9_14,pmfs_10_14,0.30000000000000027,32,0.3856150071570402,2.5037129336194193,1.8529467484890771,2.118097926462379,1.4673317413320368,0.875,0.21017079763463536,0.84375,0.3312558194635681,0.8125,0.3342616226073776
CENTRAL,28,P_E2,pmfs_9_14,pmfs_10_14,0.30000000000000027,32,9.844471305523516e-05,0.0011396827106437248,0.03664936015310747,0.0010412379975884897,0.036550915440052234,1.0,5.726432176771353e-07,1.0,6.989371065993032e-05,0.96875,0.027206922098451557
CENTRAL,29,P_G1A,pmfs_11_14,pmfs_12_14,0.2999999999999998,32,0.030942898336460495,5.293055947885323,1.3324124154391228,5.262113049548862,1.3014695171026622,0.96875,0.024687282983359458,0.96875,0.0625,0.96875,0.0625
CENTRAL,29,P_E2,pmfs_11_14,pmfs_12_14,0.2999999999999998,32,3.500930453375274e-07,8.597042466351669e-09,1.9381721061458794e-14,-3.4149600287117575e-07,-3.500930259558063e-07,1.0,7.841053399076128e-12,1.0,4.730050490151411e-15,1.0,2.3376281308047222e-26
CENTRAL,30,P_G1A,pmfs_13_14,pmfs_14_14,0.3000000000000005,32,0.0005708304370909053,0.0728636956448177,0.07017596696236678,0.0722928652077268,0.06960513652527588,1.0,2.0427379300069725e-05,0.9375,0.057971786381283336,0.96875,0.05385683623997646
CENTRAL,30,P_E2,pmfs_13_14,pmfs_14_14,0.3000000000000005,32,0.48342338332831447,0.6445879553291854,0.6802102297823278,0.16116457200087098,0.19678684645401334,0.90625,0.19259581194681857,0.90625,0.1930195431013754,0.90625,0.18848035974146904
CENTRAL,31,P_G1A,pmfs_15_14,pmfs_16_14,0.2999999999999999,32,1.1282977652009394,1.7948216651122613,2.0618058682571405,0.6665238999113219,0.9335081030562011,0.9375,0.1315052615809929,0.96875,0.06267514031574628,0.96875,0.08155436513877226
CENTRAL,31,P_E2,pmfs_15_14,pmfs_16_14,0.2999999999999999,32,0.8962688336722353,1.9001873558655042,1.445137072498349,1.003918522193269,0.5488682388261137,0.96875,0.06389259380513786,0.96875,0.06782934276400297,0.96875,0.06293307939814465
CENTRAL,32,P_G1A,pmfs_17_14,pmfs_18_14,0.2999999999999997,32,0.4146554094631224,0.8091663584521779,1.0548235505907906,0.3945109489890555,0.6401681411276682,0.875,0.12439011146045373,0.875,0.20502735161316066,0.875,0.21501201150216953
CENTRAL,32,P_E2,pmfs_17_14,pmfs_18_14,0.2999999999999997,32,1.173367400007183,0.07657338190308105,1.8712132898940739,-1.0967940181041018,0.6978458898868909,0.9375,0.12017826047007876,0.96875,0.05218179373664624,0.9375,0.12499727500484253
CENTRAL,33,P_G1A,pmfs_19_14,pmfs_20_14,0.2999999999999998,32,2.009686694141867,1.4812614820833576,3.061463620930071,-0.5284252120585093,1.0517769267882042,0.84375,0.29402887573740366,0.84375,0.2609625164043253,0.875,0.2836989428186685
CENTRAL,33,P_E2,pmfs_19_14,pmfs_20_14,0.2999999999999998,32,82.5724025229115,37.32985591793348,50.18730120366054,-45.242546604978024,-32.385101319250964,0.75,0.46194647317664217,0.71875,0.4751282736959608,0.75,0.46210928588530825
CENTRAL,34,P_G1A,pmfs_21_14,pmfs_22_14,0.2999999999999998,32,2.898355720916012,2.7643620964363875,3.501163990322839,-0.13399362447962426,0.6028082694068271,0.5625,0.7573797993964385,0.5,0.8436460363708734,0.59375,0.7452394945243801
CENTRAL,34,P_E2,pmfs_21_14,pmfs_22_14,0.2999999999999998,32,3.7335664432936997,3.693390548026696,4.763566998464393,-0.040175895267003714,1.0300005551706932,0.59375,0.7405117565237285,0.59375,0.7607490368481972,0.5625,0.8351545229788341
CENTRAL,35,P_G1A,pmfs_23_14,pmfs_24_14,0.30000000000000004,32,2.953832998496581,1.2482677460391574,1.6575490993352358,-1.7055652524574239,-1.2962838991613455,0.5625,0.6844609292956796,0.5,0.7260939262187377,0.53125,0.8069334647351858
CENTRAL,35,P_E2,pmfs_23_14,pmfs_24_14,0.30000000000000004,32,3.252172894089612,3.315146109647003,4.356921278230651,0.062973215557391,1.1047483841410388,0.53125,0.8075865379258608,0.5,0.8760825236905059,0.53125,0.8169511513759917
CENTRAL,36,P_G1A,pmfs_1_15,pmfs_2_15,0.2999999999999998,32,8.21981823151933,5.922954059608714,11.480699655219126,-2.2968641719106158,3.2608814236997965,0.6875,0.5590572214202764,0.6875,0.5282097650791702,0.6875,0.5655767580578464
CENTRAL,36,P_E2,pmfs_1_15,pmfs_2_15,0.2999999999999998,32,6.8930305485881425,4.209988968492084,7.051699474658037,-2.6830415800960585,0.15866892606989413,0.625,0.521185634549601,0.75,0.39784449513943,0.625,0.6095121449571985
CENTRAL,37,P_G1A,pmfs_3_15,pmfs_4_15,0.3000000000000007,32,30.65192642145714,26.26520053344031,29.14236959982744,-4.38672588801683,-1.509556821629701,0.90625,0.16554057840426972,0.9375,0.14769001621270939,0.84375,0.24643541292466567
CENTRAL,37,P_E2,pmfs_3_15,pmfs_4_15,0.3000000000000007,32,49.477671889111654,34.77330267299783,55.86426557408879,-14.704369216113825,6.386593684977136,0.46875,0.8584094090136237,0.59375,0.7611759823796703,0.5,0.8847584963144035
CENTRAL,38,P_G1A,pmfs_5_15,pmfs_6_15,0.2999999999999998,32,1.2881700964865959,2.3274904724914545,2.8643250448754225,1.0393203760048586,1.5761549483888266,0.84375,0.3133676659284398,0.53125,0.8884685864335576,0.5625,0.8549228164460804
CENTRAL,38,P_E2,pmfs_5_15,pmfs_6_15,0.2999999999999998,32,1.9691541657222176,2.6023784138991144,2.856583032005744,0.6332242481768968,0.8874288662835264,0.625,0.6822376255627686,0.625,0.7255982991098688,0.625,0.744643258029553
CENTRAL,39,P_G1A,pmfs_7_15,pmfs_8_15,0.2999999999999998,32,80.6580640415791,50.499261892843165,90.36770834035953,-30.15880214873593,9.709644298780432,0.5625,0.7574266769913316,0.65625,0.6569391478025941,0.53125,0.8302491275351173
CENTRAL,39,P_E2,pmfs_7_15,pmfs_8_15,0.2999999999999998,32,102.9665243451171,60.67249247048961,102.9266946859139,-42.294031874627485,-0.03982965920319259,0.625,0.584472543357685,0.71875,0.5506237779103922,0.53125,0.6458829746062124
CENTRAL,40,P_G1A,pmfs_9_15,pmfs_10_15,0.30000000000000027,32,0.9194889002896318,1.6684443487947875,1.1961192566485654,0.7489554485051557,0.2766303563589336,0.71875,0.36705038155260555,0.71875,0.46739890472328405,0.78125,0.34356029215653483
CENTRAL,40,P_E2,pmfs_9_15,pmfs_10_15,0.30000000000000027,32,2.9721601945840135,3.0905274330176553,4.075241381643237,0.11836723843364183,1.1030811870592236,0.59375,0.4499418305248728,0.5625,0.6052304071308846,0.53125,0.6838306559821242
CENTRAL,41,P_G1A,pmfs_11_15,pmfs_12_15,0.2999999999999998,32,4.3149465122354915e-12,1.066843227388748e-11,1.3373979657161347e-17,6.353485761651989e-12,-4.3149331382558345e-12,1.0,1.0332180957392029e-21,1.0,6.732709033208972e-21,1.0,6.162975822039155e-33
CENTRAL,41,P_E2,pmfs_11_15,pmfs_12_15,0.2999999999999998,32,1.6992730325855397e-09,9.300913104366407e-09,1.0955229820162582e-11,7.601640071780868e-09,-1.688317802765377e-09,1.0,1.5288805813420856e-16,1.0,2.502066912465359e-15,1.0,3.908170720719182e-21
CENTRAL,42,P_G1A,pmfs_13_15,pmfs_14_15,0.3000000000000005,32,3.747919949569389e-05,0.0016132335951967803,0.000570667666435998,0.0015757543957010864,0.0005331884669403041,1.0,6.544785371974943e-08,1.0,0.00015778582313277117,1.0,2.0424509079755208e-05
CENTRAL,42,P_E2,pmfs_13_15,pmfs_14_15,0.3000000000000005,32,2.184347583729749e-05,0.2827701415677429,0.006383975987970278,0.2827482980919056,0.0063621325121329805,1.0,2.8243930692652665e-08,0.9375,0.08375621714236339,1.0,0.0020758710674479287
CENTRAL,43,P_G1A,pmfs_15_15,pmfs_16_15,0.2999999999999999,32,0.5501870611878728,1.0621876716220253,1.3855055282532516,0.5120006104341526,0.8353184670653788,0.875,0.18066139498116512,0.875,0.22817462364925167,0.875,0.21632474319520173
CENTRAL,43,P_E2,pmfs_15_15,pmfs_16_15,0.2999999999999999,32,0.2786669074916837,0.5195197221450844,0.7507802092718899,0.24085281465340064,0.4721133017802062,0.875,0.17095868696356173,0.90625,0.1768221723258833,0.90625,0.20620606004289857
CENTRAL,44,P_G1A,pmfs_17_15,pmfs_18_15,0.2999999999999997,32,4.290952733720465,2.151269860193964,4.760112829999781,-2.1396828735265006,0.46916009627931654,0.90625,0.18215269365104625,0.875,0.18117158089820523,0.875,0.18867015750916694
CENTRAL,44,P_E2,pmfs_17_15,pmfs_18_15,0.2999999999999997,32,0.8428332846628966,2.6145779191999354,1.0219372485749272,1.771744634537039,0.17910396391203054,0.875,0.20862758281566934,0.90625,0.18848526392533177,0.90625,0.1928557269312739
CENTRAL,45,P_G1A,pmfs_19_15,pmfs_20_15,0.2999999999999998,32,25.13063705726639,26.851880781949518,24.64491236220491,1.7212437246831271,-0.4857246950614815,0.90625,0.1766244535231375,0.875,0.25175338190988616,0.875,0.21284454002965109
CENTRAL,45,P_E2,pmfs_19_15,pmfs_20_15,0.2999999999999998,32,24.84224703000102,34.36135393002131,22.0413357441772,9.51910690002029,-2.800911285823819,0.6875,0.4312596413651717,0.6875,0.5322383762993881,0.65625,0.4685795504332374
CENTRAL,46,P_G1A,pmfs_21_15,pmfs_22_15,0.2999999999999998,32,0.5036263602038783,0.4410313678265531,0.4901842119342329,-0.06259499237732519,-0.013442148269645404,0.8125,0.28465905742249575,0.84375,0.2575933784616939,0.78125,0.2853905649913944
CENTRAL,46,P_E2,pmfs_21_15,pmfs_22_15,0.2999999999999998,32,1.0904551132401106,0.9518365729118996,1.0403248847445308,-0.13861854032821097,-0.0501302284955798,0.78125,0.41593056676351586,0.78125,0.3266073668837774,0.78125,0.34065691065165915
CENTRAL,47,P_G1A,pmfs_23_15,pmfs_24_15,0.30000000000000004,32,75.60921567588531,55.197804403731794,69.19798011687223,-20.411411272153515,-6.411235559013079,0.46875,0.8033581664404192,0.59375,0.6153827296884492,0.46875,0.9150266237675672
CENTRAL,47,P_E2,pmfs_23_15,pmfs_24_15,0.30000000000000004,32,40.32011985775922,28.528938576432623,54.464546199205444,-11.791181281326594,14.144426341446227,0.59375,0.7320522404797386,0.59375,0.7907219253086221,0.53125,0.8759577118896099
CENTRAL,48,P_G1A,pmfs_1_16,pmfs_2_16,0.2999999999999998,32,400.7735187809343,289.12756613573936,329.23339958760863,-111.64595264519494,-71.54011919332567,0.9375,0.10621719872600567,0.9375,0.1250001922334909,0.9375,0.12847691660659383
CENTRAL,48,P_E2,pmfs_1_16,pmfs_2_16,0.2999999999999998,32,1.1323947172472508,1.2430466604373944,1.6387184974625768,0.1106519431901436,0.506323780215326,0.625,0.5991719802334126,0.59375,0.7114342346992653,0.5625,0.7397025112356265
CENTRAL,49,P_G1A,pmfs_3_16,pmfs_4_16,0.3000000000000007,32,9.328903813676943e-05,8.99597808548808e-09,0.00015860707437603038,-9.328004215868393e-05,6.531803623926096e-05,1.0,5.7960702034152676e-08,1.0,1.9061993037793243e-15,1.0,1.8471181092434137e-07
CENTRAL,49,P_E2,pmfs_3_16,pmfs_4_16,0.3000000000000007,32,1.263375696327062,3.861276897642182,2.006662336914244,2.5979012013151204,0.7432866405871821,0.65625,0.623968268031012,0.71875,0.5568191541164967,0.5625,0.7913215222755138
CENTRAL,50,P_G1A,pmfs_5_16,pmfs_6_16,0.2999999999999998,32,0.21966452757109864,0.11690610670761292,0.464938244468049,-0.10275842086348572,0.24527371689695035,0.9375,0.09691747346963696,0.96875,0.06024696559237323,0.90625,0.15334592736366237
CENTRAL,50,P_E2,pmfs_5_16,pmfs_6_16,0.2999999999999998,32,0.5901694415540748,1.518392462112932,1.9729291345711983,0.9282230205588573,1.3827596930171235,0.84375,0.24254630530355162,0.78125,0.39665999521162726,0.71875,0.48591365348109017
CENTRAL,51,P_G1A,pmfs_7_16,pmfs_8_16,0.2999999999999998,32,12.722125471993794,10.477436222285506,12.530862095810916,-2.244689249708287,-0.19126337618287792,0.90625,0.14737519608703342,0.9375,0.1250551815839731,0.8125,0.2743458262508607
CENTRAL,51,P_E2,pmfs_7_16,pmfs_8_16,0.2999999999999998,32,49.53062917270262,27.105881487849004,50.964586772234185,-22.424747684853614,1.433957599531567,0.84375,0.2828182812303105,0.875,0.19108442935231312,0.8125,0.3601209100492606
CENTRAL,52,P_G1A,pmfs_9_16,pmfs_10_16,0.30000000000000027,32,5.205653654070819,36.54641999073924,9.373415295302438,31.34076633666842,4.167761641231619,0.875,0.24222851719485683,0.90625,0.1876381877514968,0.875,0.20602658807982452
CENTRAL,52,P_E2,pmfs_9_16,pmfs_10_16,0.30000000000000027,32,7.51941004926357,13.825447716188195,19.363344910062995,6.306037666924626,11.843934860799425,0.8125,0.2955644012219989,0.71875,0.3747376875086598,0.8125,0.330890683202168
CENTRAL,53,P_G1A,pmfs_11_16,pmfs_12_16,0.2999999999999998,32,8.062256676483137e-08,0.00018504144499944346,0.0038319930380433568,0.00018496082243267862,0.0038319124154765918,1.0,3.455520853460678e-13,1.0,2.1781948600083036e-06,1.0,0.0008323743278351159
CENTRAL,53,P_E2,pmfs_11_16,pmfs_12_16,0.2999999999999998,32,2.5394256830371147e-06,0.0009938713370468402,4.752464045028315e-06,0.000991331911363803,2.2130383619912004e-06,1.0,4.126820531524995e-10,1.0,5.287202548291277e-05,1.0,1.4452787132915043e-09
CENTRAL,54,P_G1A,pmfs_13_16,pmfs_14_16,0.3000000000000005,32,7.400507617344296e-12,7.267610765044947e-15,7.978659040017544e-15,-7.393240006579252e-12,-7.392528958304279e-12,1.0,2.9595938829491955e-21,1.0,2.7839055419645058e-27,1.0,2.9031437166814083e-27
CENTRAL,54,P_E2,pmfs_13_16,pmfs_14_16,0.3000000000000005,32,0.2929041642958258,0.427478250458465,1.358100154338048,0.13457408616263922,1.065195990042222,0.96875,0.06248937623203166,0.96875,0.062499856760193186,0.96875,0.0625
CENTRAL,55,P_G1A,pmfs_15_16,pmfs_16_16,0.2999999999999999,32,3.952034473416154,4.913034180743592,6.908456884463472,0.9609997073274381,2.9564224110473183,0.875,0.2461445019662018,0.875,0.21084096967072172,0.90625,0.19410880958375526
CENTRAL,55,P_E2,pmfs_15_16,pmfs_16_16,0.2999999999999999,32,2.0961137903645612,3.6831487474321625,4.7257157915635215,1.5870349570676012,2.6296020011989603,0.9375,0.12094219737517117,0.84375,0.28085430050546056,0.84375,0.2862640187622315
CENTRAL,56,P_G1A,pmfs_17_16,pmfs_18_16,0.2999999999999997,32,79.1608019141074,226.40782481244636,72.42648200546134,147.24702289833897,-6.734319908646057,0.9375,0.12500000048391824,0.90625,0.18750000000141648,0.9375,0.1250000000001879
CENTRAL,56,P_E2,pmfs_17_16,pmfs_18_16,0.2999999999999997,32,608.5500209466502,769.496997404927,123.8807753910981,160.94697645827682,-484.6692455555521,0.90625,0.1559557885156147,0.9375,0.14660875103963528,0.9375,0.12956413833781139
CENTRAL,57,P_G1A,pmfs_19_16,pmfs_20_16,0.2999999999999998,32,0.009204433505617114,0.036301911672055036,0.029686334510516478,0.02709747816643792,0.020481901004899362,1.0,0.0024129486004487734,0.96875,0.027312040293096505,1.0,0.010359544554657936
CENTRAL,57,P_E2,pmfs_19_16,pmfs_20_16,0.2999999999999998,32,0.7473716780054847,8.452151356406906,0.9705048564344929,7.7047796784014215,0.22313317842900826,0.59375,0.5206833831312191,0.53125,0.8930291925928864,0.5,0.6572685882356941
CENTRAL,58,P_G1A,pmfs_21_16,pmfs_22_16,0.2999999999999998,32,3.106418298253462,3.981750319675699,4.919957498886333,0.8753320214222371,1.8135392006328712,0.59375,0.687052652174149,0.59375,0.7670244817377118,0.5,0.8911156349294271
CENTRAL,58,P_E2,pmfs_21_16,pmfs_22_16,0.2999999999999998,32,4.253730580774285,21.270621623175224,5.9161017675353165,17.01689104240094,1.6623711867610318,0.46875,0.8942037037471577,0.53125,0.8386099469844959,0.4375,0.9108209027657485
CENTRAL,59,P_G1A,pmfs_23_16,pmfs_24_16,0.30000000000000004,32,11.521475983797288,28.925570262304095,14.120870713123338,17.404094278506808,2.5993947293260504,0.40625,1.1094020727455534,0.375,1.1636778991027237,0.375,1.1813268318257968
CENTRAL,59,P_E2,pmfs_23_16,pmfs_24_16,0.30000000000000004,32,12.398695066324162,19.61252232535204,21.644230686123898,7.213827259027877,9.245535619799735,0.375,1.0922841673592574,0.3125,1.2318839456496087,0.3125,1.2010018049417897
CENTRAL,60,P_G1A,pmfs_1_17,pmfs_2_17,0.2999999999999998,32,0.0011208351010692284,1.3775082331368822e-07,9.276030248615285e-05,-0.0011206973502459147,-0.0010280747985830757,1.0,7.412726138067507e-05,1.0,6.826497892406827e-13,1.0,5.359676149552037e-07
CENTRAL,60,P_E2,pmfs_1_17,pmfs_2_17,0.2999999999999998,32,0.008812700187128021,0.10359286921944091,0.019247289964157296,0.0947801690323129,0.010434589777029275,1.0,0.0019804994386247786,0.9375,0.07037396522749033,1.0,0.0053880611019683985
CENTRAL,61,P_G1A,pmfs_3_17,pmfs_4_17,0.3000000000000007,32,0.04932277819317899,1.1571099087508414,1.1253965448475447,1.1077871305576623,1.0760737666543656,0.96875,0.030706615246404657,0.96875,0.06274867604961964,0.8125,0.3147421240373893
CENTRAL,61,P_E2,pmfs_3_17,pmfs_4_17,0.3000000000000007,32,1.819151167755746,1.0046896117623496,2.8928495219490755,-0.8144615559933963,1.0736983541933296,0.71875,0.5373921033854729,0.90625,0.18748950405765563,0.6875,0.5745390008932464
CENTRAL,62,P_G1A,pmfs_5_17,pmfs_6_17,0.2999999999999998,32,159.8092231849685,122.73892547031552,191.0171117428322,-37.070297714652966,31.207888557863726,0.625,0.64052139351093,0.75,0.4491591402204503,0.53125,0.7444995579253662
CENTRAL,62,P_E2,pmfs_5_17,pmfs_6_17,0.2999999999999998,32,150.43348842902984,71.13734752004756,144.38893418064933,-79.29614090898228,-6.044554248380507,0.71875,0.43798364993401706,0.6875,0.48722369238689095,0.53125,0.7762394887276401
CENTRAL,63,P_G1A,pmfs_7_17,pmfs_8_17,0.2999999999999998,32,0.3484770605447903,0.6696818219664366,0.5741130029897941,0.3212047614216463,0.2256359424450038,0.875,0.16173386528913092,0.90625,0.17772854450455153,0.84375,0.2814448239896337
CENTRAL,63,P_E2,pmfs_7_17,pmfs_8_17,0.2999999999999998,32,1.0476760440016535,1.5071192065524046,1.9346576048341713,0.4594431625507511,0.8869815608325178,0.78125,0.4278382290521212,0.65625,0.606699501393371,0.65625,0.6502834656794737
CENTRAL,64,P_G1A,pmfs_9_17,pmfs_10_17,0.30000000000000027,32,636.2483423141476,228.4161809922742,838.3050273521989,-407.8321613218734,202.05668503805123,0.96875,0.06539698648357324,0.96875,0.0634144352734216,0.96875,0.06629568268313546
CENTRAL,64,P_E2,pmfs_9_17,pmfs_10_17,0.30000000000000027,32,0.15543996864067577,0.7318145126733266,0.29142850245220514,0.5763745440326509,0.13598853381152937,0.96875,0.06164914425633708,0.90625,0.18346205096549814,0.9375,0.11724301593056463
CENTRAL,65,P_G1A,pmfs_11_17,pmfs_12_17,0.2999999999999998,32,5.88554224989051e-12,3.045052648390296e-08,2.8357072823443705e-12,3.044464094165307e-08,-3.049834967546139e-12,1.0,1.3413911779391923e-21,1.0,4.74882765108578e-14,1.0,4.105193605824536e-22
CENTRAL,65,P_E2,pmfs_11_17,pmfs_12_17,0.2999999999999998,32,5.293546142724672e-09,4.75879517426009e-09,6.358481122132431e-12,-5.347509684645824e-10,-5.28718766160254e-09,1.0,1.7933802694157033e-15,1.0,1.4491163686478352e-15,1.0,2.5875340905556743e-21
CENTRAL,66,P_G1A,pmfs_13_17,pmfs_14_17,0.3000000000000005,32,4.6222758264423377e-07,2.2540700324790805e-05,4.2319784646183997e-13,2.207847274214657e-05,-4.622271594463873e-07,1.0,1.3673675381324173e-11,1.0,3.2493877979535625e-08,1.0,1.1462081532987296e-23
CENTRAL,66,P_E2,pmfs_13_17,pmfs_14_17,0.3000000000000005,32,5.715321250648,0.40138916238944405,0.6915082855424857,-5.3139320882585555,-5.023812965105514,0.9375,0.12099659918194217,0.9375,0.09595411600921404,0.90625,0.161585752536243
CENTRAL,67,P_G1A,pmfs_15_17,pmfs_16_17,0.2999999999999999,32,0.07834514721236503,0.6370659467660971,0.6152018496790743,0.558720799553732,0.5368567024667092,0.96875,0.052311409485838796,0.90625,0.18686081836360047,0.90625,0.186551498467179
CENTRAL,67,P_E2,pmfs_15_17,pmfs_16_17,0.2999999999999999,32,0.002339766755435122,0.3217226826474628,0.28060340005755835,0.31938291589202766,0.2782636333021232,1.0,0.00016001414498455202,0.90625,0.14094508211295562,0.90625,0.11919120944754313
CENTRAL,68,P_G1A,pmfs_17_17,pmfs_18_17,0.2999999999999997,32,0.36452914999710595,0.7264913968886703,0.8778758488193414,0.3619622468915643,0.5133466988222355,0.96875,0.06252689959859556,0.9375,0.11941496266682942,0.9375,0.11385444828385238
CENTRAL,68,P_E2,pmfs_17_17,pmfs_18_17,0.2999999999999997,32,1.6688559987762543,2.6700252829938416,3.1739170146184437,1.0011692842175872,1.5050610158421893,0.90625,0.20965660274378584,0.78125,0.3847885349427187,0.78125,0.3727305140980927
CENTRAL,69,P_G1A,pmfs_19_17,pmfs_20_17,0.2999999999999998,32,0.3766643934096933,147.77472992514714,0.35261585506534154,147.39806553173744,-0.024048538344351778,0.9375,0.09881589049564062,0.9375,0.1249961641963166,0.96875,0.06250005778432077
CENTRAL,69,P_E2,pmfs_19_17,pmfs_20_17,0.2999999999999998,32,0.015695506319578993,0.496070922988352,0.6189845188407063,0.480375416668773,0.6032890125211273,1.0,0.00452875267497122,0.875,0.16738299577191962,0.875,0.21422677854046746
CENTRAL,70,P_G1A,pmfs_21_17,pmfs_22_17,0.2999999999999998,32,17.281706767631675,16.271486230693046,13.466574493642769,-1.010220536938629,-3.8151322739889064,0.9375,0.12500000008086168,0.96875,0.06250000000000007,0.96875,0.06250000000000036
CENTRAL,70,P_E2,pmfs_21_17,pmfs_22_17,0.2999999999999998,32,0.3859086984125664,0.33958483510478843,0.4581859427975288,-0.04632386330777799,0.07227724438496236,0.96875,0.06249945828109371,0.96875,0.062497629340763125,0.96875,0.06249994802273122
CENTRAL,71,P_G1A,pmfs_23_17,pmfs_24_17,0.30000000000000004,32,0.4450819580021649,0.7632913263901906,1.0050638170402353,0.3182093683880257,0.5599818590380704,0.9375,0.08060216349941951,0.9375,0.12504826141611608,0.90625,0.15021743107686683
CENTRAL,71,P_E2,pmfs_23_17,pmfs_24_17,0.30000000000000004,32,0.2910118116460809,0.30810571735823766,0.3456000147099281,0.017093905712156743,0.05458820306384721,0.84375,0.20265551877963617,0.875,0.18902284415101905,0.875,0.19991787691459198
CENTRAL,72,P_G1A,pmfs_1_18,pmfs_2_18,0.2999999999999998,32,0.010829387847080225,0.043470554236611954,0.01223915716541931,0.032641166389531726,0.001409769318339086,1.0,0.005337029851601739,0.96875,0.035247976132634036,1.0,0.006560601969457545
CENTRAL,72,P_E2,pmfs_1_18,pmfs_2_18,0.2999999999999998,32,0.15164726978526022,0.31636709942290037,0.3897080808589667,0.16471982963764015,0.23806081107370647,0.9375,0.09081496592366839,0.84375,0.19998466641799056,0.90625,0.1983051231059302
CENTRAL,73,P_G1A,pmfs_3_18,pmfs_4_18,0.3000000000000007,32,8.063669931089413,21.61433535992693,8.80651390279037,13.550665428837517,0.7428439717009567,0.625,0.7299563578389922,0.625,0.6961655192197269,0.625,0.7271241934822652
CENTRAL,73,P_E2,pmfs_3_18,pmfs_4_18,0.3000000000000007,32,6.57893262805123,3.9932056785138785,7.596291305235577,-2.585726949537351,1.0173586771843475,0.78125,0.39601683113089203,0.9375,0.094186092622123,0.75,0.41821331049914673
CENTRAL,74,P_G1A,pmfs_5_18,pmfs_6_18,0.2999999999999998,32,3.0644392410264922,26.89615684047472,4.050978038028373,23.83171759944823,0.9865387970018809,0.53125,0.8711478488378608,0.4375,1.0286684908873662,0.53125,0.8996374956541348
CENTRAL,74,P_E2,pmfs_5_18,pmfs_6_18,0.2999999999999998,32,3.3202304368478677,3.032904577383272,4.168844630066155,-0.28732585946459555,0.8486141932182871,0.5625,0.7388197898849661,0.46875,0.8893286188727194,0.5,0.8979546496660725
CENTRAL,75,P_G1A,pmfs_7_18,pmfs_8_18,0.2999999999999998,32,0.7292846558230034,1.2777443836987892,1.4974130677374935,0.5484597278757858,0.7681284119144901,0.875,0.21480982323421433,0.75,0.4626104660938285,0.71875,0.5091106825475976
CENTRAL,75,P_E2,pmfs_7_18,pmfs_8_18,0.2999999999999998,32,1.742303340872693,1.7379939003131635,2.1754366217247423,-0.0043094405595294205,0.4331332808520494,0.65625,0.6197954816463072,0.71875,0.511368425962342,0.71875,0.5740851938831381
CENTRAL,76,P_G1A,pmfs_9_18,pmfs_10_18,0.30000000000000027,32,1334.4619504159,1287.1463949363838,1971.0556133171794,-47.315555479516206,636.5936629012795,0.6875,0.41042158503577325,0.75,0.47337439687488236,0.6875,0.4920819737499721
CENTRAL,76,P_E2,pmfs_9_18,pmfs_10_18,0.30000000000000027,32,10.489570297724233,23.233707428158553,18.439480009317183,12.74413713043432,7.94990971159295,0.8125,0.26506006921402614,0.875,0.22005161752857688,0.8125,0.3148430508269937
CENTRAL,77,P_G1A,pmfs_11_18,pmfs_12_18,0.2999999999999998,32,4.9714404890678576e-15,6.4169333717420645e-12,1.1571952763324568e-16,6.411961931252996e-12,-4.855720961434612e-15,1.0,1.5797432665116525e-27,1.0,2.626182680226764e-21,1.0,8.905500062846579e-31
CENTRAL,77,P_E2,pmfs_11_18,pmfs_12_18,0.2999999999999998,32,7.46619217855111e-18,4.296667855963469e-11,3.662428563201596e-19,4.296667109344251e-11,-7.099949322230951e-18,1.0,3.0814879110195774e-33,1.0,1.17681510370402e-19,1.0,0.0
CENTRAL,78,P_G1A,pmfs_13_18,pmfs_14_18,0.3000000000000005,32,1117.6917919918317,861.8559129841282,1170.3895283282595,-255.8358790077035,52.69773633642785,0.96875,0.07063423459718372,0.96875,0.06250000000003647,0.96875,0.0625
CENTRAL,78,P_E2,pmfs_13_18,pmfs_14_18,0.3000000000000005,32,166.01711870993162,101.77444971847989,168.64694341043815,-64.24266899145174,2.629824700506532,0.9375,0.08642640877970084,0.9375,0.104833305093182,0.9375,0.12433899369476745
CENTRAL,79,P_G1A,pmfs_15_18,pmfs_16_18,0.2999999999999999,32,0.7021394163356158,0.9253624481921205,1.1588076141442,0.22322303185650472,0.45666819780858425,0.90625,0.17843609444147507,0.90625,0.15057363660908038,0.90625,0.14989580083005447
CENTRAL,79,P_E2,pmfs_15_18,pmfs_16_18,0.2999999999999999,32,0.8173643765955967,0.9570535983606963,1.3400156839240402,0.13968922176509957,0.5226513073284436,0.9375,0.16867070469726658,0.84375,0.19848200255572487,0.84375,0.19874729872952485
CENTRAL,80,P_G1A,pmfs_17_18,pmfs_18_18,0.2999999999999997,32,7.125267060084531,10.756796860534822,9.686714671505888,3.6315298004502905,2.5614476114213565,0.90625,0.18671317678603072,0.84375,0.31046697550984226,0.84375,0.265795578903787
CENTRAL,80,P_E2,pmfs_17_18,pmfs_18_18,0.2999999999999997,32,1.5288173504474651,2.136063911744701,3.2719976876528785,0.607246561297236,1.7431803372054133,0.8125,0.3693623386164574,0.6875,0.5268130909164528,0.65625,0.616868975787743
CENTRAL,81,P_G1A,pmfs_19_18,pmfs_20_18,0.2999999999999998,32,1.8774277929777474,2.2449209070347167,2.517203761176643,0.36749311405696927,0.6397759681988955,0.9375,0.1266289934328978,0.875,0.24862276486247525,0.875,0.23103826862991483
CENTRAL,81,P_E2,pmfs_19_18,pmfs_20_18,0.2999999999999998,32,1.7274308197243018,2.382115135415141,3.7792995524093866,0.6546843156908393,2.051868732685085,0.84375,0.3022420048912175,0.84375,0.2684134095239181,0.84375,0.32216295955588053
CENTRAL,82,P_G1A,pmfs_21_18,pmfs_22_18,0.2999999999999998,32,0.017039607096941647,3.37926862616878,0.025100718995769388,3.3622290190718385,0.00806111189882774,1.0,0.010393994847819518,0.9375,0.13116524659435408,1.0,0.01429846885413994
CENTRAL,82,P_E2,pmfs_21_18,pmfs_22_18,0.2999999999999998,32,0.00035517375690874236,5.25097113401616e-10,7.312931701800203e-06,-0.00035517323181162894,-0.00034786082520694213,1.0,5.888161807211701e-06,1.0,3.7039665078317216e-18,1.0,1.8859263967284023e-09
CENTRAL,83,P_G1A,pmfs_23_18,pmfs_24_18,0.30000000000000004,32,59.0410744514942,26.621814330459863,48.93288748568916,-32.419260121034334,-10.10818696580504,0.90625,0.1736007928563023,0.9375,0.09158812345576567,0.90625,0.20322694865579174
CENTRAL,83,P_E2,pmfs_23_18,pmfs_24_18,0.30000000000000004,32,25.186624398783906,13.955475757991607,16.14799574374269,-11.231148640792298,-9.038628655041215,0.90625,0.17805292990657834,0.9375,0.13394636430812262,0.90625,0.17690883804987012
