relative_path	archive_sha256	upstream_sha256	byte_identical
Environment_config/PMFS/launch/gaden.rviz	0d9c55aa1143e059ff082818cc6245f89b49929a3a11690b636b37f29bf08412	0d9c55aa1143e059ff082818cc6245f89b49929a3a11690b636b37f29bf08412	True
Environment_config/PMFS/launch/gaden_player_launch.py	a7677ff9fcf2ddf1e10e04f38312fb94c4e8617d716a77cda6165842f534fbed	a7677ff9fcf2ddf1e10e04f38312fb94c4e8617d716a77cda6165842f534fbed	True
Environment_config/PMFS/launch/gaden_preproc_launch.py	d6b3b2c543078eda7d626ba75c0c2ce9e218f3b3f826d73c22468577f30030b1	d6b3b2c543078eda7d626ba75c0c2ce9e218f3b3f826d73c22468577f30030b1	True
Environment_config/PMFS/launch/gaden_sim_launch.py	8fbece905a432c890bf37a48d36b4072069299a9bbaf50d18cf7ac06c4d7407e	8fbece905a432c890bf37a48d36b4072069299a9bbaf50d18cf7ac06c4d7407e	True
Environment_config/PMFS/launch/hit.rviz	4febe4f9965fc19fb7091da0ea962737c717059adfeec6603edcd8a21d9ed6fb	4febe4f9965fc19fb7091da0ea962737c717059adfeec6603edcd8a21d9ed6fb	True
Environment_config/PMFS/launch/main_simbot_launch.py	2a7c6d585f8b200614360c3d1f0392eb6a1ea5b6f2ec68f47fdcff5c837f704b	2a7c6d585f8b200614360c3d1f0392eb6a1ea5b6f2ec68f47fdcff5c837f704b	True
Environment_config/PMFS/launch/source.rviz	07c4e9900b70b88909d465ffc3caa66fa7d22fa9b1887451425f8c11d04e863b	07c4e9900b70b88909d465ffc3caa66fa7d22fa9b1887451425f8c11d04e863b	True
gsl_server/CMakeLists.txt	36e6070d275b35038c1d36d59517408d909f1682b0407fc6236afe75aa386589	36e6070d275b35038c1d36d59517408d909f1682b0407fc6236afe75aa386589	True
gsl_server/src/gsl_server/algorithms/PMFS/CMakeLists.txt	a7dc73871d6814e43d7f5c5fdcd892c0a35993368de08325f0a3df5bc3947899	a7dc73871d6814e43d7f5c5fdcd892c0a35993368de08325f0a3df5bc3947899	True
gsl_server/src/gsl_server/algorithms/PMFS/MovingStatePMFS.cpp	1f0d88c981e1a3cd6d85e540fb059e6c2db7154d4349c6c9443971b32d56c6cf	1f0d88c981e1a3cd6d85e540fb059e6c2db7154d4349c6c9443971b32d56c6cf	True
gsl_server/src/gsl_server/algorithms/PMFS/MovingStatePMFS.hpp	4ca67afe4821dcab66bf42f46fe736315f83471cd0071702918131b493690377	4ca67afe4821dcab66bf42f46fe736315f83471cd0071702918131b493690377	True
gsl_server/src/gsl_server/algorithms/PMFS/PMFS.cpp	985315d1a1f04bc430e4a32473c2c8ec76f22479c65723a8bc833bf1a4d3a2ab	985315d1a1f04bc430e4a32473c2c8ec76f22479c65723a8bc833bf1a4d3a2ab	True
gsl_server/src/gsl_server/algorithms/PMFS/PMFS.hpp	de304763119b290b3d2f3c3602925a3d889bf1efca3361438cb66f529d151657	de304763119b290b3d2f3c3602925a3d889bf1efca3361438cb66f529d151657	True
gsl_server/src/gsl_server/algorithms/PMFS/PMFSLib.cpp	cf960378f1126e7b2002535b223b03344ad3ae8d12b0761c8017b3c5cdd6147b	cf960378f1126e7b2002535b223b03344ad3ae8d12b0761c8017b3c5cdd6147b	True
gsl_server/src/gsl_server/algorithms/PMFS/PMFSLib.hpp	32144fe09aee16ef674586e39e330710b83c060bf676af72b0264675ddd1ba65	32144fe09aee16ef674586e39e330710b83c060bf676af72b0264675ddd1ba65	True
gsl_server/src/gsl_server/algorithms/PMFS/PMFSViz.cpp	ae211516744fc0adb039bc1936f224eaf2fbd602570f43de180517851fb9c925	ae211516744fc0adb039bc1936f224eaf2fbd602570f43de180517851fb9c925	True
gsl_server/src/gsl_server/algorithms/PMFS/PMFSViz.hpp	ad69a77f3565cee06b06549857ec537001d6d245fe9ac68f2929c12c824c6d9b	ad69a77f3565cee06b06549857ec537001d6d245fe9ac68f2929c12c824c6d9b	True
gsl_server/src/gsl_server/algorithms/PMFS/PMFS_utils.cpp	c2cf11dc1bf2ef13713aa28ccb2dfc30184d6335c40325f5c8a9f215eb39b6e5	c2cf11dc1bf2ef13713aa28ccb2dfc30184d6335c40325f5c8a9f215eb39b6e5	True
gsl_server/src/gsl_server/algorithms/PMFS/internal/HitProbKernel.hpp	47cf4760eed5309009e211784b7aae4d3f73445745c38ba168eead7cc56f5069	47cf4760eed5309009e211784b7aae4d3f73445745c38ba168eead7cc56f5069	True
gsl_server/src/gsl_server/algorithms/PMFS/internal/HitProbability.hpp	6df7c03fbfb56b7709c86c4d748c1ef4d9ee51eb623392cd337636a3b75420c2	6df7c03fbfb56b7709c86c4d748c1ef4d9ee51eb623392cd337636a3b75420c2	True
gsl_server/src/gsl_server/algorithms/PMFS/internal/PublishersAndSubscribers.hpp	c94689de1274212709430aafa07c5f5770bc032346bdb103ccf7a71fee8ec4c2	c94689de1274212709430aafa07c5f5770bc032346bdb103ccf7a71fee8ec4c2	True
gsl_server/src/gsl_server/algorithms/PMFS/internal/Settings.hpp	4ec4ef8c43561027b75d62e1ef8644b8b539dd2228b636bcff49256dfb49ccb8	4ec4ef8c43561027b75d62e1ef8644b8b539dd2228b636bcff49256dfb49ccb8	True
gsl_server/src/gsl_server/algorithms/PMFS/internal/Simulations.cpp	5d6d305937ff4ba8f69b9307649b9a5ee7be3806c59a8e7ad6b4eeca34bba721	5d6d305937ff4ba8f69b9307649b9a5ee7be3806c59a8e7ad6b4eeca34bba721	True
gsl_server/src/gsl_server/algorithms/PMFS/internal/Simulations.hpp	728088a75f2df64c8e28abf77600b3ef5afb39916a31273dfbd855d77c4a8fbf	728088a75f2df64c8e28abf77600b3ef5afb39916a31273dfbd855d77c4a8fbf	True
gsl_server/src/gsl_server/algorithms/PMFS/internal/UI.cpp	b4f16da2498127b0645e5304fb4322aee2d0349f443407c9eb711077bc0e7f07	b4f16da2498127b0645e5304fb4322aee2d0349f443407c9eb711077bc0e7f07	True
gsl_server/src/gsl_server/algorithms/PMFS/internal/UI.hpp	a23dbf848f20273ace1325282cbb351c744c896eeae7397b6ae3bb36b52b518e	a23dbf848f20273ace1325282cbb351c744c896eeae7397b6ae3bb36b52b518e	True
gsl_server/src/gsl_server/algorithms/PMFS/internal/VisibilityMap.hpp	c6314e5e50dec9ec1921417a8dfcbdc3438c94ec23533b87e5bfb8b8a4e619dc	c6314e5e50dec9ec1921417a8dfcbdc3438c94ec23533b87e5bfb8b8a4e619dc	True
