environment_index	house	wind	source_index	source_id	target_replicate	requested_seed	resolved_seed_base_uint32	cube_sha256	cube_bytes	pooled_sha256	pooled_bytes	run_dir
0	House01	1,3-2,4_fast	0	pmfs_13_18	0	2026120000	2026120000	ba5dd959a8ce08d8276a14bec98e467c9cbd19efcda6e8a45e5aa8c91b82223f	396848	1aea012dd6fc998559d9be6ea333218c7e508b44c8bdc9097f878bbed1575ce8	1328	/home/zyc/JTD_E1_FRESH_TARGETS_20260925/E0_House01/1,3-2,4_fast/pmfs_13_18/t0_seed2026120000
0	House01	1,3-2,4_fast	0	pmfs_13_18	1	2026120001	2026120001	d23e6018ae216573eee70201489f51f254ad49e8c5e0ba3392f35d422a53e4e5	396848	8c580d7878e59beed3aba6a989582b774bad9cd639927f043171f9bf9d6d77af	1328	/home/zyc/JTD_E1_FRESH_TARGETS_20260925/E0_House01/1,3-2,4_fast/pmfs_13_18/t1_seed2026120001
0	House01	1,3-2,4_fast	1	pmfs_13_19	0	2026120010	2026120010	116bd2a11f2386403ced706a6e4f8f06382886f5129727475a33c8362eaa37b3	396848	4deeec9ac70c6bc73fb0056d643552342129f3e87215bce8080841e8844e14e0	1328	/home/zyc/JTD_E1_FRESH_TARGETS_20260925/E0_House01/1,3-2,4_fast/pmfs_13_19/t0_seed2026120010
0	House01	1,3-2,4_fast	1	pmfs_13_19	1	2026120011	2026120011	4b4b080f4037f445cde49a258c9faba90f7daaee3372bc36807a0a449df22974	396848	974c6192df17437f25d16e4d54cdb36b69b08402f01a783d69b373972e003216	1328	/home/zyc/JTD_E1_FRESH_TARGETS_20260925/E0_House01/1,3-2,4_fast/pmfs_13_19/t1_seed2026120011
0	House01	1,3-2,4_fast	2	pmfs_27_36	0	2026120020	2026120020	eac180d7d177bb93c210ff99bd048dcceb432c216f24cdd65d026c51747dd2b9	396848	ef1036b249d5cc1de9d6e46aaf0d16c46271fde3953f35f5673749171f35686f	1328	/home/zyc/JTD_E1_FRESH_TARGETS_20260925/E0_House01/1,3-2,4_fast/pmfs_27_36/t0_seed2026120020
0	House01	1,3-2,4_fast	2	pmfs_27_36	1	2026120021	2026120021	b748c7746f6d4378cafa88e0a351d8801cc59abc4c97439bccc928874ac62814	396848	a7fc0fc28bf3458bc5c4dd2afb9dd528899b204d0e2f227862c2db5cb22fd653	1328	/home/zyc/JTD_E1_FRESH_TARGETS_20260925/E0_House01/1,3-2,4_fast/pmfs_27_36/t1_seed2026120021
0	House01	1,3-2,4_fast	3	pmfs_26_36	0	2026120030	2026120030	8119500a7c34c0caac919b888c8a1edeb43cc4bfed003fc19c13208ff83336ab	396848	79468790dc4d635e366c524631d60d4e80f5970ecd19878ba912f803f92de603	1328	/home/zyc/JTD_E1_FRESH_TARGETS_20260925/E0_House01/1,3-2,4_fast/pmfs_26_36/t0_seed2026120030
0	House01	1,3-2,4_fast	3	pmfs_26_36	1	2026120031	2026120031	41615c0d53059f81d57bd9e797a37406a462873dacfc6b3040ea936a604bc3c2	396848	2591f8addc12767da70037438c74b4e2279a89159aa417c0a83a7cb925ac3bbe	1328	/home/zyc/JTD_E1_FRESH_TARGETS_20260925/E0_House01/1,3-2,4_fast/pmfs_26_36/t1_seed2026120031
0	House01	1,3-2,4_fast	4	pmfs_27_1	0	2026120040	2026120040	26a3eff7090b879d3d5c6aa383d58e087bee439a11b5f19a6c1f4c280505c215	396848	c0fddc7073353438ec88aaa7d9ea0043dec2fb80581f6cfb8d98ce1aab55831b	1328	/home/zyc/JTD_E1_FRESH_TARGETS_20260925/E0_House01/1,3-2,4_fast/pmfs_27_1/t0_seed2026120040
0	House01	1,3-2,4_fast	4	pmfs_27_1	1	2026120041	2026120041	fc5fe38e5b4bc17f1165ec288ac09d14b0b2109deaeaacf5cc57bd197dc2d0ae	396848	3ed1a34b5690f9875fb07b39c27ef8f8c8c42316a142c09c506ac12e5cb3aafa	1328	/home/zyc/JTD_E1_FRESH_TARGETS_20260925/E0_House01/1,3-2,4_fast/pmfs_27_1/t1_seed2026120041
0	House01	1,3-2,4_fast	5	pmfs_27_2	0	2026120050	2026120050	9dc48086532f1417f5b76fd23b809f568c4d37e17e2e573e1bec64547aef38ed	396848	f6a0cc79b8befbfb9cf267aa50619861348fde3a9e6795215c7645a02e590c64	1328	/home/zyc/JTD_E1_FRESH_TARGETS_20260925/E0_House01/1,3-2,4_fast/pmfs_27_2/t0_seed2026120050
0	House01	1,3-2,4_fast	5	pmfs_27_2	1	2026120051	2026120051	826ef958443d67f4775f54272bb63da3808b84d1c4d0ae05c5a570e4e919fcd6	396848	2e936dad8ccd01a80e87374925151ff47b46ebc5fd6c90e54cbe8c7bc59f2ede	1328	/home/zyc/JTD_E1_FRESH_TARGETS_20260925/E0_House01/1,3-2,4_fast/pmfs_27_2/t1_seed2026120051
1	House02	3,5-1_slow	0	pmfs_12_20	0	2026121000	2026121000	2d1210389e2ffd26bd1e9a0eaa5797f3dc3bdd235ae8464013ca7bb21b935b64	395208	b886a89abe0c70483caceec1a5002bea5ea4f883aebd139d37fe45edd3404533	1328	/home/zyc/JTD_E1_FRESH_TARGETS_20260925/E1_House02/3,5-1_slow/pmfs_12_20/t0_seed2026121000
1	House02	3,5-1_slow	0	pmfs_12_20	1	2026121001	2026121001	c9c24922688dc8e6e53e549435db13161fa001a03b77025a24af4738d23cb95e	395208	3192c4c1ac05b5ccb16a967290cffaff1ad30cefaaa088e32816abd3b8b43bbb	1328	/home/zyc/JTD_E1_FRESH_TARGETS_20260925/E1_House02/3,5-1_slow/pmfs_12_20/t1_seed2026121001
1	House02	3,5-1_slow	1	pmfs_11_20	0	2026121010	2026121010	e9ad4d21153304768c6919f44cf46356bca5f716f40e790af871160e53ae2b44	395208	74c97e916320b13b598d56c1861182387500f4e9121523d3fcc63436537b0368	1328	/home/zyc/JTD_E1_FRESH_TARGETS_20260925/E1_House02/3,5-1_slow/pmfs_11_20/t0_seed2026121010
1	House02	3,5-1_slow	1	pmfs_11_20	1	2026121011	2026121011	a2d46e925f79e37e0c8c8132d08efe24701575d0d865dcc24725492cdde7da9c	395208	641c191da217e05b5175daf9993cf5fccc16a8287eb05d68a2ca9d4bc1dfe0e3	1328	/home/zyc/JTD_E1_FRESH_TARGETS_20260925/E1_House02/3,5-1_slow/pmfs_11_20/t1_seed2026121011
1	House02	3,5-1_slow	2	pmfs_1_1	0	2026121020	2026121020	2313e17df6939ecdcd02d0689990eeeacfd101aedd253874d07c6440422fa1ae	395208	c81fa8ccbcb0e4c398dad060f3ca81e790ca981726656fbc30ee5f40be476ff9	1328	/home/zyc/JTD_E1_FRESH_TARGETS_20260925/E1_House02/3,5-1_slow/pmfs_1_1/t0_seed2026121020
1	House02	3,5-1_slow	2	pmfs_1_1	1	2026121021	2026121021	1d129eb1f06b0ff841a4292ba7f5490a1c7bc28571e723fc4ace30b9807260d2	395208	a82daf6565c085e13a938ec6c09e5ff007e4bb25eec38d20b7b5f3579a8a3f53	1328	/home/zyc/JTD_E1_FRESH_TARGETS_20260925/E1_House02/3,5-1_slow/pmfs_1_1/t1_seed2026121021
1	House02	3,5-1_slow	3	pmfs_2_1	0	2026121030	2026121030	5303c6b19296e72220812a576f71111864cf67818ef061fda81d857827884dd6	395208	c75b4b00a00b0291d6be3b22724bdff7151c4fc8ce4a750a828ba1dc106ee2c1	1328	/home/zyc/JTD_E1_FRESH_TARGETS_20260925/E1_House02/3,5-1_slow/pmfs_2_1/t0_seed2026121030
1	House02	3,5-1_slow	3	pmfs_2_1	1	2026121031	2026121031	ba87490874c472df0e416cb4bdfe274cc279c839b7902ad1780e0b380ad22959	395208	071fa87334219ac65289fd58db75bb986bd42b51e4763a11a1f99a5fcd9e82ad	1328	/home/zyc/JTD_E1_FRESH_TARGETS_20260925/E1_House02/3,5-1_slow/pmfs_2_1/t1_seed2026121031
1	House02	3,5-1_slow	4	pmfs_2_38	0	2026121040	2026121040	d930d878404d9a4be72a46467cf9b78ad32ec230f482df46473a92ce919033ec	395208	9635dd52d7a86007a8abe4f830bc39276455d9b540feabd4595e0047a8276d5b	1328	/home/zyc/JTD_E1_FRESH_TARGETS_20260925/E1_House02/3,5-1_slow/pmfs_2_38/t0_seed2026121040
1	House02	3,5-1_slow	4	pmfs_2_38	1	2026121041	2026121041	883c8e850892d4d92664b2183d1e3148aff3e4c42b323b32d359364a02147225	395208	c007dde85c67bb7c7a9d4f490330b17e1abd66418def781334375547361f5e90	1328	/home/zyc/JTD_E1_FRESH_TARGETS_20260925/E1_House02/3,5-1_slow/pmfs_2_38/t1_seed2026121041
1	House02	3,5-1_slow	5	pmfs_2_37	0	2026121050	2026121050	4396a613aa29700d21cf974e496f90200243a110018e792ace693086f7eac765	395208	5cc494323c5d1bb3f92f737f7d1d16e0e270ade8cc1814603a42b92fb01da024	1328	/home/zyc/JTD_E1_FRESH_TARGETS_20260925/E1_House02/3,5-1_slow/pmfs_2_37/t0_seed2026121050
1	House02	3,5-1_slow	5	pmfs_2_37	1	2026121051	2026121051	7f2c094453bb5c0c312ed7d90606e3ca0cf5d24aa8f09b615f760d7a71a36763	395208	7a808e2fddd564e6f7e48262e5295f0df897546f2affffd8300e5c041ac0e149	1328	/home/zyc/JTD_E1_FRESH_TARGETS_20260925/E1_House02/3,5-1_slow/pmfs_2_37/t1_seed2026121051
2	House02	4,5-3_slow	0	pmfs_12_20	0	2026122000	2026122000	0ab6d5e02b5d5c8a7db29ac48aae292b35214ae423db9a548aaa328066d71179	395208	3f6042790d1be2796f170f2cc52c2abf0017582c15e5f3312e37ea27ca5558dc	1328	/home/zyc/JTD_E1_FRESH_TARGETS_20260925/E2_House02/4,5-3_slow/pmfs_12_20/t0_seed2026122000
2	House02	4,5-3_slow	0	pmfs_12_20	1	2026122001	2026122001	60c64e0b0399c435685f9048ddae582be1ab8ccdb16069d0c5170899ac3efb2b	395208	a867ac82d8a8bbcd222d33cc38d388cde920c8935862221a8b0a5b1a7329f72d	1328	/home/zyc/JTD_E1_FRESH_TARGETS_20260925/E2_House02/4,5-3_slow/pmfs_12_20/t1_seed2026122001
2	House02	4,5-3_slow	1	pmfs_11_20	0	2026122010	2026122010	18b6008c9c3054fc68f6a1627db73093abf38ee07167bb181cba482c86965a8b	395208	6f213abdc1453fa216162c31fabc20536d18840c5ec78e6f324918d985f7f619	1328	/home/zyc/JTD_E1_FRESH_TARGETS_20260925/E2_House02/4,5-3_slow/pmfs_11_20/t0_seed2026122010
2	House02	4,5-3_slow	1	pmfs_11_20	1	2026122011	2026122011	a17e52f13e298cbaed6d45a60a93644a6649604c6c500ff53e9f05498a3ffc14	395208	a230cd70420f2a91a10228edecfacb512acc6cd634057a8983a5e541cd3baa03	1328	/home/zyc/JTD_E1_FRESH_TARGETS_20260925/E2_House02/4,5-3_slow/pmfs_11_20/t1_seed2026122011
2	House02	4,5-3_slow	2	pmfs_1_1	0	2026122020	2026122020	9434b8af6940ef80440ce31eb408f5e8a960c20e5f253d9fcf6676354b96bd5a	395208	751e24fdd53115bf3b09634b4ee4490dc0fcbc7008fa41248141a705e38e9005	1328	/home/zyc/JTD_E1_FRESH_TARGETS_20260925/E2_House02/4,5-3_slow/pmfs_1_1/t0_seed2026122020
2	House02	4,5-3_slow	2	pmfs_1_1	1	2026122021	2026122021	0cdb145e3505ea18cdaae6729b92ee3bbd11c23004267c0f20ede01cd4f9a173	395208	a8508d42e0647c0ea180ddf7dbcb1f236de7caa83f4e420e2b607ed0bca51cf6	1328	/home/zyc/JTD_E1_FRESH_TARGETS_20260925/E2_House02/4,5-3_slow/pmfs_1_1/t1_seed2026122021
2	House02	4,5-3_slow	3	pmfs_2_1	0	2026122030	2026122030	a3674980f766b414e3ada6f0592a83f7a556153870367fc098842af081a4d6c0	395208	f6149962bd27418e94b9ea5d50d3251d470b8da87520028a20984cbb9cb366fa	1328	/home/zyc/JTD_E1_FRESH_TARGETS_20260925/E2_House02/4,5-3_slow/pmfs_2_1/t0_seed2026122030
2	House02	4,5-3_slow	3	pmfs_2_1	1	2026122031	2026122031	2e9ef6f91c66bad85850960c7b5884697ea1143953ec0579702686ef660f69d7	395208	bea7795d168427e6922e8a280ef5748bb5dbb8cae7096e64b1b3a2524e02aa5e	1328	/home/zyc/JTD_E1_FRESH_TARGETS_20260925/E2_House02/4,5-3_slow/pmfs_2_1/t1_seed2026122031
2	House02	4,5-3_slow	4	pmfs_2_38	0	2026122040	2026122040	7a5b4425a90104906eaa230f32c5f411d07c9120b871afeb0bae67a791ec5438	395208	1ced29c286d2e96a21babe0c147b6b67d2886b9780b170fefa7001ac3e22a1d8	1328	/home/zyc/JTD_E1_FRESH_TARGETS_20260925/E2_House02/4,5-3_slow/pmfs_2_38/t0_seed2026122040
2	House02	4,5-3_slow	4	pmfs_2_38	1	2026122041	2026122041	445e2c38fac7b9dd9dde5fe49d1cfc51a291d415c8aa039f8f884f3e5c81dd30	395208	ad34feda3d90029110f90e3098125d7ac047765baa0f67ee2d5c8c028d073d2b	1328	/home/zyc/JTD_E1_FRESH_TARGETS_20260925/E2_House02/4,5-3_slow/pmfs_2_38/t1_seed2026122041
2	House02	4,5-3_slow	5	pmfs_2_37	0	2026122050	2026122050	b8ddb0c1d1f34f1db8aa6e929ee86a24f8e456fc687b3b980b9f269893733dd5	395208	592859c0437bc41ffd0113d9da75050a55d82e1b815ee2df3be66602c75c8c28	1328	/home/zyc/JTD_E1_FRESH_TARGETS_20260925/E2_House02/4,5-3_slow/pmfs_2_37/t0_seed2026122050
2	House02	4,5-3_slow	5	pmfs_2_37	1	2026122051	2026122051	5d95f47998a19e126c78cb7494e379c130af8986f6330d0211fe9b92c0619462	395208	11abb2152bd9c4a4251df8af116ffe86f2306e0e64c273c66b0acb8210d03f7f	1328	/home/zyc/JTD_E1_FRESH_TARGETS_20260925/E2_House02/4,5-3_slow/pmfs_2_37/t1_seed2026122051
