world_id,house,controlled_carrier_id,route_index,stop_id,action_id,member_hit_count,observed_event,world_audit_sha256
M2_CONFIRM_H01_00,H01,quadtree_0_0_2_2,8,1,H01_route08_stop01,0,0,c689ecb88fd4d6c8d6ff55a215982ae4f7c90610ebde55e4f9554c4904495c97
M2_CONFIRM_H01_00,H01,quadtree_0_0_2_2,8,2,H01_route08_stop02,0,0,c689ecb88fd4d6c8d6ff55a215982ae4f7c90610ebde55e4f9554c4904495c97
M2_CONFIRM_H01_00,H01,quadtree_0_0_2_2,8,3,H01_route08_stop03,0,0,c689ecb88fd4d6c8d6ff55a215982ae4f7c90610ebde55e4f9554c4904495c97
M2_CONFIRM_H01_00,H01,quadtree_0_0_2_2,8,4,H01_route08_stop04,0,0,c689ecb88fd4d6c8d6ff55a215982ae4f7c90610ebde55e4f9554c4904495c97
M2_CONFIRM_H01_00,H01,quadtree_0_0_2_2,8,5,H01_route08_stop05,1,0,c689ecb88fd4d6c8d6ff55a215982ae4f7c90610ebde55e4f9554c4904495c97
M2_CONFIRM_H01_00,H01,quadtree_0_0_2_2,8,6,H01_route08_stop06,4,0,c689ecb88fd4d6c8d6ff55a215982ae4f7c90610ebde55e4f9554c4904495c97
M2_CONFIRM_H01_00,H01,quadtree_0_0_2_2,8,7,H01_route08_stop07,0,0,c689ecb88fd4d6c8d6ff55a215982ae4f7c90610ebde55e4f9554c4904495c97
M2_CONFIRM_H01_00,H01,quadtree_0_0_2_2,8,8,H01_route08_stop08,1,0,c689ecb88fd4d6c8d6ff55a215982ae4f7c90610ebde55e4f9554c4904495c97
M2_CONFIRM_H01_00,H01,quadtree_0_0_2_2,8,9,H01_route08_stop09,7,1,c689ecb88fd4d6c8d6ff55a215982ae4f7c90610ebde55e4f9554c4904495c97
M2_CONFIRM_H01_00,H01,quadtree_0_0_2_2,8,10,H01_route08_stop10,8,1,c689ecb88fd4d6c8d6ff55a215982ae4f7c90610ebde55e4f9554c4904495c97
M2_CONFIRM_H01_00,H01,quadtree_0_0_2_2,8,11,H01_route08_stop11,1,1,c689ecb88fd4d6c8d6ff55a215982ae4f7c90610ebde55e4f9554c4904495c97
M2_CONFIRM_H01_00,H01,quadtree_0_0_2_2,8,12,H01_route08_stop12,5,0,c689ecb88fd4d6c8d6ff55a215982ae4f7c90610ebde55e4f9554c4904495c97
M2_CONFIRM_H01_00,H01,quadtree_0_0_2_2,8,13,H01_route08_stop13,6,0,c689ecb88fd4d6c8d6ff55a215982ae4f7c90610ebde55e4f9554c4904495c97
M2_CONFIRM_H01_00,H01,quadtree_0_0_2_2,8,14,H01_route08_stop14,8,1,c689ecb88fd4d6c8d6ff55a215982ae4f7c90610ebde55e4f9554c4904495c97
M2_CONFIRM_H01_00,H01,quadtree_0_0_2_2,8,15,H01_route08_stop15,8,1,c689ecb88fd4d6c8d6ff55a215982ae4f7c90610ebde55e4f9554c4904495c97
M2_CONFIRM_H01_01,H01,quadtree_26_36_2_2,5,1,H01_route05_stop01,0,0,b4c3de8f7df9f31ab0802a282178fa6088a501b13ab5e63d10620763b6ea55b4
M2_CONFIRM_H01_01,H01,quadtree_26_36_2_2,5,2,H01_route05_stop02,0,0,b4c3de8f7df9f31ab0802a282178fa6088a501b13ab5e63d10620763b6ea55b4
M2_CONFIRM_H01_01,H01,quadtree_26_36_2_2,5,3,H01_route05_stop03,0,0,b4c3de8f7df9f31ab0802a282178fa6088a501b13ab5e63d10620763b6ea55b4
M2_CONFIRM_H01_01,H01,quadtree_26_36_2_2,5,4,H01_route05_stop04,0,0,b4c3de8f7df9f31ab0802a282178fa6088a501b13ab5e63d10620763b6ea55b4
M2_CONFIRM_H01_01,H01,quadtree_26_36_2_2,5,5,H01_route05_stop05,2,0,b4c3de8f7df9f31ab0802a282178fa6088a501b13ab5e63d10620763b6ea55b4
M2_CONFIRM_H01_01,H01,quadtree_26_36_2_2,5,6,H01_route05_stop06,3,1,b4c3de8f7df9f31ab0802a282178fa6088a501b13ab5e63d10620763b6ea55b4
M2_CONFIRM_H01_01,H01,quadtree_26_36_2_2,5,7,H01_route05_stop07,5,1,b4c3de8f7df9f31ab0802a282178fa6088a501b13ab5e63d10620763b6ea55b4
M2_CONFIRM_H01_01,H01,quadtree_26_36_2_2,5,8,H01_route05_stop08,6,1,b4c3de8f7df9f31ab0802a282178fa6088a501b13ab5e63d10620763b6ea55b4
M2_CONFIRM_H01_01,H01,quadtree_26_36_2_2,5,9,H01_route05_stop09,0,1,b4c3de8f7df9f31ab0802a282178fa6088a501b13ab5e63d10620763b6ea55b4
M2_CONFIRM_H01_01,H01,quadtree_26_36_2_2,5,10,H01_route05_stop10,0,1,b4c3de8f7df9f31ab0802a282178fa6088a501b13ab5e63d10620763b6ea55b4
M2_CONFIRM_H01_01,H01,quadtree_26_36_2_2,5,11,H01_route05_stop11,8,1,b4c3de8f7df9f31ab0802a282178fa6088a501b13ab5e63d10620763b6ea55b4
M2_CONFIRM_H01_01,H01,quadtree_26_36_2_2,5,12,H01_route05_stop12,8,1,b4c3de8f7df9f31ab0802a282178fa6088a501b13ab5e63d10620763b6ea55b4
M2_CONFIRM_H01_01,H01,quadtree_26_36_2_2,5,13,H01_route05_stop13,8,1,b4c3de8f7df9f31ab0802a282178fa6088a501b13ab5e63d10620763b6ea55b4
M2_CONFIRM_H01_01,H01,quadtree_26_36_2_2,5,14,H01_route05_stop14,7,1,b4c3de8f7df9f31ab0802a282178fa6088a501b13ab5e63d10620763b6ea55b4
M2_CONFIRM_H01_01,H01,quadtree_26_36_2_2,5,15,H01_route05_stop15,8,1,b4c3de8f7df9f31ab0802a282178fa6088a501b13ab5e63d10620763b6ea55b4
M2_CONFIRM_H01_02,H01,quadtree_2_32_2_2,9,1,H01_route09_stop01,0,0,06b6e96abc2fc7ad24b4a63eec0ebd6580ecf7c1af71b511bdfa3331fab6339b
M2_CONFIRM_H01_02,H01,quadtree_2_32_2_2,9,2,H01_route09_stop02,0,0,06b6e96abc2fc7ad24b4a63eec0ebd6580ecf7c1af71b511bdfa3331fab6339b
M2_CONFIRM_H01_02,H01,quadtree_2_32_2_2,9,3,H01_route09_stop03,0,0,06b6e96abc2fc7ad24b4a63eec0ebd6580ecf7c1af71b511bdfa3331fab6339b
M2_CONFIRM_H01_02,H01,quadtree_2_32_2_2,9,4,H01_route09_stop04,0,0,06b6e96abc2fc7ad24b4a63eec0ebd6580ecf7c1af71b511bdfa3331fab6339b
M2_CONFIRM_H01_02,H01,quadtree_2_32_2_2,9,5,H01_route09_stop05,0,0,06b6e96abc2fc7ad24b4a63eec0ebd6580ecf7c1af71b511bdfa3331fab6339b
M2_CONFIRM_H01_02,H01,quadtree_2_32_2_2,9,6,H01_route09_stop06,0,0,06b6e96abc2fc7ad24b4a63eec0ebd6580ecf7c1af71b511bdfa3331fab6339b
M2_CONFIRM_H01_02,H01,quadtree_2_32_2_2,9,7,H01_route09_stop07,0,0,06b6e96abc2fc7ad24b4a63eec0ebd6580ecf7c1af71b511bdfa3331fab6339b
M2_CONFIRM_H01_02,H01,quadtree_2_32_2_2,9,8,H01_route09_stop08,0,0,06b6e96abc2fc7ad24b4a63eec0ebd6580ecf7c1af71b511bdfa3331fab6339b
M2_CONFIRM_H01_02,H01,quadtree_2_32_2_2,9,9,H01_route09_stop09,3,0,06b6e96abc2fc7ad24b4a63eec0ebd6580ecf7c1af71b511bdfa3331fab6339b
M2_CONFIRM_H01_02,H01,quadtree_2_32_2_2,9,10,H01_route09_stop10,0,0,06b6e96abc2fc7ad24b4a63eec0ebd6580ecf7c1af71b511bdfa3331fab6339b
M2_CONFIRM_H01_02,H01,quadtree_2_32_2_2,9,11,H01_route09_stop11,0,0,06b6e96abc2fc7ad24b4a63eec0ebd6580ecf7c1af71b511bdfa3331fab6339b
M2_CONFIRM_H01_02,H01,quadtree_2_32_2_2,9,12,H01_route09_stop12,0,0,06b6e96abc2fc7ad24b4a63eec0ebd6580ecf7c1af71b511bdfa3331fab6339b
M2_CONFIRM_H01_02,H01,quadtree_2_32_2_2,9,13,H01_route09_stop13,4,0,06b6e96abc2fc7ad24b4a63eec0ebd6580ecf7c1af71b511bdfa3331fab6339b
M2_CONFIRM_H01_02,H01,quadtree_2_32_2_2,9,14,H01_route09_stop14,1,0,06b6e96abc2fc7ad24b4a63eec0ebd6580ecf7c1af71b511bdfa3331fab6339b
M2_CONFIRM_H01_02,H01,quadtree_2_32_2_2,9,15,H01_route09_stop15,3,0,06b6e96abc2fc7ad24b4a63eec0ebd6580ecf7c1af71b511bdfa3331fab6339b
M2_CONFIRM_H01_03,H01,quadtree_20_16_2_2,0,1,H01_route00_stop01,0,0,5aaaba0edbb0d2e3bedaecb1e2447e81e502a8c06a0306ebc1d49079965896f6
M2_CONFIRM_H01_03,H01,quadtree_20_16_2_2,0,2,H01_route00_stop02,4,0,5aaaba0edbb0d2e3bedaecb1e2447e81e502a8c06a0306ebc1d49079965896f6
M2_CONFIRM_H01_03,H01,quadtree_20_16_2_2,0,3,H01_route00_stop03,8,1,5aaaba0edbb0d2e3bedaecb1e2447e81e502a8c06a0306ebc1d49079965896f6
M2_CONFIRM_H01_03,H01,quadtree_20_16_2_2,0,4,H01_route00_stop04,8,1,5aaaba0edbb0d2e3bedaecb1e2447e81e502a8c06a0306ebc1d49079965896f6
M2_CONFIRM_H01_03,H01,quadtree_20_16_2_2,0,5,H01_route00_stop05,8,1,5aaaba0edbb0d2e3bedaecb1e2447e81e502a8c06a0306ebc1d49079965896f6
M2_CONFIRM_H01_03,H01,quadtree_20_16_2_2,0,6,H01_route00_stop06,6,1,5aaaba0edbb0d2e3bedaecb1e2447e81e502a8c06a0306ebc1d49079965896f6
M2_CONFIRM_H01_03,H01,quadtree_20_16_2_2,0,7,H01_route00_stop07,8,1,5aaaba0edbb0d2e3bedaecb1e2447e81e502a8c06a0306ebc1d49079965896f6
M2_CONFIRM_H01_03,H01,quadtree_20_16_2_2,0,8,H01_route00_stop08,8,1,5aaaba0edbb0d2e3bedaecb1e2447e81e502a8c06a0306ebc1d49079965896f6
M2_CONFIRM_H01_03,H01,quadtree_20_16_2_2,0,9,H01_route00_stop09,2,1,5aaaba0edbb0d2e3bedaecb1e2447e81e502a8c06a0306ebc1d49079965896f6
M2_CONFIRM_H01_03,H01,quadtree_20_16_2_2,0,10,H01_route00_stop10,2,0,5aaaba0edbb0d2e3bedaecb1e2447e81e502a8c06a0306ebc1d49079965896f6
M2_CONFIRM_H01_03,H01,quadtree_20_16_2_2,0,11,H01_route00_stop11,1,0,5aaaba0edbb0d2e3bedaecb1e2447e81e502a8c06a0306ebc1d49079965896f6
M2_CONFIRM_H01_03,H01,quadtree_20_16_2_2,0,12,H01_route00_stop12,0,0,5aaaba0edbb0d2e3bedaecb1e2447e81e502a8c06a0306ebc1d49079965896f6
M2_CONFIRM_H01_03,H01,quadtree_20_16_2_2,0,13,H01_route00_stop13,2,0,5aaaba0edbb0d2e3bedaecb1e2447e81e502a8c06a0306ebc1d49079965896f6
M2_CONFIRM_H01_03,H01,quadtree_20_16_2_2,0,14,H01_route00_stop14,2,0,5aaaba0edbb0d2e3bedaecb1e2447e81e502a8c06a0306ebc1d49079965896f6
M2_CONFIRM_H01_03,H01,quadtree_20_16_2_2,0,15,H01_route00_stop15,1,0,5aaaba0edbb0d2e3bedaecb1e2447e81e502a8c06a0306ebc1d49079965896f6
M2_CONFIRM_H01_04,H01,quadtree_8_34_2_2,3,1,H01_route03_stop01,0,0,67f1b6329cc76b04bdd984459d0d1603c1a100bbb1625ac3ed6e35d82849d222
M2_CONFIRM_H01_04,H01,quadtree_8_34_2_2,3,2,H01_route03_stop02,0,0,67f1b6329cc76b04bdd984459d0d1603c1a100bbb1625ac3ed6e35d82849d222
M2_CONFIRM_H01_04,H01,quadtree_8_34_2_2,3,3,H01_route03_stop03,0,0,67f1b6329cc76b04bdd984459d0d1603c1a100bbb1625ac3ed6e35d82849d222
M2_CONFIRM_H01_04,H01,quadtree_8_34_2_2,3,4,H01_route03_stop04,0,0,67f1b6329cc76b04bdd984459d0d1603c1a100bbb1625ac3ed6e35d82849d222
M2_CONFIRM_H01_04,H01,quadtree_8_34_2_2,3,5,H01_route03_stop05,1,0,67f1b6329cc76b04bdd984459d0d1603c1a100bbb1625ac3ed6e35d82849d222
M2_CONFIRM_H01_04,H01,quadtree_8_34_2_2,3,6,H01_route03_stop06,3,1,67f1b6329cc76b04bdd984459d0d1603c1a100bbb1625ac3ed6e35d82849d222
M2_CONFIRM_H01_04,H01,quadtree_8_34_2_2,3,7,H01_route03_stop07,6,1,67f1b6329cc76b04bdd984459d0d1603c1a100bbb1625ac3ed6e35d82849d222
M2_CONFIRM_H01_04,H01,quadtree_8_34_2_2,3,8,H01_route03_stop08,4,1,67f1b6329cc76b04bdd984459d0d1603c1a100bbb1625ac3ed6e35d82849d222
M2_CONFIRM_H01_04,H01,quadtree_8_34_2_2,3,9,H01_route03_stop09,2,1,67f1b6329cc76b04bdd984459d0d1603c1a100bbb1625ac3ed6e35d82849d222
M2_CONFIRM_H01_04,H01,quadtree_8_34_2_2,3,10,H01_route03_stop10,7,1,67f1b6329cc76b04bdd984459d0d1603c1a100bbb1625ac3ed6e35d82849d222
M2_CONFIRM_H01_04,H01,quadtree_8_34_2_2,3,11,H01_route03_stop11,1,0,67f1b6329cc76b04bdd984459d0d1603c1a100bbb1625ac3ed6e35d82849d222
M2_CONFIRM_H01_04,H01,quadtree_8_34_2_2,3,12,H01_route03_stop12,4,1,67f1b6329cc76b04bdd984459d0d1603c1a100bbb1625ac3ed6e35d82849d222
M2_CONFIRM_H01_04,H01,quadtree_8_34_2_2,3,13,H01_route03_stop13,8,1,67f1b6329cc76b04bdd984459d0d1603c1a100bbb1625ac3ed6e35d82849d222
M2_CONFIRM_H01_04,H01,quadtree_8_34_2_2,3,14,H01_route03_stop14,7,1,67f1b6329cc76b04bdd984459d0d1603c1a100bbb1625ac3ed6e35d82849d222
M2_CONFIRM_H01_04,H01,quadtree_8_34_2_2,3,15,H01_route03_stop15,1,1,67f1b6329cc76b04bdd984459d0d1603c1a100bbb1625ac3ed6e35d82849d222
M2_CONFIRM_H01_05,H01,quadtree_24_12_2_2,1,1,H01_route01_stop01,0,0,8dd07268302a88c83c71787d0b7efe9c24155ba8da9ec3e10667709add14ae0e
M2_CONFIRM_H01_05,H01,quadtree_24_12_2_2,1,2,H01_route01_stop02,0,0,8dd07268302a88c83c71787d0b7efe9c24155ba8da9ec3e10667709add14ae0e
M2_CONFIRM_H01_05,H01,quadtree_24_12_2_2,1,3,H01_route01_stop03,0,0,8dd07268302a88c83c71787d0b7efe9c24155ba8da9ec3e10667709add14ae0e
M2_CONFIRM_H01_05,H01,quadtree_24_12_2_2,1,4,H01_route01_stop04,0,0,8dd07268302a88c83c71787d0b7efe9c24155ba8da9ec3e10667709add14ae0e
M2_CONFIRM_H01_05,H01,quadtree_24_12_2_2,1,5,H01_route01_stop05,4,1,8dd07268302a88c83c71787d0b7efe9c24155ba8da9ec3e10667709add14ae0e
M2_CONFIRM_H01_05,H01,quadtree_24_12_2_2,1,6,H01_route01_stop06,7,1,8dd07268302a88c83c71787d0b7efe9c24155ba8da9ec3e10667709add14ae0e
M2_CONFIRM_H01_05,H01,quadtree_24_12_2_2,1,7,H01_route01_stop07,3,1,8dd07268302a88c83c71787d0b7efe9c24155ba8da9ec3e10667709add14ae0e
M2_CONFIRM_H01_05,H01,quadtree_24_12_2_2,1,8,H01_route01_stop08,6,1,8dd07268302a88c83c71787d0b7efe9c24155ba8da9ec3e10667709add14ae0e
M2_CONFIRM_H01_05,H01,quadtree_24_12_2_2,1,9,H01_route01_stop09,8,1,8dd07268302a88c83c71787d0b7efe9c24155ba8da9ec3e10667709add14ae0e
M2_CONFIRM_H01_05,H01,quadtree_24_12_2_2,1,10,H01_route01_stop10,5,1,8dd07268302a88c83c71787d0b7efe9c24155ba8da9ec3e10667709add14ae0e
M2_CONFIRM_H01_05,H01,quadtree_24_12_2_2,1,11,H01_route01_stop11,2,0,8dd07268302a88c83c71787d0b7efe9c24155ba8da9ec3e10667709add14ae0e
M2_CONFIRM_H01_05,H01,quadtree_24_12_2_2,1,12,H01_route01_stop12,3,1,8dd07268302a88c83c71787d0b7efe9c24155ba8da9ec3e10667709add14ae0e
M2_CONFIRM_H01_05,H01,quadtree_24_12_2_2,1,13,H01_route01_stop13,6,1,8dd07268302a88c83c71787d0b7efe9c24155ba8da9ec3e10667709add14ae0e
M2_CONFIRM_H01_05,H01,quadtree_24_12_2_2,1,14,H01_route01_stop14,8,1,8dd07268302a88c83c71787d0b7efe9c24155ba8da9ec3e10667709add14ae0e
M2_CONFIRM_H01_05,H01,quadtree_24_12_2_2,1,15,H01_route01_stop15,8,1,8dd07268302a88c83c71787d0b7efe9c24155ba8da9ec3e10667709add14ae0e
M2_CONFIRM_H01_06,H01,quadtree_28_26_1_2,7,1,H01_route07_stop01,0,0,de229cc67c7a9c6e34beff7253711e43e2d47c64961b9751d586bb93537adf1c
M2_CONFIRM_H01_06,H01,quadtree_28_26_1_2,7,2,H01_route07_stop02,0,0,de229cc67c7a9c6e34beff7253711e43e2d47c64961b9751d586bb93537adf1c
M2_CONFIRM_H01_06,H01,quadtree_28_26_1_2,7,3,H01_route07_stop03,2,0,de229cc67c7a9c6e34beff7253711e43e2d47c64961b9751d586bb93537adf1c
M2_CONFIRM_H01_06,H01,quadtree_28_26_1_2,7,4,H01_route07_stop04,3,0,de229cc67c7a9c6e34beff7253711e43e2d47c64961b9751d586bb93537adf1c
M2_CONFIRM_H01_06,H01,quadtree_28_26_1_2,7,5,H01_route07_stop05,5,1,de229cc67c7a9c6e34beff7253711e43e2d47c64961b9751d586bb93537adf1c
M2_CONFIRM_H01_06,H01,quadtree_28_26_1_2,7,6,H01_route07_stop06,8,0,de229cc67c7a9c6e34beff7253711e43e2d47c64961b9751d586bb93537adf1c
M2_CONFIRM_H01_06,H01,quadtree_28_26_1_2,7,7,H01_route07_stop07,5,0,de229cc67c7a9c6e34beff7253711e43e2d47c64961b9751d586bb93537adf1c
M2_CONFIRM_H01_06,H01,quadtree_28_26_1_2,7,8,H01_route07_stop08,8,1,de229cc67c7a9c6e34beff7253711e43e2d47c64961b9751d586bb93537adf1c
M2_CONFIRM_H01_06,H01,quadtree_28_26_1_2,7,9,H01_route07_stop09,8,1,de229cc67c7a9c6e34beff7253711e43e2d47c64961b9751d586bb93537adf1c
M2_CONFIRM_H01_06,H01,quadtree_28_26_1_2,7,10,H01_route07_stop10,8,1,de229cc67c7a9c6e34beff7253711e43e2d47c64961b9751d586bb93537adf1c
M2_CONFIRM_H01_06,H01,quadtree_28_26_1_2,7,11,H01_route07_stop11,8,1,de229cc67c7a9c6e34beff7253711e43e2d47c64961b9751d586bb93537adf1c
M2_CONFIRM_H01_06,H01,quadtree_28_26_1_2,7,12,H01_route07_stop12,8,1,de229cc67c7a9c6e34beff7253711e43e2d47c64961b9751d586bb93537adf1c
M2_CONFIRM_H01_06,H01,quadtree_28_26_1_2,7,13,H01_route07_stop13,6,1,de229cc67c7a9c6e34beff7253711e43e2d47c64961b9751d586bb93537adf1c
M2_CONFIRM_H01_06,H01,quadtree_28_26_1_2,7,14,H01_route07_stop14,8,1,de229cc67c7a9c6e34beff7253711e43e2d47c64961b9751d586bb93537adf1c
M2_CONFIRM_H01_06,H01,quadtree_28_26_1_2,7,15,H01_route07_stop15,8,1,de229cc67c7a9c6e34beff7253711e43e2d47c64961b9751d586bb93537adf1c
M2_CONFIRM_H01_07,H01,quadtree_6_12_2_2,6,1,H01_route06_stop01,0,0,6060215950e513c2ddab44c952144ba35695fcb4ec47c253e2edc1849181e687
M2_CONFIRM_H01_07,H01,quadtree_6_12_2_2,6,2,H01_route06_stop02,0,0,6060215950e513c2ddab44c952144ba35695fcb4ec47c253e2edc1849181e687
M2_CONFIRM_H01_07,H01,quadtree_6_12_2_2,6,3,H01_route06_stop03,5,1,6060215950e513c2ddab44c952144ba35695fcb4ec47c253e2edc1849181e687
M2_CONFIRM_H01_07,H01,quadtree_6_12_2_2,6,4,H01_route06_stop04,8,1,6060215950e513c2ddab44c952144ba35695fcb4ec47c253e2edc1849181e687
M2_CONFIRM_H01_07,H01,quadtree_6_12_2_2,6,5,H01_route06_stop05,6,1,6060215950e513c2ddab44c952144ba35695fcb4ec47c253e2edc1849181e687
M2_CONFIRM_H01_07,H01,quadtree_6_12_2_2,6,6,H01_route06_stop06,7,1,6060215950e513c2ddab44c952144ba35695fcb4ec47c253e2edc1849181e687
M2_CONFIRM_H01_07,H01,quadtree_6_12_2_2,6,7,H01_route06_stop07,8,1,6060215950e513c2ddab44c952144ba35695fcb4ec47c253e2edc1849181e687
M2_CONFIRM_H01_07,H01,quadtree_6_12_2_2,6,8,H01_route06_stop08,8,1,6060215950e513c2ddab44c952144ba35695fcb4ec47c253e2edc1849181e687
M2_CONFIRM_H01_07,H01,quadtree_6_12_2_2,6,9,H01_route06_stop09,8,1,6060215950e513c2ddab44c952144ba35695fcb4ec47c253e2edc1849181e687
M2_CONFIRM_H01_07,H01,quadtree_6_12_2_2,6,10,H01_route06_stop10,8,1,6060215950e513c2ddab44c952144ba35695fcb4ec47c253e2edc1849181e687
M2_CONFIRM_H01_07,H01,quadtree_6_12_2_2,6,11,H01_route06_stop11,8,1,6060215950e513c2ddab44c952144ba35695fcb4ec47c253e2edc1849181e687
M2_CONFIRM_H01_07,H01,quadtree_6_12_2_2,6,12,H01_route06_stop12,8,1,6060215950e513c2ddab44c952144ba35695fcb4ec47c253e2edc1849181e687
M2_CONFIRM_H01_07,H01,quadtree_6_12_2_2,6,13,H01_route06_stop13,8,1,6060215950e513c2ddab44c952144ba35695fcb4ec47c253e2edc1849181e687
M2_CONFIRM_H01_07,H01,quadtree_6_12_2_2,6,14,H01_route06_stop14,8,1,6060215950e513c2ddab44c952144ba35695fcb4ec47c253e2edc1849181e687
M2_CONFIRM_H01_07,H01,quadtree_6_12_2_2,6,15,H01_route06_stop15,8,1,6060215950e513c2ddab44c952144ba35695fcb4ec47c253e2edc1849181e687
M2_CONFIRM_H01_08,H01,quadtree_24_24_2_2,2,1,H01_route02_stop01,0,0,f2d60346196de6ebb0167714fc97c73487a7d0aa2ad41ee9cf966af846d8e4ba
M2_CONFIRM_H01_08,H01,quadtree_24_24_2_2,2,2,H01_route02_stop02,0,0,f2d60346196de6ebb0167714fc97c73487a7d0aa2ad41ee9cf966af846d8e4ba
M2_CONFIRM_H01_08,H01,quadtree_24_24_2_2,2,3,H01_route02_stop03,4,1,f2d60346196de6ebb0167714fc97c73487a7d0aa2ad41ee9cf966af846d8e4ba
M2_CONFIRM_H01_08,H01,quadtree_24_24_2_2,2,4,H01_route02_stop04,8,1,f2d60346196de6ebb0167714fc97c73487a7d0aa2ad41ee9cf966af846d8e4ba
M2_CONFIRM_H01_08,H01,quadtree_24_24_2_2,2,5,H01_route02_stop05,4,1,f2d60346196de6ebb0167714fc97c73487a7d0aa2ad41ee9cf966af846d8e4ba
M2_CONFIRM_H01_08,H01,quadtree_24_24_2_2,2,6,H01_route02_stop06,8,1,f2d60346196de6ebb0167714fc97c73487a7d0aa2ad41ee9cf966af846d8e4ba
M2_CONFIRM_H01_08,H01,quadtree_24_24_2_2,2,7,H01_route02_stop07,8,1,f2d60346196de6ebb0167714fc97c73487a7d0aa2ad41ee9cf966af846d8e4ba
M2_CONFIRM_H01_08,H01,quadtree_24_24_2_2,2,8,H01_route02_stop08,8,1,f2d60346196de6ebb0167714fc97c73487a7d0aa2ad41ee9cf966af846d8e4ba
M2_CONFIRM_H01_08,H01,quadtree_24_24_2_2,2,9,H01_route02_stop09,8,1,f2d60346196de6ebb0167714fc97c73487a7d0aa2ad41ee9cf966af846d8e4ba
M2_CONFIRM_H01_08,H01,quadtree_24_24_2_2,2,10,H01_route02_stop10,0,1,f2d60346196de6ebb0167714fc97c73487a7d0aa2ad41ee9cf966af846d8e4ba
M2_CONFIRM_H01_08,H01,quadtree_24_24_2_2,2,11,H01_route02_stop11,2,0,f2d60346196de6ebb0167714fc97c73487a7d0aa2ad41ee9cf966af846d8e4ba
M2_CONFIRM_H01_08,H01,quadtree_24_24_2_2,2,12,H01_route02_stop12,8,1,f2d60346196de6ebb0167714fc97c73487a7d0aa2ad41ee9cf966af846d8e4ba
M2_CONFIRM_H01_08,H01,quadtree_24_24_2_2,2,13,H01_route02_stop13,8,1,f2d60346196de6ebb0167714fc97c73487a7d0aa2ad41ee9cf966af846d8e4ba
M2_CONFIRM_H01_08,H01,quadtree_24_24_2_2,2,14,H01_route02_stop14,8,1,f2d60346196de6ebb0167714fc97c73487a7d0aa2ad41ee9cf966af846d8e4ba
M2_CONFIRM_H01_08,H01,quadtree_24_24_2_2,2,15,H01_route02_stop15,7,1,f2d60346196de6ebb0167714fc97c73487a7d0aa2ad41ee9cf966af846d8e4ba
M2_CONFIRM_H01_09,H01,quadtree_6_20_2_2,4,1,H01_route04_stop01,0,0,bc3aad9640cae96cbf98ebbf2de71ec68401350d855dc88320afbb149a4309eb
M2_CONFIRM_H01_09,H01,quadtree_6_20_2_2,4,2,H01_route04_stop02,0,0,bc3aad9640cae96cbf98ebbf2de71ec68401350d855dc88320afbb149a4309eb
M2_CONFIRM_H01_09,H01,quadtree_6_20_2_2,4,3,H01_route04_stop03,6,1,bc3aad9640cae96cbf98ebbf2de71ec68401350d855dc88320afbb149a4309eb
M2_CONFIRM_H01_09,H01,quadtree_6_20_2_2,4,4,H01_route04_stop04,8,1,bc3aad9640cae96cbf98ebbf2de71ec68401350d855dc88320afbb149a4309eb
M2_CONFIRM_H01_09,H01,quadtree_6_20_2_2,4,5,H01_route04_stop05,6,1,bc3aad9640cae96cbf98ebbf2de71ec68401350d855dc88320afbb149a4309eb
M2_CONFIRM_H01_09,H01,quadtree_6_20_2_2,4,6,H01_route04_stop06,4,1,bc3aad9640cae96cbf98ebbf2de71ec68401350d855dc88320afbb149a4309eb
M2_CONFIRM_H01_09,H01,quadtree_6_20_2_2,4,7,H01_route04_stop07,8,1,bc3aad9640cae96cbf98ebbf2de71ec68401350d855dc88320afbb149a4309eb
M2_CONFIRM_H01_09,H01,quadtree_6_20_2_2,4,8,H01_route04_stop08,8,1,bc3aad9640cae96cbf98ebbf2de71ec68401350d855dc88320afbb149a4309eb
M2_CONFIRM_H01_09,H01,quadtree_6_20_2_2,4,9,H01_route04_stop09,8,1,bc3aad9640cae96cbf98ebbf2de71ec68401350d855dc88320afbb149a4309eb
M2_CONFIRM_H01_09,H01,quadtree_6_20_2_2,4,10,H01_route04_stop10,8,1,bc3aad9640cae96cbf98ebbf2de71ec68401350d855dc88320afbb149a4309eb
M2_CONFIRM_H01_09,H01,quadtree_6_20_2_2,4,11,H01_route04_stop11,8,1,bc3aad9640cae96cbf98ebbf2de71ec68401350d855dc88320afbb149a4309eb
M2_CONFIRM_H01_09,H01,quadtree_6_20_2_2,4,12,H01_route04_stop12,8,1,bc3aad9640cae96cbf98ebbf2de71ec68401350d855dc88320afbb149a4309eb
M2_CONFIRM_H01_09,H01,quadtree_6_20_2_2,4,13,H01_route04_stop13,8,1,bc3aad9640cae96cbf98ebbf2de71ec68401350d855dc88320afbb149a4309eb
M2_CONFIRM_H01_09,H01,quadtree_6_20_2_2,4,14,H01_route04_stop14,8,1,bc3aad9640cae96cbf98ebbf2de71ec68401350d855dc88320afbb149a4309eb
M2_CONFIRM_H01_09,H01,quadtree_6_20_2_2,4,15,H01_route04_stop15,8,1,bc3aad9640cae96cbf98ebbf2de71ec68401350d855dc88320afbb149a4309eb
M2_CONFIRM_H02_00,H02,quadtree_0_16_2_2,8,1,H02_route08_stop01,0,0,1e72484180ea8aa2eff27b834e9f0c3803b28a54cc3ef1c9ca462cc8b8c9d56e
M2_CONFIRM_H02_00,H02,quadtree_0_16_2_2,8,2,H02_route08_stop02,0,0,1e72484180ea8aa2eff27b834e9f0c3803b28a54cc3ef1c9ca462cc8b8c9d56e
M2_CONFIRM_H02_00,H02,quadtree_0_16_2_2,8,3,H02_route08_stop03,3,0,1e72484180ea8aa2eff27b834e9f0c3803b28a54cc3ef1c9ca462cc8b8c9d56e
M2_CONFIRM_H02_00,H02,quadtree_0_16_2_2,8,4,H02_route08_stop04,0,0,1e72484180ea8aa2eff27b834e9f0c3803b28a54cc3ef1c9ca462cc8b8c9d56e
M2_CONFIRM_H02_00,H02,quadtree_0_16_2_2,8,5,H02_route08_stop05,1,0,1e72484180ea8aa2eff27b834e9f0c3803b28a54cc3ef1c9ca462cc8b8c9d56e
M2_CONFIRM_H02_00,H02,quadtree_0_16_2_2,8,6,H02_route08_stop06,7,0,1e72484180ea8aa2eff27b834e9f0c3803b28a54cc3ef1c9ca462cc8b8c9d56e
M2_CONFIRM_H02_00,H02,quadtree_0_16_2_2,8,7,H02_route08_stop07,8,1,1e72484180ea8aa2eff27b834e9f0c3803b28a54cc3ef1c9ca462cc8b8c9d56e
M2_CONFIRM_H02_00,H02,quadtree_0_16_2_2,8,8,H02_route08_stop08,0,0,1e72484180ea8aa2eff27b834e9f0c3803b28a54cc3ef1c9ca462cc8b8c9d56e
M2_CONFIRM_H02_00,H02,quadtree_0_16_2_2,8,9,H02_route08_stop09,8,1,1e72484180ea8aa2eff27b834e9f0c3803b28a54cc3ef1c9ca462cc8b8c9d56e
M2_CONFIRM_H02_00,H02,quadtree_0_16_2_2,8,10,H02_route08_stop10,8,1,1e72484180ea8aa2eff27b834e9f0c3803b28a54cc3ef1c9ca462cc8b8c9d56e
M2_CONFIRM_H02_00,H02,quadtree_0_16_2_2,8,11,H02_route08_stop11,8,1,1e72484180ea8aa2eff27b834e9f0c3803b28a54cc3ef1c9ca462cc8b8c9d56e
M2_CONFIRM_H02_00,H02,quadtree_0_16_2_2,8,12,H02_route08_stop12,8,1,1e72484180ea8aa2eff27b834e9f0c3803b28a54cc3ef1c9ca462cc8b8c9d56e
M2_CONFIRM_H02_00,H02,quadtree_0_16_2_2,8,13,H02_route08_stop13,8,1,1e72484180ea8aa2eff27b834e9f0c3803b28a54cc3ef1c9ca462cc8b8c9d56e
M2_CONFIRM_H02_00,H02,quadtree_0_16_2_2,8,14,H02_route08_stop14,8,1,1e72484180ea8aa2eff27b834e9f0c3803b28a54cc3ef1c9ca462cc8b8c9d56e
M2_CONFIRM_H02_00,H02,quadtree_0_16_2_2,8,15,H02_route08_stop15,8,1,1e72484180ea8aa2eff27b834e9f0c3803b28a54cc3ef1c9ca462cc8b8c9d56e
M2_CONFIRM_H02_01,H02,quadtree_6_32_2_2,5,1,H02_route05_stop01,0,0,26e08ffd208f4265c3e9e9e3c681dbadd2a7e39ce8fbad846494b8b1bfa8f130
M2_CONFIRM_H02_01,H02,quadtree_6_32_2_2,5,2,H02_route05_stop02,5,0,26e08ffd208f4265c3e9e9e3c681dbadd2a7e39ce8fbad846494b8b1bfa8f130
M2_CONFIRM_H02_01,H02,quadtree_6_32_2_2,5,3,H02_route05_stop03,0,0,26e08ffd208f4265c3e9e9e3c681dbadd2a7e39ce8fbad846494b8b1bfa8f130
M2_CONFIRM_H02_01,H02,quadtree_6_32_2_2,5,4,H02_route05_stop04,0,0,26e08ffd208f4265c3e9e9e3c681dbadd2a7e39ce8fbad846494b8b1bfa8f130
M2_CONFIRM_H02_01,H02,quadtree_6_32_2_2,5,5,H02_route05_stop05,0,0,26e08ffd208f4265c3e9e9e3c681dbadd2a7e39ce8fbad846494b8b1bfa8f130
M2_CONFIRM_H02_01,H02,quadtree_6_32_2_2,5,6,H02_route05_stop06,1,0,26e08ffd208f4265c3e9e9e3c681dbadd2a7e39ce8fbad846494b8b1bfa8f130
M2_CONFIRM_H02_01,H02,quadtree_6_32_2_2,5,7,H02_route05_stop07,8,1,26e08ffd208f4265c3e9e9e3c681dbadd2a7e39ce8fbad846494b8b1bfa8f130
M2_CONFIRM_H02_01,H02,quadtree_6_32_2_2,5,8,H02_route05_stop08,2,1,26e08ffd208f4265c3e9e9e3c681dbadd2a7e39ce8fbad846494b8b1bfa8f130
M2_CONFIRM_H02_01,H02,quadtree_6_32_2_2,5,9,H02_route05_stop09,8,1,26e08ffd208f4265c3e9e9e3c681dbadd2a7e39ce8fbad846494b8b1bfa8f130
M2_CONFIRM_H02_01,H02,quadtree_6_32_2_2,5,10,H02_route05_stop10,8,1,26e08ffd208f4265c3e9e9e3c681dbadd2a7e39ce8fbad846494b8b1bfa8f130
M2_CONFIRM_H02_01,H02,quadtree_6_32_2_2,5,11,H02_route05_stop11,8,1,26e08ffd208f4265c3e9e9e3c681dbadd2a7e39ce8fbad846494b8b1bfa8f130
M2_CONFIRM_H02_01,H02,quadtree_6_32_2_2,5,12,H02_route05_stop12,5,1,26e08ffd208f4265c3e9e9e3c681dbadd2a7e39ce8fbad846494b8b1bfa8f130
M2_CONFIRM_H02_01,H02,quadtree_6_32_2_2,5,13,H02_route05_stop13,7,0,26e08ffd208f4265c3e9e9e3c681dbadd2a7e39ce8fbad846494b8b1bfa8f130
M2_CONFIRM_H02_01,H02,quadtree_6_32_2_2,5,14,H02_route05_stop14,8,1,26e08ffd208f4265c3e9e9e3c681dbadd2a7e39ce8fbad846494b8b1bfa8f130
M2_CONFIRM_H02_01,H02,quadtree_6_32_2_2,5,15,H02_route05_stop15,3,1,26e08ffd208f4265c3e9e9e3c681dbadd2a7e39ce8fbad846494b8b1bfa8f130
M2_CONFIRM_H02_02,H02,quadtree_4_36_2_2,6,1,H02_route06_stop01,0,0,471103b91c538e70bb2a3299535fa0d927254bfd846dc0fcc0577b76b18da306
M2_CONFIRM_H02_02,H02,quadtree_4_36_2_2,6,2,H02_route06_stop02,0,0,471103b91c538e70bb2a3299535fa0d927254bfd846dc0fcc0577b76b18da306
M2_CONFIRM_H02_02,H02,quadtree_4_36_2_2,6,3,H02_route06_stop03,0,0,471103b91c538e70bb2a3299535fa0d927254bfd846dc0fcc0577b76b18da306
M2_CONFIRM_H02_02,H02,quadtree_4_36_2_2,6,4,H02_route06_stop04,0,0,471103b91c538e70bb2a3299535fa0d927254bfd846dc0fcc0577b76b18da306
M2_CONFIRM_H02_02,H02,quadtree_4_36_2_2,6,5,H02_route06_stop05,0,0,471103b91c538e70bb2a3299535fa0d927254bfd846dc0fcc0577b76b18da306
M2_CONFIRM_H02_02,H02,quadtree_4_36_2_2,6,6,H02_route06_stop06,0,0,471103b91c538e70bb2a3299535fa0d927254bfd846dc0fcc0577b76b18da306
M2_CONFIRM_H02_02,H02,quadtree_4_36_2_2,6,7,H02_route06_stop07,0,0,471103b91c538e70bb2a3299535fa0d927254bfd846dc0fcc0577b76b18da306
M2_CONFIRM_H02_02,H02,quadtree_4_36_2_2,6,8,H02_route06_stop08,4,1,471103b91c538e70bb2a3299535fa0d927254bfd846dc0fcc0577b76b18da306
M2_CONFIRM_H02_02,H02,quadtree_4_36_2_2,6,9,H02_route06_stop09,3,0,471103b91c538e70bb2a3299535fa0d927254bfd846dc0fcc0577b76b18da306
M2_CONFIRM_H02_02,H02,quadtree_4_36_2_2,6,10,H02_route06_stop10,0,0,471103b91c538e70bb2a3299535fa0d927254bfd846dc0fcc0577b76b18da306
M2_CONFIRM_H02_02,H02,quadtree_4_36_2_2,6,11,H02_route06_stop11,7,1,471103b91c538e70bb2a3299535fa0d927254bfd846dc0fcc0577b76b18da306
M2_CONFIRM_H02_02,H02,quadtree_4_36_2_2,6,12,H02_route06_stop12,8,1,471103b91c538e70bb2a3299535fa0d927254bfd846dc0fcc0577b76b18da306
M2_CONFIRM_H02_02,H02,quadtree_4_36_2_2,6,13,H02_route06_stop13,2,1,471103b91c538e70bb2a3299535fa0d927254bfd846dc0fcc0577b76b18da306
M2_CONFIRM_H02_02,H02,quadtree_4_36_2_2,6,14,H02_route06_stop14,7,1,471103b91c538e70bb2a3299535fa0d927254bfd846dc0fcc0577b76b18da306
M2_CONFIRM_H02_02,H02,quadtree_4_36_2_2,6,15,H02_route06_stop15,3,1,471103b91c538e70bb2a3299535fa0d927254bfd846dc0fcc0577b76b18da306
M2_CONFIRM_H02_03,H02,quadtree_22_14_2_2,2,1,H02_route02_stop01,0,0,33c3356aaacaa028439cdc6abae53a846cc5f4657d08e559b4b85d2237859d70
M2_CONFIRM_H02_03,H02,quadtree_22_14_2_2,2,2,H02_route02_stop02,0,0,33c3356aaacaa028439cdc6abae53a846cc5f4657d08e559b4b85d2237859d70
M2_CONFIRM_H02_03,H02,quadtree_22_14_2_2,2,3,H02_route02_stop03,0,0,33c3356aaacaa028439cdc6abae53a846cc5f4657d08e559b4b85d2237859d70
M2_CONFIRM_H02_03,H02,quadtree_22_14_2_2,2,4,H02_route02_stop04,0,0,33c3356aaacaa028439cdc6abae53a846cc5f4657d08e559b4b85d2237859d70
M2_CONFIRM_H02_03,H02,quadtree_22_14_2_2,2,5,H02_route02_stop05,0,0,33c3356aaacaa028439cdc6abae53a846cc5f4657d08e559b4b85d2237859d70
M2_CONFIRM_H02_03,H02,quadtree_22_14_2_2,2,6,H02_route02_stop06,4,1,33c3356aaacaa028439cdc6abae53a846cc5f4657d08e559b4b85d2237859d70
M2_CONFIRM_H02_03,H02,quadtree_22_14_2_2,2,7,H02_route02_stop07,8,1,33c3356aaacaa028439cdc6abae53a846cc5f4657d08e559b4b85d2237859d70
M2_CONFIRM_H02_03,H02,quadtree_22_14_2_2,2,8,H02_route02_stop08,4,1,33c3356aaacaa028439cdc6abae53a846cc5f4657d08e559b4b85d2237859d70
M2_CONFIRM_H02_03,H02,quadtree_22_14_2_2,2,9,H02_route02_stop09,4,1,33c3356aaacaa028439cdc6abae53a846cc5f4657d08e559b4b85d2237859d70
M2_CONFIRM_H02_03,H02,quadtree_22_14_2_2,2,10,H02_route02_stop10,8,1,33c3356aaacaa028439cdc6abae53a846cc5f4657d08e559b4b85d2237859d70
M2_CONFIRM_H02_03,H02,quadtree_22_14_2_2,2,11,H02_route02_stop11,8,1,33c3356aaacaa028439cdc6abae53a846cc5f4657d08e559b4b85d2237859d70
M2_CONFIRM_H02_03,H02,quadtree_22_14_2_2,2,12,H02_route02_stop12,8,1,33c3356aaacaa028439cdc6abae53a846cc5f4657d08e559b4b85d2237859d70
M2_CONFIRM_H02_03,H02,quadtree_22_14_2_2,2,13,H02_route02_stop13,8,1,33c3356aaacaa028439cdc6abae53a846cc5f4657d08e559b4b85d2237859d70
M2_CONFIRM_H02_03,H02,quadtree_22_14_2_2,2,14,H02_route02_stop14,8,1,33c3356aaacaa028439cdc6abae53a846cc5f4657d08e559b4b85d2237859d70
M2_CONFIRM_H02_03,H02,quadtree_22_14_2_2,2,15,H02_route02_stop15,8,1,33c3356aaacaa028439cdc6abae53a846cc5f4657d08e559b4b85d2237859d70
M2_CONFIRM_H02_04,H02,quadtree_26_28_1_2,9,1,H02_route09_stop01,0,0,f94117336fe7ea62c1b602e8f2a850d7768cba09275eb65fd71c4df7f18c4d68
M2_CONFIRM_H02_04,H02,quadtree_26_28_1_2,9,2,H02_route09_stop02,0,0,f94117336fe7ea62c1b602e8f2a850d7768cba09275eb65fd71c4df7f18c4d68
M2_CONFIRM_H02_04,H02,quadtree_26_28_1_2,9,3,H02_route09_stop03,0,0,f94117336fe7ea62c1b602e8f2a850d7768cba09275eb65fd71c4df7f18c4d68
M2_CONFIRM_H02_04,H02,quadtree_26_28_1_2,9,4,H02_route09_stop04,0,0,f94117336fe7ea62c1b602e8f2a850d7768cba09275eb65fd71c4df7f18c4d68
M2_CONFIRM_H02_04,H02,quadtree_26_28_1_2,9,5,H02_route09_stop05,0,0,f94117336fe7ea62c1b602e8f2a850d7768cba09275eb65fd71c4df7f18c4d68
M2_CONFIRM_H02_04,H02,quadtree_26_28_1_2,9,6,H02_route09_stop06,0,0,f94117336fe7ea62c1b602e8f2a850d7768cba09275eb65fd71c4df7f18c4d68
M2_CONFIRM_H02_04,H02,quadtree_26_28_1_2,9,7,H02_route09_stop07,2,0,f94117336fe7ea62c1b602e8f2a850d7768cba09275eb65fd71c4df7f18c4d68
M2_CONFIRM_H02_04,H02,quadtree_26_28_1_2,9,8,H02_route09_stop08,0,0,f94117336fe7ea62c1b602e8f2a850d7768cba09275eb65fd71c4df7f18c4d68
M2_CONFIRM_H02_04,H02,quadtree_26_28_1_2,9,9,H02_route09_stop09,4,0,f94117336fe7ea62c1b602e8f2a850d7768cba09275eb65fd71c4df7f18c4d68
M2_CONFIRM_H02_04,H02,quadtree_26_28_1_2,9,10,H02_route09_stop10,6,0,f94117336fe7ea62c1b602e8f2a850d7768cba09275eb65fd71c4df7f18c4d68
M2_CONFIRM_H02_04,H02,quadtree_26_28_1_2,9,11,H02_route09_stop11,8,1,f94117336fe7ea62c1b602e8f2a850d7768cba09275eb65fd71c4df7f18c4d68
M2_CONFIRM_H02_04,H02,quadtree_26_28_1_2,9,12,H02_route09_stop12,8,1,f94117336fe7ea62c1b602e8f2a850d7768cba09275eb65fd71c4df7f18c4d68
M2_CONFIRM_H02_04,H02,quadtree_26_28_1_2,9,13,H02_route09_stop13,8,1,f94117336fe7ea62c1b602e8f2a850d7768cba09275eb65fd71c4df7f18c4d68
M2_CONFIRM_H02_04,H02,quadtree_26_28_1_2,9,14,H02_route09_stop14,6,0,f94117336fe7ea62c1b602e8f2a850d7768cba09275eb65fd71c4df7f18c4d68
M2_CONFIRM_H02_04,H02,quadtree_26_28_1_2,9,15,H02_route09_stop15,6,0,f94117336fe7ea62c1b602e8f2a850d7768cba09275eb65fd71c4df7f18c4d68
M2_CONFIRM_H02_05,H02,quadtree_12_28_2_2,7,1,H02_route07_stop01,0,0,fae7aaeba658fc26ea90b09b3d4c55a1050f6c6a29d73ea2b7ce1ba4e3455275
M2_CONFIRM_H02_05,H02,quadtree_12_28_2_2,7,2,H02_route07_stop02,4,0,fae7aaeba658fc26ea90b09b3d4c55a1050f6c6a29d73ea2b7ce1ba4e3455275
M2_CONFIRM_H02_05,H02,quadtree_12_28_2_2,7,3,H02_route07_stop03,0,0,fae7aaeba658fc26ea90b09b3d4c55a1050f6c6a29d73ea2b7ce1ba4e3455275
M2_CONFIRM_H02_05,H02,quadtree_12_28_2_2,7,4,H02_route07_stop04,0,0,fae7aaeba658fc26ea90b09b3d4c55a1050f6c6a29d73ea2b7ce1ba4e3455275
M2_CONFIRM_H02_05,H02,quadtree_12_28_2_2,7,5,H02_route07_stop05,1,0,fae7aaeba658fc26ea90b09b3d4c55a1050f6c6a29d73ea2b7ce1ba4e3455275
M2_CONFIRM_H02_05,H02,quadtree_12_28_2_2,7,6,H02_route07_stop06,3,1,fae7aaeba658fc26ea90b09b3d4c55a1050f6c6a29d73ea2b7ce1ba4e3455275
M2_CONFIRM_H02_05,H02,quadtree_12_28_2_2,7,7,H02_route07_stop07,4,1,fae7aaeba658fc26ea90b09b3d4c55a1050f6c6a29d73ea2b7ce1ba4e3455275
M2_CONFIRM_H02_05,H02,quadtree_12_28_2_2,7,8,H02_route07_stop08,0,0,fae7aaeba658fc26ea90b09b3d4c55a1050f6c6a29d73ea2b7ce1ba4e3455275
M2_CONFIRM_H02_05,H02,quadtree_12_28_2_2,7,9,H02_route07_stop09,4,1,fae7aaeba658fc26ea90b09b3d4c55a1050f6c6a29d73ea2b7ce1ba4e3455275
M2_CONFIRM_H02_05,H02,quadtree_12_28_2_2,7,10,H02_route07_stop10,4,1,fae7aaeba658fc26ea90b09b3d4c55a1050f6c6a29d73ea2b7ce1ba4e3455275
M2_CONFIRM_H02_05,H02,quadtree_12_28_2_2,7,11,H02_route07_stop11,8,1,fae7aaeba658fc26ea90b09b3d4c55a1050f6c6a29d73ea2b7ce1ba4e3455275
M2_CONFIRM_H02_05,H02,quadtree_12_28_2_2,7,12,H02_route07_stop12,8,1,fae7aaeba658fc26ea90b09b3d4c55a1050f6c6a29d73ea2b7ce1ba4e3455275
M2_CONFIRM_H02_05,H02,quadtree_12_28_2_2,7,13,H02_route07_stop13,8,1,fae7aaeba658fc26ea90b09b3d4c55a1050f6c6a29d73ea2b7ce1ba4e3455275
M2_CONFIRM_H02_05,H02,quadtree_12_28_2_2,7,14,H02_route07_stop14,4,1,fae7aaeba658fc26ea90b09b3d4c55a1050f6c6a29d73ea2b7ce1ba4e3455275
M2_CONFIRM_H02_05,H02,quadtree_12_28_2_2,7,15,H02_route07_stop15,4,1,fae7aaeba658fc26ea90b09b3d4c55a1050f6c6a29d73ea2b7ce1ba4e3455275
M2_CONFIRM_H02_06,H02,quadtree_22_20_2_2,0,1,H02_route00_stop01,0,0,b19ccbcddd942a169a4205f9e838e5396d22fe8cfcd5883e7abaa572102d8e1b
M2_CONFIRM_H02_06,H02,quadtree_22_20_2_2,0,2,H02_route00_stop02,0,0,b19ccbcddd942a169a4205f9e838e5396d22fe8cfcd5883e7abaa572102d8e1b
M2_CONFIRM_H02_06,H02,quadtree_22_20_2_2,0,3,H02_route00_stop03,0,0,b19ccbcddd942a169a4205f9e838e5396d22fe8cfcd5883e7abaa572102d8e1b
M2_CONFIRM_H02_06,H02,quadtree_22_20_2_2,0,4,H02_route00_stop04,0,0,b19ccbcddd942a169a4205f9e838e5396d22fe8cfcd5883e7abaa572102d8e1b
M2_CONFIRM_H02_06,H02,quadtree_22_20_2_2,0,5,H02_route00_stop05,0,0,b19ccbcddd942a169a4205f9e838e5396d22fe8cfcd5883e7abaa572102d8e1b
M2_CONFIRM_H02_06,H02,quadtree_22_20_2_2,0,6,H02_route00_stop06,0,0,b19ccbcddd942a169a4205f9e838e5396d22fe8cfcd5883e7abaa572102d8e1b
M2_CONFIRM_H02_06,H02,quadtree_22_20_2_2,0,7,H02_route00_stop07,0,0,b19ccbcddd942a169a4205f9e838e5396d22fe8cfcd5883e7abaa572102d8e1b
M2_CONFIRM_H02_06,H02,quadtree_22_20_2_2,0,8,H02_route00_stop08,0,0,b19ccbcddd942a169a4205f9e838e5396d22fe8cfcd5883e7abaa572102d8e1b
M2_CONFIRM_H02_06,H02,quadtree_22_20_2_2,0,9,H02_route00_stop09,0,0,b19ccbcddd942a169a4205f9e838e5396d22fe8cfcd5883e7abaa572102d8e1b
M2_CONFIRM_H02_06,H02,quadtree_22_20_2_2,0,10,H02_route00_stop10,4,1,b19ccbcddd942a169a4205f9e838e5396d22fe8cfcd5883e7abaa572102d8e1b
M2_CONFIRM_H02_06,H02,quadtree_22_20_2_2,0,11,H02_route00_stop11,0,0,b19ccbcddd942a169a4205f9e838e5396d22fe8cfcd5883e7abaa572102d8e1b
M2_CONFIRM_H02_06,H02,quadtree_22_20_2_2,0,12,H02_route00_stop12,1,0,b19ccbcddd942a169a4205f9e838e5396d22fe8cfcd5883e7abaa572102d8e1b
M2_CONFIRM_H02_06,H02,quadtree_22_20_2_2,0,13,H02_route00_stop13,2,0,b19ccbcddd942a169a4205f9e838e5396d22fe8cfcd5883e7abaa572102d8e1b
M2_CONFIRM_H02_06,H02,quadtree_22_20_2_2,0,14,H02_route00_stop14,3,0,b19ccbcddd942a169a4205f9e838e5396d22fe8cfcd5883e7abaa572102d8e1b
M2_CONFIRM_H02_06,H02,quadtree_22_20_2_2,0,15,H02_route00_stop15,5,0,b19ccbcddd942a169a4205f9e838e5396d22fe8cfcd5883e7abaa572102d8e1b
M2_CONFIRM_H02_07,H02,quadtree_10_10_2_2,3,1,H02_route03_stop01,0,0,86889f6998cd768087de59a3030f7602dc01ec54bbfefbcdb9ab9a9a12acc6aa
M2_CONFIRM_H02_07,H02,quadtree_10_10_2_2,3,2,H02_route03_stop02,0,0,86889f6998cd768087de59a3030f7602dc01ec54bbfefbcdb9ab9a9a12acc6aa
M2_CONFIRM_H02_07,H02,quadtree_10_10_2_2,3,3,H02_route03_stop03,0,0,86889f6998cd768087de59a3030f7602dc01ec54bbfefbcdb9ab9a9a12acc6aa
M2_CONFIRM_H02_07,H02,quadtree_10_10_2_2,3,4,H02_route03_stop04,4,0,86889f6998cd768087de59a3030f7602dc01ec54bbfefbcdb9ab9a9a12acc6aa
M2_CONFIRM_H02_07,H02,quadtree_10_10_2_2,3,5,H02_route03_stop05,5,1,86889f6998cd768087de59a3030f7602dc01ec54bbfefbcdb9ab9a9a12acc6aa
M2_CONFIRM_H02_07,H02,quadtree_10_10_2_2,3,6,H02_route03_stop06,5,1,86889f6998cd768087de59a3030f7602dc01ec54bbfefbcdb9ab9a9a12acc6aa
M2_CONFIRM_H02_07,H02,quadtree_10_10_2_2,3,7,H02_route03_stop07,7,1,86889f6998cd768087de59a3030f7602dc01ec54bbfefbcdb9ab9a9a12acc6aa
M2_CONFIRM_H02_07,H02,quadtree_10_10_2_2,3,8,H02_route03_stop08,7,1,86889f6998cd768087de59a3030f7602dc01ec54bbfefbcdb9ab9a9a12acc6aa
M2_CONFIRM_H02_07,H02,quadtree_10_10_2_2,3,9,H02_route03_stop09,0,1,86889f6998cd768087de59a3030f7602dc01ec54bbfefbcdb9ab9a9a12acc6aa
M2_CONFIRM_H02_07,H02,quadtree_10_10_2_2,3,10,H02_route03_stop10,0,0,86889f6998cd768087de59a3030f7602dc01ec54bbfefbcdb9ab9a9a12acc6aa
M2_CONFIRM_H02_07,H02,quadtree_10_10_2_2,3,11,H02_route03_stop11,6,1,86889f6998cd768087de59a3030f7602dc01ec54bbfefbcdb9ab9a9a12acc6aa
M2_CONFIRM_H02_07,H02,quadtree_10_10_2_2,3,12,H02_route03_stop12,8,1,86889f6998cd768087de59a3030f7602dc01ec54bbfefbcdb9ab9a9a12acc6aa
M2_CONFIRM_H02_07,H02,quadtree_10_10_2_2,3,13,H02_route03_stop13,8,1,86889f6998cd768087de59a3030f7602dc01ec54bbfefbcdb9ab9a9a12acc6aa
M2_CONFIRM_H02_07,H02,quadtree_10_10_2_2,3,14,H02_route03_stop14,8,1,86889f6998cd768087de59a3030f7602dc01ec54bbfefbcdb9ab9a9a12acc6aa
M2_CONFIRM_H02_07,H02,quadtree_10_10_2_2,3,15,H02_route03_stop15,4,1,86889f6998cd768087de59a3030f7602dc01ec54bbfefbcdb9ab9a9a12acc6aa
M2_CONFIRM_H02_08,H02,quadtree_10_6_2_2,1,1,H02_route01_stop01,0,0,1b7d24419114e85a6f021a96b9a6fcb20a4bb6eb2ed51b82d0ac02d4b5a6880e
M2_CONFIRM_H02_08,H02,quadtree_10_6_2_2,1,2,H02_route01_stop02,0,0,1b7d24419114e85a6f021a96b9a6fcb20a4bb6eb2ed51b82d0ac02d4b5a6880e
M2_CONFIRM_H02_08,H02,quadtree_10_6_2_2,1,3,H02_route01_stop03,0,0,1b7d24419114e85a6f021a96b9a6fcb20a4bb6eb2ed51b82d0ac02d4b5a6880e
M2_CONFIRM_H02_08,H02,quadtree_10_6_2_2,1,4,H02_route01_stop04,0,0,1b7d24419114e85a6f021a96b9a6fcb20a4bb6eb2ed51b82d0ac02d4b5a6880e
M2_CONFIRM_H02_08,H02,quadtree_10_6_2_2,1,5,H02_route01_stop05,0,0,1b7d24419114e85a6f021a96b9a6fcb20a4bb6eb2ed51b82d0ac02d4b5a6880e
M2_CONFIRM_H02_08,H02,quadtree_10_6_2_2,1,6,H02_route01_stop06,0,0,1b7d24419114e85a6f021a96b9a6fcb20a4bb6eb2ed51b82d0ac02d4b5a6880e
M2_CONFIRM_H02_08,H02,quadtree_10_6_2_2,1,7,H02_route01_stop07,0,0,1b7d24419114e85a6f021a96b9a6fcb20a4bb6eb2ed51b82d0ac02d4b5a6880e
M2_CONFIRM_H02_08,H02,quadtree_10_6_2_2,1,8,H02_route01_stop08,3,0,1b7d24419114e85a6f021a96b9a6fcb20a4bb6eb2ed51b82d0ac02d4b5a6880e
M2_CONFIRM_H02_08,H02,quadtree_10_6_2_2,1,9,H02_route01_stop09,0,0,1b7d24419114e85a6f021a96b9a6fcb20a4bb6eb2ed51b82d0ac02d4b5a6880e
M2_CONFIRM_H02_08,H02,quadtree_10_6_2_2,1,10,H02_route01_stop10,0,0,1b7d24419114e85a6f021a96b9a6fcb20a4bb6eb2ed51b82d0ac02d4b5a6880e
M2_CONFIRM_H02_08,H02,quadtree_10_6_2_2,1,11,H02_route01_stop11,0,0,1b7d24419114e85a6f021a96b9a6fcb20a4bb6eb2ed51b82d0ac02d4b5a6880e
M2_CONFIRM_H02_08,H02,quadtree_10_6_2_2,1,12,H02_route01_stop12,5,0,1b7d24419114e85a6f021a96b9a6fcb20a4bb6eb2ed51b82d0ac02d4b5a6880e
M2_CONFIRM_H02_08,H02,quadtree_10_6_2_2,1,13,H02_route01_stop13,8,1,1b7d24419114e85a6f021a96b9a6fcb20a4bb6eb2ed51b82d0ac02d4b5a6880e
M2_CONFIRM_H02_08,H02,quadtree_10_6_2_2,1,14,H02_route01_stop14,2,0,1b7d24419114e85a6f021a96b9a6fcb20a4bb6eb2ed51b82d0ac02d4b5a6880e
M2_CONFIRM_H02_08,H02,quadtree_10_6_2_2,1,15,H02_route01_stop15,1,1,1b7d24419114e85a6f021a96b9a6fcb20a4bb6eb2ed51b82d0ac02d4b5a6880e
M2_CONFIRM_H02_09,H02,quadtree_14_2_2_2,4,1,H02_route04_stop01,0,0,85ded323db5ade082fb0ebf9f1bca5c3804a1958d18374ad1ef071d922832055
M2_CONFIRM_H02_09,H02,quadtree_14_2_2_2,4,2,H02_route04_stop02,0,0,85ded323db5ade082fb0ebf9f1bca5c3804a1958d18374ad1ef071d922832055
M2_CONFIRM_H02_09,H02,quadtree_14_2_2_2,4,3,H02_route04_stop03,0,0,85ded323db5ade082fb0ebf9f1bca5c3804a1958d18374ad1ef071d922832055
M2_CONFIRM_H02_09,H02,quadtree_14_2_2_2,4,4,H02_route04_stop04,0,0,85ded323db5ade082fb0ebf9f1bca5c3804a1958d18374ad1ef071d922832055
M2_CONFIRM_H02_09,H02,quadtree_14_2_2_2,4,5,H02_route04_stop05,0,0,85ded323db5ade082fb0ebf9f1bca5c3804a1958d18374ad1ef071d922832055
M2_CONFIRM_H02_09,H02,quadtree_14_2_2_2,4,6,H02_route04_stop06,0,0,85ded323db5ade082fb0ebf9f1bca5c3804a1958d18374ad1ef071d922832055
M2_CONFIRM_H02_09,H02,quadtree_14_2_2_2,4,7,H02_route04_stop07,0,0,85ded323db5ade082fb0ebf9f1bca5c3804a1958d18374ad1ef071d922832055
M2_CONFIRM_H02_09,H02,quadtree_14_2_2_2,4,8,H02_route04_stop08,0,0,85ded323db5ade082fb0ebf9f1bca5c3804a1958d18374ad1ef071d922832055
M2_CONFIRM_H02_09,H02,quadtree_14_2_2_2,4,9,H02_route04_stop09,0,0,85ded323db5ade082fb0ebf9f1bca5c3804a1958d18374ad1ef071d922832055
M2_CONFIRM_H02_09,H02,quadtree_14_2_2_2,4,10,H02_route04_stop10,0,0,85ded323db5ade082fb0ebf9f1bca5c3804a1958d18374ad1ef071d922832055
M2_CONFIRM_H02_09,H02,quadtree_14_2_2_2,4,11,H02_route04_stop11,7,1,85ded323db5ade082fb0ebf9f1bca5c3804a1958d18374ad1ef071d922832055
M2_CONFIRM_H02_09,H02,quadtree_14_2_2_2,4,12,H02_route04_stop12,6,1,85ded323db5ade082fb0ebf9f1bca5c3804a1958d18374ad1ef071d922832055
M2_CONFIRM_H02_09,H02,quadtree_14_2_2_2,4,13,H02_route04_stop13,8,1,85ded323db5ade082fb0ebf9f1bca5c3804a1958d18374ad1ef071d922832055
M2_CONFIRM_H02_09,H02,quadtree_14_2_2_2,4,14,H02_route04_stop14,6,1,85ded323db5ade082fb0ebf9f1bca5c3804a1958d18374ad1ef071d922832055
M2_CONFIRM_H02_09,H02,quadtree_14_2_2_2,4,15,H02_route04_stop15,8,1,85ded323db5ade082fb0ebf9f1bca5c3804a1958d18374ad1ef071d922832055
M2_CONFIRM_H03_00,H03,quadtree_40_4_2_2,1,1,H03_route01_stop01,0,0,f330dcf61edca8e8828224eb2d885f74d971bc223ff35466d27b106597080323
M2_CONFIRM_H03_00,H03,quadtree_40_4_2_2,1,2,H03_route01_stop02,0,0,f330dcf61edca8e8828224eb2d885f74d971bc223ff35466d27b106597080323
M2_CONFIRM_H03_00,H03,quadtree_40_4_2_2,1,3,H03_route01_stop03,0,0,f330dcf61edca8e8828224eb2d885f74d971bc223ff35466d27b106597080323
M2_CONFIRM_H03_00,H03,quadtree_40_4_2_2,1,4,H03_route01_stop04,1,0,f330dcf61edca8e8828224eb2d885f74d971bc223ff35466d27b106597080323
M2_CONFIRM_H03_00,H03,quadtree_40_4_2_2,1,5,H03_route01_stop05,3,1,f330dcf61edca8e8828224eb2d885f74d971bc223ff35466d27b106597080323
M2_CONFIRM_H03_00,H03,quadtree_40_4_2_2,1,6,H03_route01_stop06,5,1,f330dcf61edca8e8828224eb2d885f74d971bc223ff35466d27b106597080323
M2_CONFIRM_H03_00,H03,quadtree_40_4_2_2,1,7,H03_route01_stop07,4,1,f330dcf61edca8e8828224eb2d885f74d971bc223ff35466d27b106597080323
M2_CONFIRM_H03_00,H03,quadtree_40_4_2_2,1,8,H03_route01_stop08,4,1,f330dcf61edca8e8828224eb2d885f74d971bc223ff35466d27b106597080323
M2_CONFIRM_H03_00,H03,quadtree_40_4_2_2,1,9,H03_route01_stop09,7,1,f330dcf61edca8e8828224eb2d885f74d971bc223ff35466d27b106597080323
M2_CONFIRM_H03_00,H03,quadtree_40_4_2_2,1,10,H03_route01_stop10,7,1,f330dcf61edca8e8828224eb2d885f74d971bc223ff35466d27b106597080323
M2_CONFIRM_H03_00,H03,quadtree_40_4_2_2,1,11,H03_route01_stop11,6,1,f330dcf61edca8e8828224eb2d885f74d971bc223ff35466d27b106597080323
M2_CONFIRM_H03_00,H03,quadtree_40_4_2_2,1,12,H03_route01_stop12,4,1,f330dcf61edca8e8828224eb2d885f74d971bc223ff35466d27b106597080323
M2_CONFIRM_H03_00,H03,quadtree_40_4_2_2,1,13,H03_route01_stop13,5,1,f330dcf61edca8e8828224eb2d885f74d971bc223ff35466d27b106597080323
M2_CONFIRM_H03_00,H03,quadtree_40_4_2_2,1,14,H03_route01_stop14,7,1,f330dcf61edca8e8828224eb2d885f74d971bc223ff35466d27b106597080323
M2_CONFIRM_H03_00,H03,quadtree_40_4_2_2,1,15,H03_route01_stop15,6,1,f330dcf61edca8e8828224eb2d885f74d971bc223ff35466d27b106597080323
M2_CONFIRM_H03_01,H03,quadtree_10_22_2_2,2,1,H03_route02_stop01,0,0,ed7db0263e57b764e22ea242027ed88fe7f21266cb0b541f6b28369c277c495f
M2_CONFIRM_H03_01,H03,quadtree_10_22_2_2,2,2,H03_route02_stop02,0,0,ed7db0263e57b764e22ea242027ed88fe7f21266cb0b541f6b28369c277c495f
M2_CONFIRM_H03_01,H03,quadtree_10_22_2_2,2,3,H03_route02_stop03,0,0,ed7db0263e57b764e22ea242027ed88fe7f21266cb0b541f6b28369c277c495f
M2_CONFIRM_H03_01,H03,quadtree_10_22_2_2,2,4,H03_route02_stop04,0,0,ed7db0263e57b764e22ea242027ed88fe7f21266cb0b541f6b28369c277c495f
M2_CONFIRM_H03_01,H03,quadtree_10_22_2_2,2,5,H03_route02_stop05,0,0,ed7db0263e57b764e22ea242027ed88fe7f21266cb0b541f6b28369c277c495f
M2_CONFIRM_H03_01,H03,quadtree_10_22_2_2,2,6,H03_route02_stop06,0,0,ed7db0263e57b764e22ea242027ed88fe7f21266cb0b541f6b28369c277c495f
M2_CONFIRM_H03_01,H03,quadtree_10_22_2_2,2,7,H03_route02_stop07,0,0,ed7db0263e57b764e22ea242027ed88fe7f21266cb0b541f6b28369c277c495f
M2_CONFIRM_H03_01,H03,quadtree_10_22_2_2,2,8,H03_route02_stop08,0,0,ed7db0263e57b764e22ea242027ed88fe7f21266cb0b541f6b28369c277c495f
M2_CONFIRM_H03_01,H03,quadtree_10_22_2_2,2,9,H03_route02_stop09,0,0,ed7db0263e57b764e22ea242027ed88fe7f21266cb0b541f6b28369c277c495f
M2_CONFIRM_H03_01,H03,quadtree_10_22_2_2,2,10,H03_route02_stop10,0,0,ed7db0263e57b764e22ea242027ed88fe7f21266cb0b541f6b28369c277c495f
M2_CONFIRM_H03_01,H03,quadtree_10_22_2_2,2,11,H03_route02_stop11,0,0,ed7db0263e57b764e22ea242027ed88fe7f21266cb0b541f6b28369c277c495f
M2_CONFIRM_H03_01,H03,quadtree_10_22_2_2,2,12,H03_route02_stop12,0,0,ed7db0263e57b764e22ea242027ed88fe7f21266cb0b541f6b28369c277c495f
M2_CONFIRM_H03_01,H03,quadtree_10_22_2_2,2,13,H03_route02_stop13,0,0,ed7db0263e57b764e22ea242027ed88fe7f21266cb0b541f6b28369c277c495f
M2_CONFIRM_H03_01,H03,quadtree_10_22_2_2,2,14,H03_route02_stop14,0,0,ed7db0263e57b764e22ea242027ed88fe7f21266cb0b541f6b28369c277c495f
M2_CONFIRM_H03_01,H03,quadtree_10_22_2_2,2,15,H03_route02_stop15,0,0,ed7db0263e57b764e22ea242027ed88fe7f21266cb0b541f6b28369c277c495f
M2_CONFIRM_H03_02,H03,quadtree_28_0_2_2,4,1,H03_route04_stop01,0,0,426b38f2dd363bca1e33070c19aa3b869483d800795d9b6344d4ce84af41483e
M2_CONFIRM_H03_02,H03,quadtree_28_0_2_2,4,2,H03_route04_stop02,0,0,426b38f2dd363bca1e33070c19aa3b869483d800795d9b6344d4ce84af41483e
M2_CONFIRM_H03_02,H03,quadtree_28_0_2_2,4,3,H03_route04_stop03,0,0,426b38f2dd363bca1e33070c19aa3b869483d800795d9b6344d4ce84af41483e
M2_CONFIRM_H03_02,H03,quadtree_28_0_2_2,4,4,H03_route04_stop04,1,0,426b38f2dd363bca1e33070c19aa3b869483d800795d9b6344d4ce84af41483e
M2_CONFIRM_H03_02,H03,quadtree_28_0_2_2,4,5,H03_route04_stop05,2,0,426b38f2dd363bca1e33070c19aa3b869483d800795d9b6344d4ce84af41483e
M2_CONFIRM_H03_02,H03,quadtree_28_0_2_2,4,6,H03_route04_stop06,3,0,426b38f2dd363bca1e33070c19aa3b869483d800795d9b6344d4ce84af41483e
M2_CONFIRM_H03_02,H03,quadtree_28_0_2_2,4,7,H03_route04_stop07,6,1,426b38f2dd363bca1e33070c19aa3b869483d800795d9b6344d4ce84af41483e
M2_CONFIRM_H03_02,H03,quadtree_28_0_2_2,4,8,H03_route04_stop08,3,0,426b38f2dd363bca1e33070c19aa3b869483d800795d9b6344d4ce84af41483e
M2_CONFIRM_H03_02,H03,quadtree_28_0_2_2,4,9,H03_route04_stop09,4,1,426b38f2dd363bca1e33070c19aa3b869483d800795d9b6344d4ce84af41483e
M2_CONFIRM_H03_02,H03,quadtree_28_0_2_2,4,10,H03_route04_stop10,8,1,426b38f2dd363bca1e33070c19aa3b869483d800795d9b6344d4ce84af41483e
M2_CONFIRM_H03_02,H03,quadtree_28_0_2_2,4,11,H03_route04_stop11,7,1,426b38f2dd363bca1e33070c19aa3b869483d800795d9b6344d4ce84af41483e
M2_CONFIRM_H03_02,H03,quadtree_28_0_2_2,4,12,H03_route04_stop12,7,1,426b38f2dd363bca1e33070c19aa3b869483d800795d9b6344d4ce84af41483e
M2_CONFIRM_H03_02,H03,quadtree_28_0_2_2,4,13,H03_route04_stop13,7,1,426b38f2dd363bca1e33070c19aa3b869483d800795d9b6344d4ce84af41483e
M2_CONFIRM_H03_02,H03,quadtree_28_0_2_2,4,14,H03_route04_stop14,4,1,426b38f2dd363bca1e33070c19aa3b869483d800795d9b6344d4ce84af41483e
M2_CONFIRM_H03_02,H03,quadtree_28_0_2_2,4,15,H03_route04_stop15,2,0,426b38f2dd363bca1e33070c19aa3b869483d800795d9b6344d4ce84af41483e
M2_CONFIRM_H03_03,H03,quadtree_26_8_2_2,0,1,H03_route00_stop01,0,0,ae0b8bc71d2b7b285d23baf0615715b0d1a70c2074dfae2e1f3c04dcbbcb4a9e
M2_CONFIRM_H03_03,H03,quadtree_26_8_2_2,0,2,H03_route00_stop02,0,0,ae0b8bc71d2b7b285d23baf0615715b0d1a70c2074dfae2e1f3c04dcbbcb4a9e
M2_CONFIRM_H03_03,H03,quadtree_26_8_2_2,0,3,H03_route00_stop03,0,0,ae0b8bc71d2b7b285d23baf0615715b0d1a70c2074dfae2e1f3c04dcbbcb4a9e
M2_CONFIRM_H03_03,H03,quadtree_26_8_2_2,0,4,H03_route00_stop04,3,0,ae0b8bc71d2b7b285d23baf0615715b0d1a70c2074dfae2e1f3c04dcbbcb4a9e
M2_CONFIRM_H03_03,H03,quadtree_26_8_2_2,0,5,H03_route00_stop05,8,1,ae0b8bc71d2b7b285d23baf0615715b0d1a70c2074dfae2e1f3c04dcbbcb4a9e
M2_CONFIRM_H03_03,H03,quadtree_26_8_2_2,0,6,H03_route00_stop06,8,1,ae0b8bc71d2b7b285d23baf0615715b0d1a70c2074dfae2e1f3c04dcbbcb4a9e
M2_CONFIRM_H03_03,H03,quadtree_26_8_2_2,0,7,H03_route00_stop07,7,1,ae0b8bc71d2b7b285d23baf0615715b0d1a70c2074dfae2e1f3c04dcbbcb4a9e
M2_CONFIRM_H03_03,H03,quadtree_26_8_2_2,0,8,H03_route00_stop08,8,1,ae0b8bc71d2b7b285d23baf0615715b0d1a70c2074dfae2e1f3c04dcbbcb4a9e
M2_CONFIRM_H03_03,H03,quadtree_26_8_2_2,0,9,H03_route00_stop09,8,1,ae0b8bc71d2b7b285d23baf0615715b0d1a70c2074dfae2e1f3c04dcbbcb4a9e
M2_CONFIRM_H03_03,H03,quadtree_26_8_2_2,0,10,H03_route00_stop10,7,1,ae0b8bc71d2b7b285d23baf0615715b0d1a70c2074dfae2e1f3c04dcbbcb4a9e
M2_CONFIRM_H03_03,H03,quadtree_26_8_2_2,0,11,H03_route00_stop11,8,1,ae0b8bc71d2b7b285d23baf0615715b0d1a70c2074dfae2e1f3c04dcbbcb4a9e
M2_CONFIRM_H03_03,H03,quadtree_26_8_2_2,0,12,H03_route00_stop12,8,1,ae0b8bc71d2b7b285d23baf0615715b0d1a70c2074dfae2e1f3c04dcbbcb4a9e
M2_CONFIRM_H03_03,H03,quadtree_26_8_2_2,0,13,H03_route00_stop13,4,0,ae0b8bc71d2b7b285d23baf0615715b0d1a70c2074dfae2e1f3c04dcbbcb4a9e
M2_CONFIRM_H03_03,H03,quadtree_26_8_2_2,0,14,H03_route00_stop14,6,1,ae0b8bc71d2b7b285d23baf0615715b0d1a70c2074dfae2e1f3c04dcbbcb4a9e
M2_CONFIRM_H03_03,H03,quadtree_26_8_2_2,0,15,H03_route00_stop15,5,1,ae0b8bc71d2b7b285d23baf0615715b0d1a70c2074dfae2e1f3c04dcbbcb4a9e
M2_CONFIRM_H03_04,H03,quadtree_12_8_2_2,3,1,H03_route03_stop01,0,0,7c9b77ed73cad40a25cdd93c0d5594a7ca3821a576e9d5b66312ef54acef18ae
M2_CONFIRM_H03_04,H03,quadtree_12_8_2_2,3,2,H03_route03_stop02,8,1,7c9b77ed73cad40a25cdd93c0d5594a7ca3821a576e9d5b66312ef54acef18ae
M2_CONFIRM_H03_04,H03,quadtree_12_8_2_2,3,3,H03_route03_stop03,1,1,7c9b77ed73cad40a25cdd93c0d5594a7ca3821a576e9d5b66312ef54acef18ae
M2_CONFIRM_H03_04,H03,quadtree_12_8_2_2,3,4,H03_route03_stop04,0,1,7c9b77ed73cad40a25cdd93c0d5594a7ca3821a576e9d5b66312ef54acef18ae
M2_CONFIRM_H03_04,H03,quadtree_12_8_2_2,3,5,H03_route03_stop05,8,1,7c9b77ed73cad40a25cdd93c0d5594a7ca3821a576e9d5b66312ef54acef18ae
M2_CONFIRM_H03_04,H03,quadtree_12_8_2_2,3,6,H03_route03_stop06,8,1,7c9b77ed73cad40a25cdd93c0d5594a7ca3821a576e9d5b66312ef54acef18ae
M2_CONFIRM_H03_04,H03,quadtree_12_8_2_2,3,7,H03_route03_stop07,8,1,7c9b77ed73cad40a25cdd93c0d5594a7ca3821a576e9d5b66312ef54acef18ae
M2_CONFIRM_H03_04,H03,quadtree_12_8_2_2,3,8,H03_route03_stop08,7,1,7c9b77ed73cad40a25cdd93c0d5594a7ca3821a576e9d5b66312ef54acef18ae
M2_CONFIRM_H03_04,H03,quadtree_12_8_2_2,3,9,H03_route03_stop09,8,1,7c9b77ed73cad40a25cdd93c0d5594a7ca3821a576e9d5b66312ef54acef18ae
M2_CONFIRM_H03_04,H03,quadtree_12_8_2_2,3,10,H03_route03_stop10,8,1,7c9b77ed73cad40a25cdd93c0d5594a7ca3821a576e9d5b66312ef54acef18ae
M2_CONFIRM_H03_04,H03,quadtree_12_8_2_2,3,11,H03_route03_stop11,8,1,7c9b77ed73cad40a25cdd93c0d5594a7ca3821a576e9d5b66312ef54acef18ae
M2_CONFIRM_H03_04,H03,quadtree_12_8_2_2,3,12,H03_route03_stop12,8,1,7c9b77ed73cad40a25cdd93c0d5594a7ca3821a576e9d5b66312ef54acef18ae
M2_CONFIRM_H03_04,H03,quadtree_12_8_2_2,3,13,H03_route03_stop13,8,1,7c9b77ed73cad40a25cdd93c0d5594a7ca3821a576e9d5b66312ef54acef18ae
M2_CONFIRM_H03_04,H03,quadtree_12_8_2_2,3,14,H03_route03_stop14,8,1,7c9b77ed73cad40a25cdd93c0d5594a7ca3821a576e9d5b66312ef54acef18ae
M2_CONFIRM_H03_04,H03,quadtree_12_8_2_2,3,15,H03_route03_stop15,8,1,7c9b77ed73cad40a25cdd93c0d5594a7ca3821a576e9d5b66312ef54acef18ae
M2_CONFIRM_H03_05,H03,quadtree_30_6_2_2,9,1,H03_route09_stop01,0,0,a3b0d24096fb55c553393b7238669d4c6f0777eed93246eb87e0a764468119ac
M2_CONFIRM_H03_05,H03,quadtree_30_6_2_2,9,2,H03_route09_stop02,0,0,a3b0d24096fb55c553393b7238669d4c6f0777eed93246eb87e0a764468119ac
M2_CONFIRM_H03_05,H03,quadtree_30_6_2_2,9,3,H03_route09_stop03,0,0,a3b0d24096fb55c553393b7238669d4c6f0777eed93246eb87e0a764468119ac
M2_CONFIRM_H03_05,H03,quadtree_30_6_2_2,9,4,H03_route09_stop04,0,0,a3b0d24096fb55c553393b7238669d4c6f0777eed93246eb87e0a764468119ac
M2_CONFIRM_H03_05,H03,quadtree_30_6_2_2,9,5,H03_route09_stop05,4,0,a3b0d24096fb55c553393b7238669d4c6f0777eed93246eb87e0a764468119ac
M2_CONFIRM_H03_05,H03,quadtree_30_6_2_2,9,6,H03_route09_stop06,6,0,a3b0d24096fb55c553393b7238669d4c6f0777eed93246eb87e0a764468119ac
M2_CONFIRM_H03_05,H03,quadtree_30_6_2_2,9,7,H03_route09_stop07,3,0,a3b0d24096fb55c553393b7238669d4c6f0777eed93246eb87e0a764468119ac
M2_CONFIRM_H03_05,H03,quadtree_30_6_2_2,9,8,H03_route09_stop08,5,0,a3b0d24096fb55c553393b7238669d4c6f0777eed93246eb87e0a764468119ac
M2_CONFIRM_H03_05,H03,quadtree_30_6_2_2,9,9,H03_route09_stop09,6,0,a3b0d24096fb55c553393b7238669d4c6f0777eed93246eb87e0a764468119ac
M2_CONFIRM_H03_05,H03,quadtree_30_6_2_2,9,10,H03_route09_stop10,2,0,a3b0d24096fb55c553393b7238669d4c6f0777eed93246eb87e0a764468119ac
M2_CONFIRM_H03_05,H03,quadtree_30_6_2_2,9,11,H03_route09_stop11,7,0,a3b0d24096fb55c553393b7238669d4c6f0777eed93246eb87e0a764468119ac
M2_CONFIRM_H03_05,H03,quadtree_30_6_2_2,9,12,H03_route09_stop12,5,0,a3b0d24096fb55c553393b7238669d4c6f0777eed93246eb87e0a764468119ac
M2_CONFIRM_H03_05,H03,quadtree_30_6_2_2,9,13,H03_route09_stop13,2,0,a3b0d24096fb55c553393b7238669d4c6f0777eed93246eb87e0a764468119ac
M2_CONFIRM_H03_05,H03,quadtree_30_6_2_2,9,14,H03_route09_stop14,1,0,a3b0d24096fb55c553393b7238669d4c6f0777eed93246eb87e0a764468119ac
M2_CONFIRM_H03_05,H03,quadtree_30_6_2_2,9,15,H03_route09_stop15,1,0,a3b0d24096fb55c553393b7238669d4c6f0777eed93246eb87e0a764468119ac
M2_CONFIRM_H03_06,H03,quadtree_0_4_2_2,7,1,H03_route07_stop01,0,0,6d209cf61d77548ee2df832b90621923ca5cad0a64bfe90c477758d16bdf84c7
M2_CONFIRM_H03_06,H03,quadtree_0_4_2_2,7,2,H03_route07_stop02,5,0,6d209cf61d77548ee2df832b90621923ca5cad0a64bfe90c477758d16bdf84c7
M2_CONFIRM_H03_06,H03,quadtree_0_4_2_2,7,3,H03_route07_stop03,8,1,6d209cf61d77548ee2df832b90621923ca5cad0a64bfe90c477758d16bdf84c7
M2_CONFIRM_H03_06,H03,quadtree_0_4_2_2,7,4,H03_route07_stop04,0,1,6d209cf61d77548ee2df832b90621923ca5cad0a64bfe90c477758d16bdf84c7
M2_CONFIRM_H03_06,H03,quadtree_0_4_2_2,7,5,H03_route07_stop05,7,0,6d209cf61d77548ee2df832b90621923ca5cad0a64bfe90c477758d16bdf84c7
M2_CONFIRM_H03_06,H03,quadtree_0_4_2_2,7,6,H03_route07_stop06,8,1,6d209cf61d77548ee2df832b90621923ca5cad0a64bfe90c477758d16bdf84c7
M2_CONFIRM_H03_06,H03,quadtree_0_4_2_2,7,7,H03_route07_stop07,8,1,6d209cf61d77548ee2df832b90621923ca5cad0a64bfe90c477758d16bdf84c7
M2_CONFIRM_H03_06,H03,quadtree_0_4_2_2,7,8,H03_route07_stop08,8,1,6d209cf61d77548ee2df832b90621923ca5cad0a64bfe90c477758d16bdf84c7
M2_CONFIRM_H03_06,H03,quadtree_0_4_2_2,7,9,H03_route07_stop09,8,1,6d209cf61d77548ee2df832b90621923ca5cad0a64bfe90c477758d16bdf84c7
M2_CONFIRM_H03_06,H03,quadtree_0_4_2_2,7,10,H03_route07_stop10,8,1,6d209cf61d77548ee2df832b90621923ca5cad0a64bfe90c477758d16bdf84c7
M2_CONFIRM_H03_06,H03,quadtree_0_4_2_2,7,11,H03_route07_stop11,8,1,6d209cf61d77548ee2df832b90621923ca5cad0a64bfe90c477758d16bdf84c7
M2_CONFIRM_H03_06,H03,quadtree_0_4_2_2,7,12,H03_route07_stop12,8,1,6d209cf61d77548ee2df832b90621923ca5cad0a64bfe90c477758d16bdf84c7
M2_CONFIRM_H03_06,H03,quadtree_0_4_2_2,7,13,H03_route07_stop13,8,1,6d209cf61d77548ee2df832b90621923ca5cad0a64bfe90c477758d16bdf84c7
M2_CONFIRM_H03_06,H03,quadtree_0_4_2_2,7,14,H03_route07_stop14,8,1,6d209cf61d77548ee2df832b90621923ca5cad0a64bfe90c477758d16bdf84c7
M2_CONFIRM_H03_06,H03,quadtree_0_4_2_2,7,15,H03_route07_stop15,8,1,6d209cf61d77548ee2df832b90621923ca5cad0a64bfe90c477758d16bdf84c7
M2_CONFIRM_H03_07,H03,quadtree_34_6_2_2,8,1,H03_route08_stop01,0,0,04a1049a17fc24fc46118bd3ee39719f4c51811df820830578b6cd7fef445d34
M2_CONFIRM_H03_07,H03,quadtree_34_6_2_2,8,2,H03_route08_stop02,0,0,04a1049a17fc24fc46118bd3ee39719f4c51811df820830578b6cd7fef445d34
M2_CONFIRM_H03_07,H03,quadtree_34_6_2_2,8,3,H03_route08_stop03,0,0,04a1049a17fc24fc46118bd3ee39719f4c51811df820830578b6cd7fef445d34
M2_CONFIRM_H03_07,H03,quadtree_34_6_2_2,8,4,H03_route08_stop04,0,0,04a1049a17fc24fc46118bd3ee39719f4c51811df820830578b6cd7fef445d34
M2_CONFIRM_H03_07,H03,quadtree_34_6_2_2,8,5,H03_route08_stop05,0,0,04a1049a17fc24fc46118bd3ee39719f4c51811df820830578b6cd7fef445d34
M2_CONFIRM_H03_07,H03,quadtree_34_6_2_2,8,6,H03_route08_stop06,0,0,04a1049a17fc24fc46118bd3ee39719f4c51811df820830578b6cd7fef445d34
M2_CONFIRM_H03_07,H03,quadtree_34_6_2_2,8,7,H03_route08_stop07,2,0,04a1049a17fc24fc46118bd3ee39719f4c51811df820830578b6cd7fef445d34
M2_CONFIRM_H03_07,H03,quadtree_34_6_2_2,8,8,H03_route08_stop08,1,0,04a1049a17fc24fc46118bd3ee39719f4c51811df820830578b6cd7fef445d34
M2_CONFIRM_H03_07,H03,quadtree_34_6_2_2,8,9,H03_route08_stop09,0,0,04a1049a17fc24fc46118bd3ee39719f4c51811df820830578b6cd7fef445d34
M2_CONFIRM_H03_07,H03,quadtree_34_6_2_2,8,10,H03_route08_stop10,5,0,04a1049a17fc24fc46118bd3ee39719f4c51811df820830578b6cd7fef445d34
M2_CONFIRM_H03_07,H03,quadtree_34_6_2_2,8,11,H03_route08_stop11,1,0,04a1049a17fc24fc46118bd3ee39719f4c51811df820830578b6cd7fef445d34
M2_CONFIRM_H03_07,H03,quadtree_34_6_2_2,8,12,H03_route08_stop12,2,0,04a1049a17fc24fc46118bd3ee39719f4c51811df820830578b6cd7fef445d34
M2_CONFIRM_H03_07,H03,quadtree_34_6_2_2,8,13,H03_route08_stop13,1,0,04a1049a17fc24fc46118bd3ee39719f4c51811df820830578b6cd7fef445d34
M2_CONFIRM_H03_07,H03,quadtree_34_6_2_2,8,14,H03_route08_stop14,3,0,04a1049a17fc24fc46118bd3ee39719f4c51811df820830578b6cd7fef445d34
M2_CONFIRM_H03_07,H03,quadtree_34_6_2_2,8,15,H03_route08_stop15,2,0,04a1049a17fc24fc46118bd3ee39719f4c51811df820830578b6cd7fef445d34
M2_CONFIRM_H03_08,H03,quadtree_0_14_2_2,5,1,H03_route05_stop01,0,0,8081196623227225208c257c753fde88d95c443172890b487838fe0baf5a2e08
M2_CONFIRM_H03_08,H03,quadtree_0_14_2_2,5,2,H03_route05_stop02,6,0,8081196623227225208c257c753fde88d95c443172890b487838fe0baf5a2e08
M2_CONFIRM_H03_08,H03,quadtree_0_14_2_2,5,3,H03_route05_stop03,8,1,8081196623227225208c257c753fde88d95c443172890b487838fe0baf5a2e08
M2_CONFIRM_H03_08,H03,quadtree_0_14_2_2,5,4,H03_route05_stop04,2,1,8081196623227225208c257c753fde88d95c443172890b487838fe0baf5a2e08
M2_CONFIRM_H03_08,H03,quadtree_0_14_2_2,5,5,H03_route05_stop05,1,0,8081196623227225208c257c753fde88d95c443172890b487838fe0baf5a2e08
M2_CONFIRM_H03_08,H03,quadtree_0_14_2_2,5,6,H03_route05_stop06,6,1,8081196623227225208c257c753fde88d95c443172890b487838fe0baf5a2e08
M2_CONFIRM_H03_08,H03,quadtree_0_14_2_2,5,7,H03_route05_stop07,8,1,8081196623227225208c257c753fde88d95c443172890b487838fe0baf5a2e08
M2_CONFIRM_H03_08,H03,quadtree_0_14_2_2,5,8,H03_route05_stop08,8,1,8081196623227225208c257c753fde88d95c443172890b487838fe0baf5a2e08
M2_CONFIRM_H03_08,H03,quadtree_0_14_2_2,5,9,H03_route05_stop09,8,1,8081196623227225208c257c753fde88d95c443172890b487838fe0baf5a2e08
M2_CONFIRM_H03_08,H03,quadtree_0_14_2_2,5,10,H03_route05_stop10,8,1,8081196623227225208c257c753fde88d95c443172890b487838fe0baf5a2e08
M2_CONFIRM_H03_08,H03,quadtree_0_14_2_2,5,11,H03_route05_stop11,8,1,8081196623227225208c257c753fde88d95c443172890b487838fe0baf5a2e08
M2_CONFIRM_H03_08,H03,quadtree_0_14_2_2,5,12,H03_route05_stop12,8,1,8081196623227225208c257c753fde88d95c443172890b487838fe0baf5a2e08
M2_CONFIRM_H03_08,H03,quadtree_0_14_2_2,5,13,H03_route05_stop13,8,1,8081196623227225208c257c753fde88d95c443172890b487838fe0baf5a2e08
M2_CONFIRM_H03_08,H03,quadtree_0_14_2_2,5,14,H03_route05_stop14,8,1,8081196623227225208c257c753fde88d95c443172890b487838fe0baf5a2e08
M2_CONFIRM_H03_08,H03,quadtree_0_14_2_2,5,15,H03_route05_stop15,8,1,8081196623227225208c257c753fde88d95c443172890b487838fe0baf5a2e08
M2_CONFIRM_H03_09,H03,quadtree_18_6_2_2,6,1,H03_route06_stop01,0,0,af774e5ae587145d65d343feb4587da3448814ece71985448b86400690f0bba6
M2_CONFIRM_H03_09,H03,quadtree_18_6_2_2,6,2,H03_route06_stop02,0,0,af774e5ae587145d65d343feb4587da3448814ece71985448b86400690f0bba6
M2_CONFIRM_H03_09,H03,quadtree_18_6_2_2,6,3,H03_route06_stop03,0,0,af774e5ae587145d65d343feb4587da3448814ece71985448b86400690f0bba6
M2_CONFIRM_H03_09,H03,quadtree_18_6_2_2,6,4,H03_route06_stop04,8,1,af774e5ae587145d65d343feb4587da3448814ece71985448b86400690f0bba6
M2_CONFIRM_H03_09,H03,quadtree_18_6_2_2,6,5,H03_route06_stop05,7,1,af774e5ae587145d65d343feb4587da3448814ece71985448b86400690f0bba6
M2_CONFIRM_H03_09,H03,quadtree_18_6_2_2,6,6,H03_route06_stop06,8,1,af774e5ae587145d65d343feb4587da3448814ece71985448b86400690f0bba6
M2_CONFIRM_H03_09,H03,quadtree_18_6_2_2,6,7,H03_route06_stop07,8,1,af774e5ae587145d65d343feb4587da3448814ece71985448b86400690f0bba6
M2_CONFIRM_H03_09,H03,quadtree_18_6_2_2,6,8,H03_route06_stop08,8,1,af774e5ae587145d65d343feb4587da3448814ece71985448b86400690f0bba6
M2_CONFIRM_H03_09,H03,quadtree_18_6_2_2,6,9,H03_route06_stop09,8,1,af774e5ae587145d65d343feb4587da3448814ece71985448b86400690f0bba6
M2_CONFIRM_H03_09,H03,quadtree_18_6_2_2,6,10,H03_route06_stop10,8,1,af774e5ae587145d65d343feb4587da3448814ece71985448b86400690f0bba6
M2_CONFIRM_H03_09,H03,quadtree_18_6_2_2,6,11,H03_route06_stop11,8,1,af774e5ae587145d65d343feb4587da3448814ece71985448b86400690f0bba6
M2_CONFIRM_H03_09,H03,quadtree_18_6_2_2,6,12,H03_route06_stop12,8,1,af774e5ae587145d65d343feb4587da3448814ece71985448b86400690f0bba6
M2_CONFIRM_H03_09,H03,quadtree_18_6_2_2,6,13,H03_route06_stop13,8,1,af774e5ae587145d65d343feb4587da3448814ece71985448b86400690f0bba6
M2_CONFIRM_H03_09,H03,quadtree_18_6_2_2,6,14,H03_route06_stop14,8,1,af774e5ae587145d65d343feb4587da3448814ece71985448b86400690f0bba6
M2_CONFIRM_H03_09,H03,quadtree_18_6_2_2,6,15,H03_route06_stop15,8,1,af774e5ae587145d65d343feb4587da3448814ece71985448b86400690f0bba6
