steady_ns,source_update_id,cell_index,x,y,internal_u,internal_v,magnitude
63204811943202,1,30,-7.1000003814697266,-7.4300003051757812,0.010387999936938286,0.02655700035393238,0.02851639546802145
63204811943202,1,31,-6.8000001907348633,-7.4300003051757812,0.005896099843084812,0.04994399845600128,0.05029082396553752
63204811943202,1,32,-6.5,-7.4300003051757812,0.0027417000383138657,0.07932499796152115,0.07937236433857457
63204811943202,1,33,-6.2000002861022949,-7.4300003051757812,0.016690000891685486,0.10688000172376633,0.10817527859098286
63204811943202,1,34,-5.9000000953674316,-7.4300003051757812,0.027428999543190002,0.11878000199794769,0.12190586077204317
63204811943202,1,35,-5.6000003814697266,-7.4300003051757812,0.02828099951148033,0.1252399981021881,0.12839342684890231
63204811943202,1,36,-5.3000001907348633,-7.4300003051757812,0.022081999108195305,0.1255899965763092,0.12751651628182012
63204811943202,1,37,-5,-7.4300003051757812,-0.010879999957978725,0.12233000248670578,0.1228128816838163
63204811943202,1,40,-4.1000003814697266,-7.4300003051757812,0.026016000658273697,-0.0030338000506162643,0.026192293389438365
63204811943202,1,41,-3.7999999523162842,-7.4300003051757812,0.029368000105023384,0.04056299850344658,0.05007830146639623
63204811943202,1,42,-3.5,-7.4300003051757812,0.010208000428974628,0.08760599792003632,0.08819871962972792
63204811943202,1,43,-3.1999998092651367,-7.4300003051757812,-0.0010366999777033925,0.09236899763345718,0.09237481513190372
63204811943202,1,44,-2.9000000953674316,-7.4300003051757812,0.02684199996292591,0.036559998989105225,0.04535555630893628
63204811943202,1,49,-1.4000000953674316,-7.4300003051757812,-0.0013892999850213528,-0.0007767999777570367,0.0015917200299750153
63204811943202,1,50,-1.0999999046325684,-7.4300003051757812,-0.001181200030259788,-0.0005594399990513921,0.0013069837887381564
63204811943202,1,51,-0.79999971389770508,-7.4300003051757812,-0.000444800010882318,-0.0004427900130394846,0.000627622534114588
63204811943202,1,52,-0.5,-7.4300003051757812,0.00022825000633019954,-0.0003788599860854447,0.0004423041424703136
63204811943202,1,53,-0.19999980926513672,-7.4300003051757812,0.0006664799875579774,-0.0003638800117187202,0.0007593446100050343
63204811943202,1,54,0.099999904632568359,-7.4300003051757812,0.0007340500014834106,-0.000394839997170493,0.0008335034661256004
63204811943202,1,55,0.40000009536743164,-7.4300003051757812,0.0006368900067172945,-0.00045049001346342266,0.0007801090519194288
63204811943202,1,56,0.69999980926513672,-7.4300003051757812,0.0004644799919333309,-0.0006961600156500936,0.0008368873462398184
63204811943202,1,59,-7.1000003814697266,-7.130000114440918,-0.01677599921822548,0.04330800101161003,0.04644369818814515
63204811943202,1,60,-6.8000001907348633,-7.130000114440918,-0.032016001641750336,0.06887499988079071,0.07595255077812384
63204811943202,1,61,-6.5,-7.130000114440918,-0.04353500157594681,0.10233999788761139,0.11121497889157735
63204811943202,1,62,-6.2000002861022949,-7.130000114440918,-0.031202999874949455,0.13559000194072723,0.13913402110009798
63204811943202,1,63,-5.9000000953674316,-7.130000114440918,-0.0022716999519616365,0.15102000534534454,0.15103709026321857
63204811943202,1,64,-5.6000003814697266,-7.130000114440918,0.029833000153303146,0.15750999748706818,0.16031034653609608
63204811943202,1,65,-5.3000001907348633,-7.130000114440918,0.042107999324798584,0.16460999846458435,0.1699103740259779
63204811943202,1,66,-5,-7.130000114440918,0.02514299936592579,0.15396000444889069,0.15599953008588643
63204811943202,1,69,-4.1000003814697266,-7.130000114440918,-0.015185000374913216,0.028156999498605728,0.03199063702320724
63204811943202,1,70,-3.7999999523162842,-7.130000114440918,-0.024848999455571175,0.0717490017414093,0.07593017861714624
63204811943202,1,71,-3.5,-7.130000114440918,-0.003987300209701061,0.13535000383853912,0.13540872240020152
63204811943202,1,72,-3.1999998092651367,-7.130000114440918,0.016977999359369278,0.17402000725269318,0.1748462621461326
63204811943202,1,73,-2.9000000953674316,-7.130000114440918,0.02638700045645237,0.1459999978542328,0.14836533680925879
63204811943202,1,74,-2.5999999046325684,-7.130000114440918,0.007297799922525883,0.10728999972343445,0.10753790924303756
63204811943202,1,78,-1.4000000953674316,-7.130000114440918,-0.0009310099994763732,-0.001386399962939322,0.001669995352198068
63204811943202,1,79,-1.0999999046325684,-7.130000114440918,-0.0008417100179940462,-0.0007600500248372555,0.0011340863259234944
63204811943202,1,80,-0.79999971389770508,-7.130000114440918,-0.00044947999413125217,-0.0006139699835330248,0.0007609148479322593
63204811943202,1,81,-0.5,-7.130000114440918,0.00017050000315066427,-0.00041795001015998423,0.0004513894793491619
63204811943202,1,82,-0.19999980926513672,-7.130000114440918,0.0003833399969153106,-0.0003096399886999279,0.0004927742645848319
63204811943202,1,83,0.099999904632568359,-7.130000114440918,0.0004555500054266304,-0.0002852400066331029,0.0005374827149111453
63204811943202,1,84,0.40000009536743164,-7.130000114440918,0.00045963001321069896,-0.0003382099966984242,0.0005706537925141788
63204811943202,1,85,0.69999980926513672,-7.130000114440918,0.00038203998701646924,-0.0005725399823859334,0.000688299777066671
63204811943202,1,88,-7.1000003814697266,-6.8299999237060547,-0.02472599968314171,0.06672400236129761,0.07115804628740992
63204811943202,1,89,-6.8000001907348633,-6.8299999237060547,-0.04148399829864502,0.09461300075054169,0.10330799594350858
63204811943202,1,90,-6.5,-6.8299999237060547,-0.05721399933099747,0.1228799968957901,0.13554680135125566
63204811943202,1,91,-6.2000002861022949,-6.8299999237060547,-0.06574899703264236,0.14292000234127045,0.15731833230754502
63204811943202,1,92,-5.9000000953674316,-6.8299999237060547,-0.06171900033950806,0.14386999607086182,0.15654970703370222
63204811943202,1,93,-5.6000003814697266,-6.8299999237060547,-0.0403669998049736,0.13440999388694763,0.14034080351039763
63204811943202,1,94,-5.3000001907348633,-6.8299999237060547,-0.0014393000165000558,0.14656999707221985,0.1465770637797334
63204811943202,1,95,-5,-6.8299999237060547,0.01438200008124113,0.16181999444961548,0.16245784847156633
63204811943202,1,98,-4.1000003814697266,-6.8299999237060547,-0.013120999559760094,0.05072199925780296,0.052391619922997124
63204811943202,1,99,-3.7999999523162842,-6.8299999237060547,-0.01839499920606613,0.07989100366830826,0.08198139095502599
63204811943202,1,100,-3.5,-6.8299999237060547,-0.012961000204086304,0.12055999785661697,0.12125469314413284
63204811943202,1,103,-2.5999999046325684,-6.8299999237060547,0.032145000994205475,0.17754000425338745,0.1804265895016871
63204811943202,1,104,-2.3000001907348633,-6.8299999237060547,0.02101299911737442,0.1238899976015091,0.1256593714675062
63204811943202,1,107,-1.4000000953674316,-6.8299999237060547,-0.0005274399882182479,-0.0019330000504851341,0.0020036671720490896
63204811943202,1,110,-0.5,-6.8299999237060547,0.00018166999507229775,-0.0003617200127337128,0.0004047781549461952
63204811943202,1,111,-0.19999980926513672,-6.8299999237060547,0.0003106700023636222,-0.00024836999364197254,0.00039774804098867227
63204811943202,1,112,0.099999904632568359,-6.8299999237060547,0.0003675800107885152,-0.0002191600069636479,0.0004279558072787319
63204811943202,1,113,0.40000009536743164,-6.8299999237060547,0.00039493999793194234,-0.0002889900060836226,0.0004893800420763957
63204811943202,1,114,0.69999980926513672,-6.8299999237060547,0.00034706000587902963,-0.0005684500210918486,0.0006660225778155536
63204811943202,1,117,-7.1000003814697266,-6.5300002098083496,-0.019982999190688133,0.0926629975438118,0.09479320318704033
63204811943202,1,118,-6.8000001907348633,-6.5300002098083496,-0.03631399944424629,0.12138999998569489,0.12670532211459676
63204811943202,1,119,-6.5,-6.5300002098083496,-0.05532199889421463,0.14667999744415283,0.15676589301205848
63204811943202,1,120,-6.2000002861022949,-6.5300002098083496,-0.07623700052499771,0.1580599993467331,0.17548516644587875
63204811943202,1,121,-5.9000000953674316,-6.5300002098083496,-0.09388600289821625,0.14470000565052032,0.17248963208107462
63204811943202,1,122,-5.6000003814697266,-6.5300002098083496,-0.1003900021314621,0.11133000254631042,0.14990837866816
63204811943202,1,123,-5.3000001907348633,-6.5300002098083496,-0.08823300153017044,0.09718800336122513,0.13126526789811754
63204811943202,1,124,-5,-6.5300002098083496,-0.059307001531124115,0.10374999791383743,0.11950473839029994
63204811943202,1,127,-4.1000003814697266,-6.5300002098083496,-0.011549999937415123,0.06261199712753296,0.06366839626417871
63204811943202,1,128,-3.7999999523162842,-6.5300002098083496,-0.016672000288963318,0.07863400131464005,0.0803819740761945
63204811943202,1,129,-3.5,-6.5300002098083496,-0.017000999301671982,0.10153999924659729,0.10295341385429833
63204811943202,1,130,-3.1999998092651367,-6.5300002098083496,-0.014793000183999538,0.14042000472545624,0.14119706293525006
63204811943202,1,131,-2.9000000953674316,-6.5300002098083496,-0.0070154001004993916,0.18764999508857727,0.18778108662832144
63204811943202,1,132,-2.5999999046325684,-6.5300002098083496,0.011215999722480774,0.20295999944210052,0.20326967315197841
63204811943202,1,133,-2.3000001907348633,-6.5300002098083496,0.013404999859631062,0.1932000070810318,0.19366449534529412
63204811943202,1,136,-1.4000000953674316,-6.5300002098083496,-0.00011714999709511176,-0.0021500999573618174,0.002153289100066843
63204811943202,1,137,-1.0999999046325684,-6.5300002098083496,-0.0003633500018622726,-0.0010369999799877405,0.0010988139889662343
63204811943202,1,138,-0.79999971389770508,-6.5300002098083496,-9.444400348002091e-05,-0.000480629998492077,0.0004898212584645833
63204811943202,1,139,-0.5,-6.5300002098083496,0.00018421000277157873,-0.0002712499990593642,0.0003278870035710628
63204811943202,1,140,-0.19999980926513672,-6.5300002098083496,0.00029774001450277865,-0.00018895999528467655,0.0003526400375086468
63204811943202,1,141,0.099999904632568359,-6.5300002098083496,0.00035613999352790415,-0.0001766600034898147,0.0003975480497035257
63204811943202,1,142,0.40000009536743164,-6.5300002098083496,0.0003924400079995394,-0.00027191999834030867,0.00047744072446333273
63204811943202,1,143,0.69999980926513672,-6.5300002098083496,0.0003599399933591485,-0.0006222299998626113,0.0007188372357831842
63204811943202,1,146,-7.1000003814697266,-6.2300000190734863,-0.010904000140726566,0.1181500032544136,0.11865209854059434
63204811943202,1,147,-6.8000001907348633,-6.2300000190734863,-0.024894999340176582,0.14907999336719513,0.151144319822183
63204811943202,1,148,-6.5,-6.2300000190734863,-0.04427599906921387,0.1769700050354004,0.18242463313874765
63204811943202,1,149,-6.2000002861022949,-6.2300000190734863,-0.06935600191354752,0.1874600052833557,0.19987873469248238
63204811943202,1,150,-5.9000000953674316,-6.2300000190734863,-0.09927599877119064,0.1675499975681305,0.19475298615707534
63204811943202,1,151,-5.6000003814697266,-6.2300000190734863,-0.12846000492572784,0.11776000261306763,0.17426815854007213
63204811943202,1,152,-5.3000001907348633,-6.2300000190734863,-0.12338999658823013,0.055424999445676804,0.13526648447267609
63204811943202,1,153,-5,-6.2300000190734863,-0.06524600088596344,-0.0015016000252217054,0.06526327783866581
63204811943202,1,156,-4.1000003814697266,-6.2300000190734863,-0.02013999968767166,0.07161799818277359,0.0743959491580501
63204811943202,1,157,-3.7999999523162842,-6.2300000190734863,-0.025265000760555267,0.07646100223064423,0.08052704592585921
63204811943202,1,158,-3.5,-6.2300000190734863,-0.024700000882148743,0.08636099845170975,0.08982378358293733
63204811943202,1,159,-3.1999998092651367,-6.2300000190734863,-0.022255999967455864,0.1132500022649765,0.11541617108346897
63204811943202,1,160,-2.9000000953674316,-6.2300000190734863,-0.01654299907386303,0.1652200073003769,0.16604614307684
63204811943202,1,161,-2.5999999046325684,-6.2300000190734863,-0.003447500057518482,0.2097100019454956,0.20973833739358755
63204811943202,1,162,-2.3000001907348633,-6.2300000190734863,0.0011896999785676599,0.23485000431537628,0.23485301767908212
63204811943202,1,165,-1.4000000953674316,-6.2300000190734863,-0.0002627299982123077,-0.002297499915584922,0.0023124733326188567
63204811943202,1,166,-1.0999999046325684,-6.2300000190734863,-0.00018093000107910484,-0.0009011600050143898,0.0009191436340028798
63204811943202,1,167,-0.79999971389770508,-6.2300000190734863,5.0080998335033655e-05,-0.0003872299857903272,0.0003904550784525803
63204811943202,1,168,-0.5,-6.2300000190734863,0.00023453999892808497,-0.0001932500017574057,0.00030389895405615237
63204811943202,1,169,-0.19999980926513672,-6.2300000190734863,0.0003463400062173605,-0.00012923000031150877,0.0003696644328132663
63204811943202,1,170,0.099999904632568359,-6.2300000190734863,0.00041055999463424087,-0.00014278000162448734,0.00043467877571599526
63204811943202,1,171,0.40000009536743164,-6.2300000190734863,0.00044996998622082174,-0.00026636000256985426,0.0005228963945836491
63204811943202,1,172,0.69999980926513672,-6.2300000190734863,0.00041850999696180224,-0.0006825100281275809,0.0008006063677311585
63204811943202,1,175,-7.1000003814697266,-5.9300003051757812,-0.0014320999616757035,0.13829000294208527,0.1382974179947774
63204811943202,1,176,-6.8000001907348633,-5.9300003051757812,-0.010157999582588673,0.17440000176429749,0.17469557971198596
63204811943202,1,177,-6.5,-5.9300003051757812,-0.02457600086927414,0.20656000077724457,0.20801685926823776
63204811943202,1,178,-6.2000002861022949,-5.9300003051757812,-0.043549999594688416,0.21855999529361725,0.22285662208568843
63204811943202,1,179,-5.9000000953674316,-5.9300003051757812,-0.0659950003027916,0.19812999665737152,0.20883207521933864
63204811943202,1,180,-5.6000003814697266,-5.9300003051757812,-0.08033700287342072,0.13860000669956207,0.1601998623214223
63204811943202,1,181,-5.3000001907348633,-5.9300003051757812,-0.05856899917125702,0.03470199927687645,0.06807757646784321
63204811943202,1,182,-5,-5.9300003051757812,-0.028889000415802002,-0.04639099910855293,0.05465070121520828
63204811943202,1,185,-4.1000003814697266,-5.9300003051757812,-0.028660999611020088,0.07816900312900543,0.08325770804487327
63204811943202,1,186,-3.7999999523162842,-5.9300003051757812,-0.03119800053536892,0.07123599946498871,0.07776813523018763
63204811943202,1,187,-3.5,-5.9300003051757812,-0.02639799937605858,0.0697920024394989,0.07461754469006207
63204811943202,1,188,-3.1999998092651367,-5.9300003051757812,-0.018602000549435616,0.0854019969701767,0.0874044364488169
63204811943202,1,189,-2.9000000953674316,-5.9300003051757812,-0.00818950030952692,0.12676000595092773,0.12702427730162047
63204811943202,1,190,-2.5999999046325684,-5.9300003051757812,0.0001056100009009242,0.18226000666618347,0.18226003726387618
63204811943202,1,191,-2.3000001907348633,-5.9300003051757812,-0.0019383999751880765,0.22835999727249146,0.22836822403468507
63204811943202,1,194,-1.4000000953674316,-5.9300003051757812,-0.00021800000104121864,-0.0027979998849332333,0.002806479530753851
63204811943202,1,195,-1.0999999046325684,-5.9300003051757812,0.0002687599917408079,-0.0009082600008696318,0.0009471896126648679
63204811943202,1,196,-0.79999971389770508,-5.9300003051757812,0.00041874998714774847,-0.00026686000637710094,0.0004965539394062098
63204811943202,1,197,-0.5,-5.9300003051757812,0.0004595399950630963,-7.884999649832025e-05,0.000466255647698101
63204811943202,1,198,-0.19999980926513672,-5.9300003051757812,0.0005209799855947495,-3.980100154876709e-05,0.0005224981005846722
63204811943202,1,199,0.099999904632568359,-5.9300003051757812,0.0005704400246031582,-8.904399874154478e-05,0.0005773479500103348
63204811943202,1,200,0.40000009536743164,-5.9300003051757812,0.0006095200078561902,-0.00024441001005470753,0.0006566969567402855
63204811943202,1,201,0.69999980926513672,-5.9300003051757812,0.00055598997278139,-0.0006865600007586181,0.0008834531591856607
63204811943202,1,204,-7.1000003814697266,-5.630000114440918,0.009717799723148346,0.1496499925851822,0.1499651823331146
63204811943202,1,205,-6.8000001907348633,-5.630000114440918,0.005993799772113562,0.192890003323555,0.19298310552447134
63204811943202,1,206,-6.5,-5.630000114440918,0.0008968799957074225,0.22719000279903412,0.22719177310270686
63204811943202,1,207,-6.2000002861022949,-5.630000114440918,-0.0021406998857855797,0.23848000168800354,0.2384896094195954
63204811943202,1,208,-5.9000000953674316,-5.630000114440918,-0.0032983000855892897,0.21794000267982483,0.2179649594580208
63204811943202,1,209,-5.6000003814697266,-5.630000114440918,0.0015690999571233988,0.15167999267578125,0.15168810847525424
63204811943202,1,210,-5.3000001907348633,-5.630000114440918,0.012470000423491001,0.028811000287532806,0.031393863224045575
63204811943202,1,211,-5,-5.630000114440918,0.011998999863862991,-0.06730099767446518,0.06836227238551504
63204811943202,1,214,-4.1000003814697266,-5.630000114440918,-0.022610999643802643,0.07955099642276764,0.08270198508347447
63204811943202,1,215,-3.7999999523162842,-5.630000114440918,-0.019930999726057053,0.06248300150036812,0.06558483229051586
63204811943202,1,216,-3.5,-5.630000114440918,-0.011122999712824821,0.05264100059866905,0.053803309067756946
63204811943202,1,217,-3.1999998092651367,-5.630000114440918,-0.0015086999628692865,0.06057000160217285,0.06058878831652919
63204811943202,1,218,-2.9000000953674316,-5.630000114440918,0.00618770020082593,0.09339900314807892,0.09360374684183405
63204811943202,1,219,-2.5999999046325684,-5.630000114440918,0.011207999661564827,0.1496499925851822,0.1500691158671854
63204811943202,1,220,-2.3000001907348633,-5.630000114440918,0.006489200051873922,0.2078399956226349,0.207941274156263
63204811943202,1,223,-1.4000000953674316,-5.630000114440918,0.0009784899884834886,-0.001589599996805191,0.0018666201561660801
63204811943202,1,224,-1.0999999046325684,-5.630000114440918,0.001487000030465424,9.182299982057884e-05,0.0014898323912105758
63204811943202,1,225,-0.79999971389770508,-5.630000114440918,0.001200699945911765,0.0003510400129016489,0.0012509634090454066
63204811943202,1,226,-0.5,-5.630000114440918,0.0009424699819646776,0.00019792999955825508,0.0009630295694471851
63204811943202,1,227,-0.19999980926513672,-5.630000114440918,0.0009127400116994977,0.0001398699969286099,0.0009233947936814505
63204811943202,1,228,0.099999904632568359,-5.630000114440918,0.0009216800099238753,2.8933000066899695e-05,0.0009221340245247142
63204811943202,1,229,0.40000009536743164,-5.630000114440918,0.00091559998691082,-0.00015095999697223306,0.00092796134440878
63204811943202,1,230,0.69999980926513672,-5.630000114440918,0.0007991999736987054,-0.00044781999895349145,0.0009161131750077151
63204811943202,1,233,-7.1000003814697266,-5.3299999237060547,0.01932300068438053,0.14639000594615936,0.14765978530515728
63204811943202,1,234,-6.8000001907348633,-5.3299999237060547,0.018476000055670738,0.19682000577449799,0.19768529852047817
63204811943202,1,235,-6.5,-5.3299999237060547,0.026298999786376953,0.2294899970293045,0.23099198281817931
63204811943202,1,236,-6.2000002861022949,-5.3299999237060547,0.044613998383283615,0.23768000304698944,0.2418309175853256
63204811943202,1,237,-5.9000000953674316,-5.3299999237060547,0.0648450031876564,0.22053000330924988,0.22986595397749734
63204811943202,1,238,-5.6000003814697266,-5.3299999237060547,0.07505399733781815,0.15972000360488892,0.17647544324333328
63204811943202,1,239,-5.3000001907348633,-5.3299999237060547,0.06296499818563461,0.03353400155901909,0.07133807018049525
63204811943202,1,240,-5,-5.3299999237060547,0.040408000349998474,-0.0689539983868599,0.0799215889845826
63204811943202,1,243,-4.1000003814697266,-5.3299999237060547,0.006107899826020002,0.073232002556324,0.07348627517226697
63204811943202,1,244,-3.7999999523162842,-5.3299999237060547,0.013659000396728516,0.05201999843120575,0.0537833480607193
63204811943202,1,245,-3.5,-5.3299999237060547,0.02382900007069111,0.040323998779058456,0.046838511098267255
63204811943202,1,246,-3.1999998092651367,-5.3299999237060547,0.03053100034594536,0.04900199919939041,0.05773506653379014
63204811943202,1,247,-2.9000000953674316,-5.3299999237060547,0.028291000053286552,0.07970999926328659,0.08458170408881703
63204811943202,1,248,-2.5999999046325684,-5.3299999237060547,0.022204000502824783,0.13155999779701233,0.13342057809303381
63204811943202,1,249,-2.3000001907348633,-5.3299999237060547,0.013023000210523605,0.19431999325752258,0.1947558941703355
63204811943202,1,252,-1.4000000953674316,-5.3299999237060547,0.0028226999565958977,-0.0009119600290432572,0.0029663624423760257
63204811943202,1,253,-1.0999999046325684,-5.3299999237060547,0.0027825001161545515,0.0015216999454423785,0.0031714157123214595
63204811943202,1,262,-7.1000003814697266,-5.0299997329711914,0.011872000060975552,0.13099999725818634,0.13153685288576974
63204811943202,1,263,-6.8000001907348633,-5.0299997329711914,0.015154999680817127,0.182559996843338,0.1831879539237369
63204811943202,1,264,-6.5,-5.0299997329711914,0.0383480004966259,0.2085600048303604,0.21205623017711406
63204811943202,1,265,-6.2000002861022949,-5.0299997329711914,0.0717800036072731,0.2151000052690506,0.22676062529594007
63204811943202,1,266,-5.9000000953674316,-5.0299997329711914,0.10006999969482422,0.20743000507354736,0.23030677767650262
63204811943202,1,267,-5.6000003814697266,-5.0299997329711914,0.10798999667167664,0.1588599979877472,0.1920894019507994
63204811943202,1,268,-5.3000001907348633,-5.0299997329711914,0.08843100070953369,0.0363989993929863,0.09562912235977158
63204811943202,1,269,-5,-5.0299997329711914,0.06013600155711174,-0.05794699862599373,0.08351163591403216
63204811943202,1,272,-4.1000003814697266,-5.0299997329711914,0.051047999411821365,0.05568400025367737,0.07554208183655554
63204811943202,1,273,-3.7999999523162842,-5.0299997329711914,0.06622099876403809,0.03751799836754799,0.07611058322476623
63204811943202,1,274,-3.5,-5.0299997329711914,0.08026400208473206,0.03174399957060814,0.0863133334971871
63204811943202,1,275,-3.1999998092651367,-5.0299997329711914,0.0840189978480339,0.05719799920916557,0.1016405584051939
63204811943202,1,276,-2.9000000953674316,-5.0299997329711914,0.061129000037908554,0.09591600298881531,0.11373932598263914
63204811943202,1,277,-2.5999999046325684,-5.0299997329711914,0.03676300123333931,0.1401900053024292,0.1449301757619083
63204811943202,1,278,-2.3000001907348633,-5.0299997329711914,0.016290999948978424,0.1966399997472763,0.19731367458933616
63204811943202,1,281,-1.4000000953674316,-5.0299997329711914,0.0045150998048484325,-0.0024963999167084694,0.0051592769640604105
63204811943202,1,282,-1.0999999046325684,-5.0299997329711914,0.003710600081831217,0.002883800072595477,0.004699452715581625
63204811943202,1,291,-7.1000003814697266,-4.7300000190734863,-0.02063800022006035,0.11405999958515167,0.11591208115829864
63204811943202,1,292,-6.8000001907348633,-4.7300000190734863,-0.013214999809861183,0.15448999404907227,0.15505416628151922
63204811943202,1,293,-6.5,-4.7300000190734863,0.014309000223875046,0.17417000234127045,0.17475679444005893
63204811943202,1,294,-6.2000002861022949,-4.7300000190734863,0.04446600005030632,0.18352000415325165,0.18883012758795495
63204811943202,1,295,-5.9000000953674316,-4.7300000190734863,0.06700599938631058,0.18190999329090118,0.19385832355835012
63204811943202,1,296,-5.6000003814697266,-4.7300000190734863,0.07579799741506577,0.13349999487400055,0.1535173770082478
63204811943202,1,297,-5.3000001907348633,-4.7300000190734863,0.08187299966812134,0.002566100098192692,0.0819132037242479
63204811943202,1,298,-5,-4.7300000190734863,0.07147099822759628,-0.05842300131917,0.09231116222206721
63204811943202,1,305,-2.9000000953674316,-4.7300000190734863,0.09054400026798248,0.15418000519275665,0.17880069906397705
63204811943202,1,306,-2.5999999046325684,-4.7300000190734863,0.04987100139260292,0.17637999355793,0.18329489602112883
63204811943202,1,307,-2.3000001907348633,-4.7300000190734863,0.019293999299407005,0.21974000334739685,0.22058541991727262
63204811943202,1,310,-1.4000000953674316,-4.7300000190734863,0.004435800015926361,-0.011109000071883202,0.011961864586191957
63204811943202,1,320,-7.1000003814697266,-4.4300003051757812,-0.03971000015735626,0.10333000123500824,0.11069766604461016
63204811943202,1,321,-6.8000001907348633,-4.4300003051757812,-0.03610699996352196,0.1264999955892563,0.13155213540816293
63204811943202,1,322,-6.5,-4.4300003051757812,-0.01876699924468994,0.14145000278949738,0.14268953553011168
63204811943202,1,323,-6.2000002861022949,-4.4300003051757812,-1.6612999388598837e-05,0.15259000658988953,0.15259000749424675
63204811943202,1,324,-5.9000000953674316,-4.4300003051757812,0.013780999928712845,0.1472100019454956,0.14785364598760492
63204811943202,1,325,-5.6000003814697266,-4.4300003051757812,0.016385000199079514,0.06562700122594833,0.06764149260205943
63204811943202,1,326,-5.3000001907348633,-4.4300003051757812,0.11654999852180481,-0.14803999662399292,0.188413754157876
63204811943202,1,327,-5,-4.4300003051757812,0.11409000307321548,-0.09299100190401077,0.14718646417506623
63204811943202,1,334,-2.9000000953674316,-4.4300003051757812,0.06492400169372559,0.19354000687599182,0.2041393158053731
63204811943202,1,335,-2.5999999046325684,-4.4300003051757812,0.05853600054979324,0.22005000710487366,0.22770258889002634
63204811943202,1,336,-2.3000001907348633,-4.4300003051757812,0.022221999242901802,0.26100999116897583,0.26195425696174585
63204811943202,1,339,-1.4000000953674316,-4.4300003051757812,-0.021314000710844994,-0.07482399791479111,0.07780049672241537
63204811943202,1,349,-7.1000003814697266,-4.130000114440918,-0.013253999873995781,0.09215500205755234,0.09310323795060704
63204811943202,1,350,-6.8000001907348633,-4.130000114440918,-0.004065799992531538,0.10209999978542328,0.1021809213393709
63204811943202,1,351,-6.5,-4.130000114440918,0.012408999726176262,0.11193999648094177,0.11262569017039363
63204811943202,1,352,-6.2000002861022949,-4.130000114440918,0.03494900092482567,0.11761000007390976,0.12269288807028922
63204811943202,1,353,-5.9000000953674316,-4.130000114440918,0.07712599635124207,0.08320999890565872,0.11345626131268177
63204811943202,1,354,-5.6000003814697266,-4.130000114440918,0.19844000041484833,-0.11812999844551086,0.23093966808970132
63204811943202,1,355,-5.3000001907348633,-4.130000114440918,0.2705099880695343,-0.2960200011730194,0.4010031106361321
63204811943202,1,356,-5,-4.130000114440918,0.14751000702381134,-0.08093000203371048,0.16825239196320882
63204811943202,1,364,-2.5999999046325684,-4.130000114440918,0.0885080024600029,0.25453001260757446,0.2694794868213013
63204811943202,1,368,-1.4000000953674316,-4.130000114440918,-0.15684999525547028,-0.1536400020122528,0.2195613154222895
63204811943202,1,372,-0.19999980926513672,-4.130000114440918,-0.027132999151945114,0.0035041000228375196,0.027358332550605203
63204811943202,1,373,0.099999904632568359,-4.130000114440918,-0.018609000369906425,-0.003853699890896678,0.019003839023109897
63204811943202,1,378,-7.1000003814697266,-3.8299999237060547,0.038440000265836716,0.06137000024318695,0.07241485034360212
63204811943202,1,379,-6.8000001907348633,-3.8299999237060547,0.07336000353097916,0.0604420006275177,0.0950522254233015
63204811943202,1,380,-6.5,-3.8299999237060547,0.11249999701976776,0.06261400133371353,0.12875077666742843
63204811943202,1,381,-6.2000002861022949,-3.8299999237060547,0.1542699933052063,0.0576229989528656,0.16468042033803032
63204811943202,1,382,-5.9000000953674316,-3.8299999237060547,0.1859699934720993,-0.03842499852180481,0.18989818056899166
63204811943202,1,383,-5.6000003814697266,-3.8299999237060547,0.33893999457359314,-0.37081000208854675,0.5023747381889891
63204811943202,1,384,-5.3000001907348633,-3.8299999237060547,0.2136400043964386,-0.24036000669002533,0.32158200244189555
63204811943202,1,385,-5,-3.8299999237060547,0.19473999738693237,-0.02168699912726879,0.19594385040977577
63204811943202,1,393,-2.5999999046325684,-3.8299999237060547,0.2019599974155426,0.23077000677585602,0.3066637190529956
63204811943202,1,397,-1.4000000953674316,-3.8299999237060547,-0.16012999415397644,-0.0945729985833168,0.18597222128262214
63204811943202,1,401,-0.19999980926513672,-3.8299999237060547,-0.03540999814867973,0.00048072999925352633,0.0354132612197985
63204811943202,1,402,0.099999904632568359,-3.8299999237060547,-0.0291569996625185,-0.010696000419557095,0.031056964666484548
63204811943202,1,412,-5.6000003814697266,-3.5299997329711914,0.17323000729084015,-0.33671998977661133,0.37866738299085884
63204811943202,1,413,-5.3000001907348633,-3.5299997329711914,0.1620199978351593,-0.23003000020980835,0.28136147692075664
63204811943202,1,414,-5,-3.5299997329711914,0.27270999550819397,-0.2078700065612793,0.34290039556388013
63204811943202,1,415,-4.6999998092651367,-3.5299997329711914,0.36191999912261963,-0.14169999957084656,0.3886707805370696
63204811943202,1,416,-4.4000000953674316,-3.5299997329711914,0.3712800145149231,-0.123539999127388,0.39129398227240414
63204811943202,1,417,-4.1000003814697266,-3.5299997329711914,0.33441001176834106,-0.13845999538898468,0.36194091547380997
63204811943202,1,418,-3.7999999523162842,-3.5299997329711914,0.2426699995994568,-0.14213000237941742,0.28122885037274103
63204811943202,1,419,-3.5,-3.5299997329711914,0.19223999977111816,-0.10292000323534012,0.21805674623354795
63204811943202,1,420,-3.1999998092651367,-3.5299997329711914,0.18491999804973602,-0.05152000114321709,0.19196279899113647
63204811943202,1,421,-2.9000000953674316,-3.5299997329711914,0.23351000249385834,-0.03344599902629852,0.23589310315384146
63204811943202,1,422,-2.5999999046325684,-3.5299997329711914,0.3970099985599518,-0.03207400068640709,0.39830350296803135
63204811943202,1,423,-2.3000001907348633,-3.5299997329711914,0.5656599998474121,0.08735600113868713,0.5723655356171583
63204811943202,1,424,-2,-3.5299997329711914,0.6858199834823608,0.24379999935626984,0.727865021435886
63204811943202,1,425,-1.6999998092651367,-3.5299997329711914,0.5727099776268005,0.22651000320911407,0.6158762051151865
63204811943202,1,426,-1.4000000953674316,-3.5299997329711914,0.23568999767303467,0.06003599986433983,0.24321615136093674
63204811943202,1,427,-1.0999999046325684,-3.5299997329711914,-0.012210999615490437,-0.04565500095486641,0.04725978865587912
63204811943202,1,428,-0.79999971389770508,-3.5299997329711914,-0.058378998190164566,-0.021588999778032303,0.062243010379504596
63204811943202,1,429,-0.5,-3.5299997329711914,-0.04158800095319748,-0.013047000393271446,0.043586535105984044
63204811943202,1,430,-0.19999980926513672,-3.5299997329711914,-0.027705000713467598,-0.010065999813377857,0.029476964171640252
63204811943202,1,431,0.099999904632568359,-3.5299997329711914,-0.022120999172329903,-0.00987119972705841,0.024223525516193927
63204811943202,1,432,0.40000009536743164,-3.5299997329711914,-0.0218260008841753,-0.0045958999544382095,0.022304632052271702
63204811943202,1,433,0.69999980926513672,-3.5299997329711914,-0.013400999829173088,0.002708100015297532,0.01367189094874413
63204811943202,1,441,-5.6000003814697266,-3.2300000190734863,0.22247999906539917,-0.29774001240730286,0.3716805953670986
63204811943202,1,442,-5.3000001907348633,-3.2300000190734863,0.31387999653816223,-0.23829999566078186,0.3940907765461219
63204811943202,1,443,-5,-3.2300000190734863,0.2756899893283844,-0.12338999658823013,0.30204314505369617
63204811943202,1,444,-4.6999998092651367,-3.2300000190734863,0.32899999618530273,-0.11663000285625458,0.3490609618049248
63204811943202,1,445,-4.4000000953674316,-3.2300000190734863,0.34264999628067017,-0.12987999618053436,0.36643939929952796
63204811943202,1,446,-4.1000003814697266,-3.2300000190734863,0.33684998750686646,-0.11785999685525894,0.35687377732483755
63204811943202,1,447,-3.7999999523162842,-3.2300000190734863,0.26809999346733093,-0.08224400132894516,0.28043124335882835
63204811943202,1,448,-3.5,-3.2300000190734863,0.2583700120449066,-0.06636399775743484,0.266756899296783
63204811943202,1,449,-3.1999998092651367,-3.2300000190734863,0.2916699945926666,-0.0563960000872612,0.29707220430650955
63204811943202,1,450,-2.9000000953674316,-3.2300000190734863,0.3249100148677826,-0.10152000188827515,0.3404009819973763
63204811943202,1,451,-2.5999999046325684,-3.2300000190734863,0.5038300156593323,-0.15964999794960022,0.5285194476313907
63204811943202,1,452,-2.3000001907348633,-3.2300000190734863,0.7036399841308594,-0.14792999625205994,0.7190219127806958
63204811943202,1,453,-2,-3.2300000190734863,0.865149974822998,-0.007114000152796507,0.8651792230135951
63204811943202,1,454,-1.6999998092651367,-3.2300000190734863,0.8467100262641907,0.175929993391037,0.8647943288151679
63204811943202,1,455,-1.4000000953674316,-3.2300000190734863,0.6486600041389465,0.27136000990867615,0.7031330286277092
63204811943202,1,456,-1.0999999046325684,-3.2300000190734863,0.2906399965286255,0.15140999853610992,0.3277141974935847
63204811943202,1,457,-0.79999971389770508,-3.2300000190734863,0.08051899820566177,-0.006743200123310089,0.080800865217808
63204811943202,1,458,-0.5,-3.2300000190734863,0.014519999735057354,-0.03211300075054169,0.03524308740037337
63204811943202,1,459,-0.19999980926513672,-3.2300000190734863,-0.00496690021827817,-0.017799999564886093,0.018479991403901594
63204811943202,1,460,0.099999904632568359,-3.2300000190734863,-0.01015899982303381,-0.01105399988591671,0.015013200554253833
63204811943202,1,461,0.40000009536743164,-3.2300000190734863,-0.01107299979776144,-0.0011120999697595835,0.011128705713782001
63204811943202,1,462,0.69999980926513672,-3.2300000190734863,-0.008321699686348438,0.01030499953776598,0.01324551626563226
63204811943202,1,483,-1.6999998092651367,-2.929999828338623,0.8369899988174438,0.39945998787879944,0.9274268381045242
63204811943202,1,484,-1.4000000953674316,-2.929999828338623,0.7833200097084045,0.44196999073028564,0.8994040862235971
63204811943202,1,487,-0.5,-2.929999828338623,0.08279599994421005,0.05520400032401085,0.09951210609033968
63204811943202,1,488,-0.19999980926513672,-2.929999828338623,0.01483600027859211,-0.0006197000038810074,0.014848937078498086
63204811943202,1,489,0.099999904632568359,-2.929999828338623,-0.0006952399853616953,-0.007176400162279606,0.007209998469237874
63204811943202,1,490,0.40000009536743164,-2.929999828338623,-0.00517479982227087,-0.0016650999896228313,0.005436093374475514
63204811943202,1,491,0.69999980926513672,-2.929999828338623,-0.003562700003385544,0.017656000331044197,0.018011862174799033
63204811943202,1,512,-1.6999998092651367,-2.630000114440918,-0.02845199964940548,0.07785499840974808,0.08289099505634882
63204811943202,1,513,-1.4000000953674316,-2.630000114440918,0.4433799982070923,0.6624799966812134,0.7971609428546168
63204811943202,1,523,-7.1000003814697266,-2.3299999237060547,0.009895900264382362,0.002767500001937151,0.010275597223681212
63204811943202,1,524,-6.8000001907348633,-2.3299999237060547,0.024862999096512794,0.02645999938249588,0.036308405244445514
63204811943202,1,525,-6.5,-2.3299999237060547,0.03791800141334534,-0.06407900154590607,0.07445732516215373
63204811943202,1,526,-6.2000002861022949,-2.3299999237060547,0.06024400144815445,-0.23407000303268433,0.24169837821178297
63204811943202,1,531,-4.6999998092651367,-2.3299999237060547,-0.04378800094127655,-0.02099600061774254,0.04856151839032096
63204811943202,1,532,-4.4000000953674316,-2.3299999237060547,-0.044374000281095505,-0.019088000059127808,0.04830531696618838
63204811943202,1,533,-4.1000003814697266,-2.3299999237060547,-0.03776500001549721,-0.018052000552415848,0.04185773465101673
63204811943202,1,534,-3.7999999523162842,-2.3299999237060547,-0.029072999954223633,-0.020617999136447906,0.0356418463989852
63204811943202,1,535,-3.5,-2.3299999237060547,-0.018352000042796135,-0.024252999573946,0.03041387666682125
63204811943202,1,536,-3.1999998092651367,-2.3299999237060547,-0.005657500121742487,-0.02725300006568432,0.027834031691576874
63204811943202,1,537,-2.9000000953674316,-2.3299999237060547,0.009005899541079998,-0.028790999203920364,0.030166668057711777
63204811943202,1,538,-2.5999999046325684,-2.3299999237060547,0.02264299988746643,-0.024834999814629555,0.03360777677408095
63204811943202,1,541,-1.6999998092651367,-2.3299999237060547,-0.11879999935626984,-0.08693099766969681,0.14720882515290495
63204811943202,1,542,-1.4000000953674316,-2.3299999237060547,0.0673379972577095,0.5695300102233887,0.5734970256415742
63204811943202,1,552,-7.1000003814697266,-2.0299997329711914,0.017330000177025795,-0.066941998898983,0.06914882589550711
63204811943202,1,553,-6.8000001907348633,-2.0299997329711914,0.10650999844074249,0.004544300027191639,0.10660689673085931
63204811943202,1,554,-6.5,-2.0299997329711914,0.23273000121116638,-0.12827999889850616,0.26574237821836066
63204811943202,1,555,-6.2000002861022949,-2.0299997329711914,0.361299991607666,-0.3667699992656708,0.5148377572566329
63204811943202,1,556,-5.9000000953674316,-2.0299997329711914,0.22247999906539917,-0.22832000255584717,0.3187904853524366
63204811943202,1,557,-5.6000003814697266,-2.0299997329711914,0.06121800094842911,-0.02564699947834015,0.06637327943053475
63204811943202,1,559,-5,-2.0299997329711914,-0.022878000512719154,-0.022482000291347504,0.03207558642581811
63204811943202,1,560,-4.6999998092651367,-2.0299997329711914,-0.028449000790715218,-0.026760000735521317,0.03905692365452272
63204811943202,1,561,-4.4000000953674316,-2.0299997329711914,-0.031074000522494316,-0.02597299963235855,0.04049926194851549
63204811943202,1,562,-4.1000003814697266,-2.0299997329711914,-0.029053999111056328,-0.025582000613212585,0.038711414592076984
63204811943202,1,563,-3.7999999523162842,-2.0299997329711914,-0.02212199941277504,-0.027504999190568924,0.035297419714364626
63204811943202,1,564,-3.5,-2.0299997329711914,-0.011505000293254852,-0.0303179994225502,0.03242755187696951
63204811943202,1,565,-3.1999998092651367,-2.0299997329711914,0.0011491000186651945,-0.031957998871803284,0.03197865104633209
63204811943202,1,566,-2.9000000953674316,-2.0299997329711914,0.013845999725162983,-0.03078100085258484,0.03375176620380098
63204811943202,1,567,-2.5999999046325684,-2.0299997329711914,0.02433600090444088,-0.02204200066626072,0.03283429203428003
63204811943202,1,570,-1.6999998092651367,-2.0299997329711914,-0.15907999873161316,-0.008871999569237232,0.159327205375625
63204811943202,1,571,-1.4000000953674316,-2.0299997329711914,-0.07248300313949585,0.5480300188064575,0.5528025752989274
63204811943202,1,581,-7.1000003814697266,-1.7300000190734863,0.18953000009059906,-0.10034000128507614,0.21445217833407887
63204811943202,1,582,-6.8000001907348633,-1.7300000190734863,0.4067800045013428,-0.1440100073814392,0.43151923976587025
63204811943202,1,583,-6.5,-1.7300000190734863,0.553600013256073,-0.22618000209331512,0.598022046436464
63204811943202,1,584,-6.2000002861022949,-1.7300000190734863,0.5592799782752991,-0.34505999088287354,0.6571609326547857
63204811943202,1,585,-5.9000000953674316,-1.7300000190734863,0.2852500081062317,-0.17675000429153442,0.33557135029925106
63204811943202,1,586,-5.6000003814697266,-1.7300000190734863,0.06515199691057205,-0.01514699961990118,0.0668895679379115
63204811943202,1,587,-5.3000001907348633,-1.7300000190734863,0.018264999613165855,-0.027160000056028366,0.032730350042619615
63204811943202,1,588,-5,-1.7300000190734863,0.006101599894464016,-0.03738100081682205,0.03787570122571164
63204811943202,1,589,-4.6999998092651367,-1.7300000190734863,0.0026306998915970325,-0.03495100140571594,0.035049865637146266
63204811943202,1,590,-4.4000000953674316,-1.7300000190734863,-0.0008471200126223266,-0.032823000103235245,0.032833929830173636
63204811943202,1,591,-4.1000003814697266,-1.7300000190734863,-0.0013164000120013952,-0.03319999948143959,0.03322608725924836
63204811943202,1,592,-3.7999999523162842,-1.7300000190734863,0.003540799953043461,-0.03429900109767914,0.03448128101747479
63204811943202,1,593,-3.5,-1.7300000190734863,0.013206999748945236,-0.033890001475811005,0.03637247644028533
63204811943202,1,594,-3.1999998092651367,-1.7300000190734863,0.0255110003054142,-0.03066899999976158,0.03989233883301679
63204811943202,1,595,-2.9000000953674316,-1.7300000190734863,0.03570700064301491,-0.02303599938750267,0.042492907204629934
63204811943202,1,596,-2.5999999046325684,-1.7300000190734863,0.03891900181770325,-0.005437000188976526,0.03929694229251583
63204811943202,1,599,-1.6999998092651367,-1.7300000190734863,-0.11956000328063965,0.34887999296188354,0.36879783604781424
63204811943202,1,600,-1.4000000953674316,-1.7300000190734863,-0.07189299911260605,0.6013200283050537,0.6056024931935103
63204811943202,1,610,-7.1000003814697266,-1.429999828338623,0.4632300138473511,-0.11621999740600586,0.4775867811467033
63204811943202,1,611,-6.8000001907348633,-1.429999828338623,0.5561100244522095,-0.09365600347518921,0.563941314573761
63204811943202,1,612,-6.5,-1.429999828338623,0.5817000269889832,-0.17980000376701355,0.6088538106586849
63204811943202,1,613,-6.2000002861022949,-1.429999828338623,0.6029099822044373,-0.2540000081062317,0.6542296620910126
63204811943202,1,614,-5.9000000953674316,-1.429999828338623,0.3930099904537201,-0.11818999797105789,0.41039703729051435
63204811943202,1,615,-5.6000003814697266,-1.429999828338623,0.11668000370264053,-0.03677299991250038,0.12233755264273093
63204811943202,1,616,-5.3000001907348633,-1.429999828338623,0.05575999990105629,-0.04032700136303902,0.06881456697459011
63204811943202,1,617,-5,-1.429999828338623,0.033668000251054764,-0.041770000010728836,0.05364948407768066
63204811943202,1,618,-4.6999998092651367,-1.429999828338623,0.02244199998676777,-0.04104800149798393,0.04678228073089827
63204811943202,1,619,-4.4000000953674316,-1.429999828338623,0.017410999163985252,-0.041836999356746674,0.04531531095628404
63204811943202,1,620,-4.1000003814697266,-1.429999828338623,0.0199350006878376,-0.04332499951124191,0.04769129726766926
63204811943202,1,621,-3.7999999523162842,-1.429999828338623,0.028307000175118446,-0.04145300015807152,0.0501959906866996
63204811943202,1,622,-3.5,-1.429999828338623,0.03951700031757355,-0.034262001514434814,0.05230179788376535
63204811943202,1,623,-3.1999998092651367,-1.429999828338623,0.05095300078392029,-0.02269900031387806,0.05578039892413479
63204811943202,1,624,-2.9000000953674316,-1.429999828338623,0.056905001401901245,-0.005791900213807821,0.05719899730447283
63204811943202,1,625,-2.5999999046325684,-1.429999828338623,0.050588998943567276,0.023313000798225403,0.055702269436085895
63204811943202,1,628,-1.6999998092651367,-1.429999828338623,-0.09871800243854523,0.5232700109481812,0.5325004679464294
63204811943202,1,629,-1.4000000953674316,-1.429999828338623,-0.05044100061058998,0.6936699748039246,0.6955014942378448
63204811943202,1,639,-7.1000003814697266,-1.1299996376037598,0.662850022315979,-0.2913300096988678,0.724046494802258
63204811943202,1,640,-6.8000001907348633,-1.1299996376037598,0.7538800239562988,-0.10068000108003616,0.7605731740850619
63204811943202,1,641,-6.5,-1.1299996376037598,0.6863600015640259,-0.03687800094485283,0.687350011784868
63204811943202,1,642,-6.2000002861022949,-1.1299996376037598,0.6608999967575073,-0.038975998759269714,0.6620482869046304
63204811943202,1,643,-5.9000000953674316,-1.1299996376037598,0.5516200065612793,-0.0389380007982254,0.5529925854338631
63204811943202,1,644,-5.6000003814697266,-1.1299996376037598,0.28494998812675476,-0.02572599984705448,0.28610893520050773
63204811943202,1,645,-5.3000001907348633,-1.1299996376037598,0.09012400358915329,-0.01673699915409088,0.09166495057338848
63204811943202,1,646,-5,-1.1299996376037598,0.03302999958395958,-0.027439000084996223,0.042940419166337826
63204811943202,1,647,-4.6999998092651367,-1.1299996376037598,0.013458999805152416,-0.04526599869132042,0.04722452025460624
63204811943202,1,648,-4.4000000953674316,-1.1299996376037598,0.01233300007879734,-0.05857500061392784,0.05985928155152935
63204811943202,1,649,-4.1000003814697266,-1.1299996376037598,0.027721000835299492,-0.061034999787807465,0.0670352525646643
63204811943202,1,650,-3.7999999523162842,-1.1299996376037598,0.047237999737262726,-0.049215998500585556,0.06821761596235443
63204811943202,1,651,-3.5,-1.1299996376037598,0.058848001062870026,-0.02744000032544136,0.06493104686477628
63204811943202,1,652,-3.1999998092651367,-1.1299996376037598,0.06283500045537949,-0.0026314998976886272,0.06289007929665119
63204811943202,1,653,-2.9000000953674316,-1.1299996376037598,0.05886700004339218,0.024396000429987907,0.06372196270587328
63204811943202,1,654,-2.5999999046325684,-1.1299996376037598,0.044293999671936035,0.06009000167250633,0.07465096588751738
63204811943202,1,657,-1.6999998092651367,-1.1299996376037598,-0.08474099636077881,0.5927000045776367,0.5987272600195753
63204811943202,1,658,-1.4000000953674316,-1.1299996376037598,-0.05830499902367592,0.7568699717521667,0.7591123942152944
63204811943202,1,668,-7.1000003814697266,-0.82999992370605469,0.2940700054168701,-0.4167900085449219,0.5100892856243444
63204811943202,1,669,-6.8000001907348633,-0.82999992370605469,0.41179001331329346,-0.0009594599832780659,0.411791131070136
63204811943202,1,670,-6.5,-0.82999992370605469,0.6401100158691406,0.08991000056266785,0.6463935648017934
63204811943202,1,671,-6.2000002861022949,-0.82999992370605469,0.617110013961792,0.05558300018310547,0.6196081336145275
63204811943202,1,672,-5.9000000953674316,-0.82999992370605469,0.5124199986457825,0.021976999938488007,0.5128910640072022
63204811943202,1,673,-5.6000003814697266,-0.82999992370605469,0.22651000320911407,0.05494999885559082,0.2330799946971475
63204811943202,1,674,-5.3000001907348633,-0.82999992370605469,0.024295000359416008,0.04266500100493431,0.049097345684008926
63204811943202,1,675,-5,-0.82999992370605469,-0.026132000610232353,-0.011583000421524048,0.028584040208798518
63204811943202,1,676,-4.6999998092651367,-0.82999992370605469,-0.044443998485803604,-0.06254599988460541,0.07672855467797612
63204811943202,1,677,-4.4000000953674316,-0.82999992370605469,-0.0291569996625185,-0.09680899977684021,0.10110446610863613
63204811943202,1,678,-4.1000003814697266,-0.82999992370605469,0.009632200002670288,-0.09333900362253189,0.09383468907679325
63204811943202,1,679,-3.7999999523162842,-0.82999992370605469,0.03301699832081795,-0.05340899899601936,0.0627904718239455
63204811943202,1,680,-3.5,-0.82999992370605469,0.02826699987053871,-0.008130400441586971,0.029413036106828435
63204811943202,1,681,-3.1999998092651367,-0.82999992370605469,0.016137000173330307,0.027785999700427055,0.03213198646125376
63204811943202,1,682,-2.9000000953674316,-0.82999992370605469,0.006574899889528751,0.05635400116443634,0.05673625609606804
63204811943202,1,683,-2.5999999046325684,-0.82999992370605469,-0.001018799957819283,0.09397300332784653,0.09397852578014569
63204811943202,1,687,-1.4000000953674316,-0.82999992370605469,-0.061496999114751816,0.782260000705719,0.7846735560755385
63204811943202,1,697,-7.1000003814697266,-0.52999973297119141,0.014705000445246696,-0.7003800272941589,0.700534381505049
63204811943202,1,698,-6.8000001907348633,-0.52999973297119141,0.02832699939608574,0.016124999150633812,0.03259500716971517
63204811943202,1,699,-6.5,-0.52999973297119141,0.27730000019073486,0.3453899919986725,0.4429328805571162
63204811943202,1,700,-6.2000002861022949,-0.52999973297119141,0.40509000420570374,0.22687000036239624,0.46429291247208454
63204811943202,1,701,-5.9000000953674316,-0.52999973297119141,0.25178998708724976,0.14440999925136566,0.29026271803519105
63204811943202,1,702,-5.6000003814697266,-0.52999973297119141,-0.014140999875962734,0.11116000264883041,0.11205585244144976
63204811943202,1,703,-5.3000001907348633,-0.52999973297119141,-0.10470999777317047,0.06033099815249443,0.12084706439021864
63204811943202,1,704,-5,-0.52999973297119141,-0.16447000205516815,-0.016008999198675156,0.16524729840868865
63204811943202,1,705,-4.6999998092651367,-0.52999973297119141,-0.18661999702453613,-0.10911999642848969,0.21618093558404144
63204811943202,1,706,-4.4000000953674316,-0.52999973297119141,-0.1695999950170517,-0.16210000216960907,0.23460726547396443
63204811943202,1,707,-4.1000003814697266,-0.52999973297119141,-0.1426900029182434,-0.12580999732017517,0.19023299492598753
63204811943202,1,708,-3.7999999523162842,-0.52999973297119141,-0.1295499950647354,-0.043136999011039734,0.13654304048523094
63204811943202,1,709,-3.5,-0.52999973297119141,-0.13718000054359436,0.01876099966466427,0.1384569523626679
63204811943202,1,710,-3.1999998092651367,-0.52999973297119141,-0.13948999345302582,0.053658999502658844,0.1494548309729449
63204811943202,1,711,-2.9000000953674316,-0.52999973297119141,-0.12324000149965286,0.07510299980640411,0.14432102601338162
63204811943202,1,712,-2.5999999046325684,-0.52999973297119141,-0.09571699798107147,0.1098100021481514,0.14567079417057305
63204811943202,1,716,-1.4000000953674316,-0.52999973297119141,-0.08673100173473358,0.7677800059318542,0.7726631893461915
63204811943202,1,726,-7.1000003814697266,-0.23000001907348633,-0.22737999260425568,-0.6276900172233582,0.6676049870683795
63204811943202,1,727,-6.8000001907348633,-0.23000001907348633,-0.2628200054168701,-0.16482999920845032,0.31023101696378036
63204811943202,1,728,-6.5,-0.23000001907348633,-0.0030580000020563602,0.4173699915409088,0.41738119411740493
63204811943202,1,729,-6.2000002861022949,-0.23000001907348633,0.09730900079011917,0.36913999915122986,0.3817504166443586
63204811943202,1,730,-5.9000000953674316,-0.23000001907348633,-0.09056100249290466,0.15376999974250793,0.17845589929540231
63204811943202,1,731,-5.6000003814697266,-0.23000001907348633,-0.1915699988603592,0.13325999677181244,0.2333608604778905
63204811943202,1,732,-5.3000001907348633,-0.23000001907348633,-0.29576998949050903,0.0911799967288971,0.30950553870116365
63204811943202,1,733,-5,-0.23000001907348633,-0.3806900084018707,-0.021143000572919846,0.3812766829616557
63204811943202,1,734,-4.6999998092651367,-0.23000001907348633,-0.4468500018119812,-0.14580999314785004,0.47003774127312764
63204811943202,1,735,-4.4000000953674316,-0.23000001907348633,-0.48956000804901123,-0.18526999652385712,0.5234443361933511
63204811943202,1,736,-4.1000003814697266,-0.23000001907348633,-0.47148001194000244,-0.12984000146389008,0.48903152008749684
63204811943202,1,737,-3.7999999523162842,-0.23000001907348633,-0.43268999457359314,-0.026815999299287796,0.4335201601108251
63204811943202,1,738,-3.5,-0.23000001907348633,-0.43406999111175537,0.05754199996590614,0.43786737597568937
63204811943202,1,739,-3.1999998092651367,-0.23000001907348633,-0.42381998896598816,0.1092199981212616,0.43766698645972685
63204811943202,1,740,-2.9000000953674316,-0.23000001907348633,-0.3517000079154968,0.13649000227451324,0.37725643306464257
63204811943202,1,741,-2.5999999046325684,-0.23000001907348633,-0.21355000138282776,0.1680700033903122,0.2717556423153442
63204811943202,1,744,-1.6999998092651367,-0.23000001907348633,-0.2582100033760071,0.7918999791145325,0.8329333603386495
63204811943202,1,745,-1.4000000953674316,-0.23000001907348633,-0.1503099948167801,0.7402799725532532,0.7553856844720224
63204811943202,1,746,-1.0999999046325684,-0.23000001907348633,0.0008994099916890264,0.742139995098114,0.7421405401017801
63204811943202,1,747,-0.79999971389770508,-0.23000001907348633,0.037516999989748,0.19855999946594238,0.20207325076849184
63204811943202,1,748,-0.5,-0.23000001907348633,-0.09164799749851227,0.03612999990582466,0.09851259989809527
63204811943202,1,749,-0.19999980926513672,-0.23000001907348633,-0.13514000177383423,-0.045235998928546906,0.14251005465754132
63204811943202,1,755,-7.1000003814697266,0.070000171661376953,-0.2121800035238266,-0.3805600106716156,0.43571352471291414
63204811943202,1,756,-6.8000001907348633,0.070000171661376953,-0.15431000292301178,-0.24718999862670898,0.2914008792422773
63204811943202,1,757,-6.5,0.070000171661376953,0.059491001069545746,0.1806199997663498,0.19016509544039067
63204811943202,1,758,-6.2000002861022949,0.070000171661376953,0.08838599920272827,0.4445500075817108,0.4532513586256128
63204811943202,1,759,-5.9000000953674316,0.070000171661376953,-0.16128000617027283,0.23396000266075134,0.28416284633164485
63204811943202,1,760,-5.6000003814697266,0.070000171661376953,-0.3977999985218048,0.2272299975156784,0.4581247762290565
63204811943202,1,761,-5.3000001907348633,0.070000171661376953,-0.503030002117157,0.13259999454021454,0.5202133615950785
63204811943202,1,762,-5,0.070000171661376953,-0.5752699971199036,-0.0018759999657049775,0.5752730560022824
63204811943202,1,763,-4.6999998092651367,0.070000171661376953,-0.6646400094032288,-0.12330999970436096,0.6759820250025984
63204811943202,1,764,-4.4000000953674316,0.070000171661376953,-0.7199900150299072,-0.16461999714374542,0.7385698106491848
63204811943202,1,765,-4.1000003814697266,0.070000171661376953,-0.7273200154304504,-0.08623799681663513,0.732414771110398
63204811943202,1,766,-3.7999999523162842,0.070000171661376953,-0.687279999256134,0.05086499825119972,0.6891596661330421
63204811943202,1,767,-3.5,0.070000171661376953,-0.694100022315979,0.15418000519275665,0.7110178021542647
63204811943202,1,768,-3.1999998092651367,0.070000171661376953,-0.7237399816513062,0.20336000621318817,0.7517678186565723
63204811943202,1,769,-2.9000000953674316,0.070000171661376953,-0.7188599705696106,0.23113000392913818,0.7551031293827518
63204811943202,1,770,-2.5999999046325684,0.070000171661376953,-0.7078800201416016,0.25325000286102295,0.7518175888237667
63204811943202,1,771,-2.3000001907348633,0.070000171661376953,-0.7748100161552429,0.3560599982738495,0.8527070326350437
63204811943202,1,772,-2,0.070000171661376953,-0.7252299785614014,0.650189995765686,0.9740151705173558
63204811943202,1,773,-1.6999998092651367,0.070000171661376953,-0.3901199996471405,0.6467000246047974,0.755257926769743
63204811943202,1,774,-1.4000000953674316,0.070000171661376953,-0.19840000569820404,0.6644899845123291,0.6934763887676658
63204811943202,1,775,-1.0999999046325684,0.070000171661376953,-0.030339999124407768,0.6784300208091736,0.6791080979358182
63204811943202,1,776,-0.79999971389770508,0.070000171661376953,0.019176999107003212,0.3070699870586395,0.30766822105466635
63204811943202,1,777,-0.5,0.070000171661376953,-0.035739000886678696,0.07281599938869476,0.08111378397875676
63204811943202,1,778,-0.19999980926513672,0.070000171661376953,-0.05589500069618225,-0.029837999492883682,0.06336053437719368
63204811943202,1,779,0.099999904632568359,0.070000171661376953,-0.0772399976849556,-0.047600001096725464,0.09072914276449554
63204811943202,1,780,0.40000009536743164,0.070000171661376953,-0.08362799882888794,-0.044787999242544174,0.09486625882933626
63204811943202,1,781,0.69999980926513672,0.070000171661376953,-0.06691200286149979,-0.07790999859571457,0.10269948397203173
63204811943202,1,782,1,0.070000171661376953,-0.023655999451875687,-0.08361800014972687,0.08689980586345901
63204811943202,1,784,-7.1000003814697266,0.36999988555908203,-0.07897599786520004,-0.20559999346733093,0.22024660168222937
63204811943202,1,785,-6.8000001907348633,0.36999988555908203,-0.035280998796224594,-0.05244399979710579,0.06320697738998467
63204811943202,1,786,-6.5,0.36999988555908203,0.08023200184106827,0.0398470014333725,0.08958212791989467
63204811943202,1,787,-6.2000002861022949,0.36999988555908203,0.040396999567747116,0.4140399992465973,0.4160060559056789
63204811943202,1,788,-5.9000000953674316,0.36999988555908203,-0.3052299916744232,0.4909699857234955,0.5781149320843545
63204811943202,1,789,-5.6000003814697266,0.36999988555908203,-0.605650007724762,0.4316200017929077,0.7437121471407563
63204811943202,1,790,-5.3000001907348633,0.36999988555908203,-0.6921399831771851,0.12071000039577484,0.7025871195147702
63204811943202,1,791,-5,0.36999988555908203,-0.6719800233840942,0.019016999751329422,0.6722490595804727
63204811943202,1,792,-4.6999998092651367,0.36999988555908203,-0.7326899766921997,-0.08729200065135956,0.7378715981272982
63204811943202,1,793,-4.4000000953674316,0.36999988555908203,-0.7341300249099731,-0.10367000102996826,0.7414137593731799
63204811943202,1,794,-4.1000003814697266,0.36999988555908203,-0.8521199822425842,-0.02169799990952015,0.852396191531365
63204811943202,1,795,-3.7999999523162842,0.36999988555908203,-0.9489099979400635,0.08275999873876572,0.9525121529838093
63204811943202,1,796,-3.5,0.36999988555908203,-1.044700026512146,0.17666999995708466,1.0595331208977448
63204811943202,1,797,-3.1999998092651367,0.36999988555908203,-1.1407999992370605,0.15809999406337738,1.151703193701449
63204811943202,1,798,-2.9000000953674316,0.36999988555908203,-1.1354000568389893,0.17895999550819397,1.1494172301920103
63204811943202,1,799,-2.5999999046325684,0.36999988555908203,-1.135699987411499,0.193900004029274,1.152133530876101
63204811943202,1,800,-2.3000001907348633,0.36999988555908203,-0.9960600137710571,0.18622000515460968,1.013318035640036
63204811943202,1,801,-2,0.36999988555908203,-0.7212299704551697,0.30847999453544617,0.7844313719576453
63204811943202,1,802,-1.6999998092651367,0.36999988555908203,-0.4000700116157532,0.41098999977111816,0.5735580128514399
63204811943202,1,803,-1.4000000953674316,0.36999988555908203,-0.17383000254631042,0.4997499883174896,0.5291190042028175
63204811943202,1,804,-1.0999999046325684,0.36999988555908203,0.029208000749349594,0.5493500232696533,0.5501259450109063
63204811943202,1,805,-0.79999971389770508,0.36999988555908203,0.16619999706745148,0.3294599950313568,0.3690072185625676
63204811943202,1,806,-0.5,0.36999988555908203,0.156700000166893,0.08025900274515152,0.17605793811683274
63204811943202,1,807,-0.19999980926513672,0.36999988555908203,0.123259998857975,-0.014014000073075294,0.12405409915241074
63204811943202,1,808,0.099999904632568359,0.36999988555908203,0.060881998389959335,-0.03340199962258339,0.06944286361277213
63204811943202,1,809,0.40000009536743164,0.36999988555908203,0.013441000133752823,-0.041645001620054245,0.04376033186037172
63204811943202,1,810,0.69999980926513672,0.36999988555908203,-0.005954499822109938,-0.11625999957323074,0.11641238580537347
63204811943202,1,811,1,0.36999988555908203,0.012083999812602997,-0.20048999786376953,0.20085383315955238
63204811943202,1,813,-7.1000003814697266,0.67000007629394531,-0.03729400038719177,-0.12626999616622925,0.13166227400701921
63204811943202,1,814,-6.8000001907348633,0.67000007629394531,-0.023677999153733253,-0.01147099956870079,0.026310292188216504
63204811943202,1,815,-6.5,0.67000007629394531,0.10346999764442444,0.05265999957919121,0.11609959503899063
63204811943202,1,816,-6.2000002861022949,0.67000007629394531,-0.035100001841783524,0.6113399863243103,0.6123467881913819
63204811943202,1,817,-5.9000000953674316,0.67000007629394531,-0.30963999032974243,0.7696400284767151,0.8295918858360669
63204811943202,1,818,-5.6000003814697266,0.67000007629394531,-0.38762998580932617,0.6033400297164917,0.7171305302082986
63204811943202,1,831,-1.6999998092651367,0.67000007629394531,-0.18334999680519104,0.045145999640226364,0.1888263292339786
63204811943202,1,832,-1.4000000953674316,0.67000007629394531,-0.044116999953985214,0.21806000173091888,0.2224780304655457
63204811943202,1,833,-1.0999999046325684,0.67000007629394531,0.11602000147104263,0.2700600028038025,0.29392693965632094
63204811943202,1,834,-0.79999971389770508,0.67000007629394531,0.32881999015808105,0.1301800012588501,0.3536515497708369
63204811943202,1,835,-0.5,0.67000007629394531,0.37314000725746155,0.05624600127339363,0.3773553731899747
63204811943202,1,836,-0.19999980926513672,0.67000007629394531,0.33702000975608826,0.01572199910879135,0.3373865264529256
63204811943202,1,837,0.099999904632568359,0.67000007629394531,0.2544200122356415,0.0018638999899849296,0.2544268396792222
63204811943202,1,838,0.40000009536743164,0.67000007629394531,0.17862999439239502,-0.017642000690102577,0.17949906708664715
63204811943202,1,839,0.69999980926513672,0.67000007629394531,0.20093999803066254,-0.0854329988360405,0.21834761299057417
63204811943202,1,846,-5.9000000953674316,0.97000026702880859,-0.1524599939584732,0.877590000629425,0.8907346737174724
63204811943202,1,861,-1.4000000953674316,0.97000026702880859,-0.013466999866068363,-0.004238000139594078,0.01411809939672776
63204811943202,1,875,-5.9000000953674316,1.2700004577636719,-0.11595000326633453,0.8716700077056885,0.8793480571372737
63204811943202,1,890,-1.4000000953674316,1.2700004577636719,-0.004857399966567755,-0.0625229999423027,0.06271140132559945
63204811943202,1,901,-6.8000001907348633,1.5700006484985352,0.05026800185441971,0.005047699902206659,0.050520800515616145
63204811943202,1,902,-6.5,1.5700006484985352,-0.05565200001001358,0.3405100107192993,0.34502784308686146
63204811943202,1,903,-6.2000002861022949,1.5700006484985352,-0.19467000663280487,0.9495800137519836,0.9693289503567062
63204811943202,1,904,-5.9000000953674316,1.5700006484985352,-0.12772999703884125,0.8307200074195862,0.8404824108039024
63204811943202,1,905,-5.6000003814697266,1.5700006484985352,0.09734500199556351,0.5447900295257568,0.5534186712464545
63204811943202,1,908,-4.6999998092651367,1.5700006484985352,0.002238099928945303,0.0015033000381663442,0.002696108732357785
63204811943202,1,909,-4.4000000953674316,1.5700006484985352,0.005068100057542324,-0.0015667000552639365,0.0053047325339195504
63204811943202,1,910,-4.1000003814697266,1.5700006484985352,0.006953100208193064,-0.0020616999827325344,0.007252324408351695
63204811943202,1,911,-3.7999999523162842,1.5700006484985352,0.00776260020211339,-0.0016052999999374151,0.007926849941032687
63204811943202,1,912,-3.5,1.5700006484985352,0.007525300141423941,-0.002142000012099743,0.007824212821130985
63204811943202,1,913,-3.1999998092651367,1.5700006484985352,0.009061199612915516,-0.005469200201332569,0.01058383150221868
63204811943202,1,914,-2.9000000953674316,1.5700006484985352,0.015184000134468079,-0.010734000243246555,0.01859496225609355
63204811943202,1,915,-2.5999999046325684,1.5700006484985352,0.020323000848293304,-0.016023000702261925,0.025879739469021255
63204811943202,1,916,-2.3000001907348633,1.5700006484985352,0.0229250006377697,-0.022784000262618065,0.03232129827542082
63204811943202,1,917,-2,1.5700006484985352,0.02332499995827675,-0.03446400165557861,0.041615177918270824
63204811943202,1,918,-1.6999998092651367,1.5700006484985352,0.01662999950349331,-0.0505950003862381,0.053257966047997186
63204811943202,1,919,-1.4000000953674316,1.5700006484985352,0.0018001999706029892,-0.05442500114440918,0.05445476535164851
63204811943202,1,930,-6.8000001907348633,1.869999885559082,-0.07784099876880646,0.038387998938560486,0.08679204774535654
63204811943202,1,931,-6.5,1.869999885559082,-0.16297000646591187,0.44137001037597656,0.47049623703786303
63204811943202,1,932,-6.2000002861022949,1.869999885559082,-0.16825999319553375,0.864139974117279,0.8803688546158212
63204811943202,1,933,-5.9000000953674316,1.869999885559082,-0.12514999508857727,0.7620000243186951,0.7722088825779996
63204811943202,1,934,-5.6000003814697266,1.869999885559082,0.019487999379634857,0.49472999572753906,0.4951136746166394
63204811943202,1,937,-4.6999998092651367,1.869999885559082,0.007551200222223997,-0.0013070000568404794,0.007663476622571296
63204811943202,1,938,-4.4000000953674316,1.869999885559082,0.011874999850988388,-0.0041773999109864235,0.012588339504370051
63204811943202,1,939,-4.1000003814697266,1.869999885559082,0.014341999776661396,-0.004791900049895048,0.015121351251853774
63204811943202,1,940,-3.7999999523162842,1.869999885559082,0.015766000375151634,-0.004429799970239401,0.01637650437686915
63204811943202,1,941,-3.5,1.869999885559082,0.016023999080061913,-0.00403340021148324,0.016523827153048353
63204811943202,1,942,-3.1999998092651367,1.869999885559082,0.015995999798178673,-0.005535599775612354,0.016926750261615244
63204811943202,1,943,-2.9000000953674316,1.869999885559082,0.02037299983203411,-0.012094000354409218,0.023692276520598694
63204811943202,1,944,-2.5999999046325684,1.869999885559082,0.024243000894784927,-0.017604000866413116,0.02996037280958327
63204811943202,1,945,-2.3000001907348633,1.869999885559082,0.02465900033712387,-0.023089999333024025,0.03378186446638677
63204811943202,1,946,-2,1.869999885559082,0.02318499982357025,-0.029551999643445015,0.03756148159677846
63204811943202,1,947,-1.6999998092651367,1.869999885559082,0.01889600045979023,-0.035509999841451645,0.04022460592866372
63204811943202,1,948,-1.4000000953674316,1.869999885559082,0.010766999796032906,-0.03274599835276604,0.03447069324407516
63204811943202,1,959,-6.8000001907348633,2.1700000762939453,-0.13958999514579773,-0.005755600053817034,0.13970860273005142
63204811943202,1,960,-6.5,2.1700000762939453,-0.1972000002861023,0.2873300015926361,0.3484915636397286
63204811943202,1,961,-6.2000002861022949,2.1700000762939453,-0.12217000126838684,0.6776999831199646,0.6886238278848024
63204811943202,1,962,-5.9000000953674316,2.1700000762939453,-0.07397899776697159,0.6567699909210205,0.6609233791333174
63204811943202,1,963,-5.6000003814697266,2.1700000762939453,-0.008627999573946,0.44701001048088074,0.44709326973995606
63204811943202,1,966,-4.6999998092651367,2.1700000762939453,0.008093399927020073,-0.0064477999694645405,0.010347813625346924
63204811943202,1,967,-4.4000000953674316,2.1700000762939453,0.014771999791264534,-0.006629299838095903,0.01619134318629859
63204811943202,1,968,-4.1000003814697266,2.1700000762939453,0.016839999705553055,-0.006081100087612867,0.017904339372302798
63204811943202,1,969,-3.7999999523162842,2.1700000762939453,0.01779099926352501,-0.005401100032031536,0.018592781834646434
63204811943202,1,970,-3.5,2.1700000762939453,0.018401000648736954,-0.003959500230848789,0.018822180185964363
63204811943202,1,971,-3.1999998092651367,2.1700000762939453,0.017152000218629837,-0.0030867999885231256,0.017427548469851527
63204811943202,1,972,-2.9000000953674316,2.1700000762939453,0.018216000869870186,-0.009449799545109272,0.02052124263132861
63204811943202,1,973,-2.5999999046325684,2.1700000762939453,0.021245000883936882,-0.014365999959409237,0.025646286619942175
63204811943202,1,974,-2.3000001907348633,2.1700000762939453,0.020548999309539795,-0.019598999992012978,0.028396869075839888
63204811943202,1,975,-2,2.1700000762939453,0.01909800060093403,-0.02389499917626381,0.030589289180805175
63204811943202,1,976,-1.6999998092651367,2.1700000762939453,0.017116999253630638,-0.02590000070631504,0.03104515582238091
63204811943202,1,977,-1.4000000953674316,2.1700000762939453,0.015579000115394592,-0.022577999159693718,0.02743121015650959
63204811943202,1,978,-1.0999999046325684,2.1700000762939453,0.018610000610351562,-0.013469000346958637,0.022972724981239326
63204811943202,1,979,-0.79999971389770508,2.1700000762939453,0.01936900056898594,-0.00965229980647564,0.02164081963779254
63204811943202,1,980,-0.5,2.1700000762939453,0.014817999675869942,-0.009110599756240845,0.01739471593077902
63204811943202,1,981,-0.19999980926513672,2.1700000762939453,0.0110470000654459,-0.015437999740242958,0.018983362358278456
63204811943202,1,988,-6.8000001907348633,2.4700002670288086,0.01612900011241436,0.020030999556183815,0.025717417985600705
63204811943202,1,989,-6.5,2.4700002670288086,-0.0654119998216629,0.18118999898433685,0.19263578445505192
63204811943202,1,990,-6.2000002861022949,2.4700002670288086,-0.08436000347137451,0.46626999974250793,0.4738399759893298
63204811943202,1,991,-5.9000000953674316,2.4700002670288086,-0.050356000661849976,0.5305299758911133,0.5329144228876541
63204811943202,1,992,-5.6000003814697266,2.4700002670288086,-0.012547999620437622,0.4029200077056885,0.4031153493778506
63204811943202,1,995,-4.6999998092651367,2.4700002670288086,0.005912700202316046,-0.016814999282360077,0.01782425943898478
63204811943202,1,996,-4.4000000953674316,2.4700002670288086,0.01450399961322546,-0.007728000171482563,0.01643435400102112
63204811943202,1,997,-4.1000003814697266,2.4700002670288086,0.014326999895274639,-0.004332100041210651,0.014967632303282201
63204811943202,1,998,-3.7999999523162842,2.4700002670288086,0.013398000039160252,-0.004178999923169613,0.014034615969351984
63204811943202,1,999,-3.5,2.4700002670288086,0.013705999590456486,-0.0034892000257968903,0.014143158826571042
63204811943202,1,1000,-3.1999998092651367,2.4700002670288086,0.011370999738574028,-0.0002183299948228523,0.011373095578657991
63204811943202,1,1001,-2.9000000953674316,2.4700002670288086,0.008411199785768986,0.0006237499765120447,0.008434295813481941
63204811943202,1,1002,-2.5999999046325684,2.4700002670288086,0.009676700457930565,-0.005359100177884102,0.01106157703354775
63204811943202,1,1003,-2.3000001907348633,2.4700002670288086,0.00863960012793541,-0.011397999711334705,0.014302345534569062
63204811943202,1,1004,-2,2.4700002670288086,0.008474900387227535,-0.014116000384092331,0.01646467137288577
63204811943202,1,1005,-1.6999998092651367,2.4700002670288086,0.009687400422990322,-0.014427999965846539,0.017378518635655364
63204811943202,1,1006,-1.4000000953674316,2.4700002670288086,0.01411299966275692,-0.012798000127077103,0.01905165522293647
63204811943202,1,1007,-1.0999999046325684,2.4700002670288086,0.02163200080394745,-0.010885999538004398,0.024216697642812802
63204811943202,1,1008,-0.79999971389770508,2.4700002670288086,0.027899999171495438,-0.010883999988436699,0.029947811431183684
63204811943202,1,1009,-0.5,2.4700002670288086,0.03084300085902214,-0.013194999657571316,0.03354696287226234
63204811943202,1,1010,-0.19999980926513672,2.4700002670288086,0.03342299908399582,-0.01810400001704693,0.03801120472158204
63204811943202,1,1011,0.099999904632568359,2.4700002670288086,0.030254000797867775,-0.03637300059199333,0.04731067254164256
63204811943202,1,1017,-6.8000001907348633,2.7700004577636719,0.11145000159740448,0.11096999794244766,0.1572750561894934
63204811943202,1,1018,-6.5,2.7700004577636719,-0.012892999686300755,0.2627600133419037,0.26307613736777485
63204811943202,1,1019,-6.2000002861022949,2.7700004577636719,-0.09620700031518936,0.42879998683929443,0.43946014110841264
63204811943202,1,1020,-5.9000000953674316,2.7700004577636719,-0.0895560011267662,0.44249001145362854,0.4514617232657157
63204811943202,1,1021,-5.6000003814697266,2.7700004577636719,-0.04831499978899956,0.3458699882030487,0.34922827483493957
63204811943202,1,1025,-4.4000000953674316,2.7700004577636719,0.0012784999562427402,-0.004853200167417526,0.005018776145947754
63204811943202,1,1026,-4.1000003814697266,2.7700004577636719,7.755099795758724e-05,0.0023034000769257545,0.002304705202767979
63204811943202,1,1027,-3.7999999523162842,2.7700004577636719,-0.0010755000403150916,0.0022919001057744026,0.0025317003044528163
63204811943202,1,1028,-3.5,2.7700004577636719,-0.004134499933570623,0.0026811999268829823,0.004927770565743985
63204811943202,1,1029,-3.1999998092651367,2.7700004577636719,-0.005479500163346529,0.008409200236201286,0.010036910413700145
63204811943202,1,1030,-2.9000000953674316,2.7700004577636719,-0.004422000143676996,0.011241000145673752,0.012079493761980122
63204811943202,1,1031,-2.5999999046325684,2.7700004577636719,-0.004013500176370144,0.009145200252532959,0.009987135291195973
63204811943202,1,1032,-2.3000001907348633,2.7700004577636719,-0.007749800104647875,0.011121000163257122,0.013554927011724009
63204811943202,1,1033,-2,2.7700004577636719,-0.00593509990721941,0.015065000392496586,0.016191962442353866
63204811943202,1,1034,-1.6999998092651367,2.7700004577636719,-0.0031012999825179577,0.020013000816106796,0.020251870611058553
63204811943202,1,1035,-1.4000000953674316,2.7700004577636719,0.0024945999030023813,0.02249000035226345,0.022627928418679197
63204811943202,1,1036,-1.0999999046325684,2.7700004577636719,0.02021300047636032,0.017855999991297722,0.026970393470369815
63204811943202,1,1037,-0.79999971389770508,2.7700004577636719,0.043032001703977585,0.013577999547123909,0.04512333367951471
63204811943202,1,1038,-0.5,2.7700004577636719,0.06717900186777115,0.007713399827480316,0.06762037288309325
63204811943202,1,1039,-0.19999980926513672,2.7700004577636719,0.08093900233507156,0.0019547000993043184,0.08096260217825846
63204811943202,1,1040,0.099999904632568359,2.7700004577636719,0.07634399831295013,-0.001943000010214746,0.07636871956139783
63204811943202,1,1041,0.40000009536743164,2.7700004577636719,0.053033001720905304,-0.006062100175768137,0.053378350761995194
63204811943202,1,1042,0.69999980926513672,2.7700004577636719,0.020779000595211983,0.004922300111502409,0.021354060600352255
63204811943202,1,1046,-6.8000001907348633,3.0700006484985352,-0.1450899988412857,0.15063999593257904,0.2091495066652841
63204811943202,1,1047,-6.5,3.0700006484985352,-0.20972000062465668,0.2871600091457367,0.355588736484419
63204811943202,1,1048,-6.2000002861022949,3.0700006484985352,-0.18930000066757202,0.3271999955177307,0.3780136602287618
63204811943202,1,1049,-5.9000000953674316,3.0700006484985352,-0.12022999674081802,0.288239985704422,0.31231000860552405
63204811943202,1,1050,-5.6000003814697266,3.0700006484985352,-0.059418000280857086,0.21008999645709991,0.2183307247473891
63204811943202,1,1054,-4.4000000953674316,3.0700006484985352,-0.044541001319885254,-0.0002889600000344217,0.04454193862484703
63204811943202,1,1055,-4.1000003814697266,3.0700006484985352,-0.04617999866604805,0.011282999999821186,0.04753838833818585
63204811943202,1,1056,-3.7999999523162842,3.0700006484985352,-0.03956500068306923,0.006006199866533279,0.040018292266012716
63204811943202,1,1057,-3.5,3.0700006484985352,-0.03301699832081795,0.008919100277125835,0.03420047555035341
63204811943202,1,1058,-3.1999998092651367,3.0700006484985352,-0.0262410007417202,0.012783000245690346,0.02918895707640613
63204811943202,1,1059,-2.9000000953674316,3.0700006484985352,-0.02143399976193905,0.011610000394284725,0.02437639134388219
63204811943202,1,1060,-2.5999999046325684,3.0700006484985352,-0.022298000752925873,0.01029099989682436,0.02455820670272815
63204811943202,1,1062,-2,3.0700006484985352,-0.023087000474333763,0.021400000900030136,0.031479670097114706
63204811943202,1,1063,-1.6999998092651367,3.0700006484985352,-0.01775999926030636,0.022784000262618065,0.028888202465592462
63204811943202,1,1065,-1.0999999046325684,3.0700006484985352,0.00030109999352134764,0.02783999964594841,0.027841627852776607
63204811943202,1,1066,-0.79999971389770508,3.0700006484985352,0.009559400379657745,0.023070000112056732,0.02497212527577295
63204811943202,1,1067,-0.5,3.0700006484985352,0.017146000638604164,0.011629000306129456,0.02071760087507657
63204811943202,1,1068,-0.19999980926513672,3.0700006484985352,0.018333999440073967,0.004134300164878368,0.018794360146648936
63204811943202,1,1069,0.099999904632568359,3.0700006484985352,0.017999999225139618,0.00510959979146719,0.018711172655234316
63204811943202,1,1070,0.40000009536743164,3.0700006484985352,0.009720000438392162,-0.0014201999874785542,0.009823206020784554
63204811943202,1,1071,0.69999980926513672,3.0700006484985352,0.005929899867624044,0.004876700229942799,0.007677624474586642
