run_uuid,source_update_id,candidate_id,origin_i,origin_j,size_i,size_j,center_x,center_y,native_source_x,native_source_y,native_score,hit_map_file
HCMC_NATIVE_H03_R2026092222_NAV3_20260922T065119Z,1,quadtree_36_26_1_1,36,26,1,1,10.100000381469727,6.0870003700256348,9.9949884414672852,6.0052757263183594,5.1579697984373956e-33,/home/zyc/hcmc_v1_native_runs_20260922/H03_R2026092222/context_bank/source_update_0001/candidate_maps/snapshot_000001_quadtree_36_26_1_1.f32
HCMC_NATIVE_H03_R2026092222_NAV3_20260922T065119Z,1,quadtree_37_26_1_1,37,26,1,1,10.399999618530273,6.0870003700256348,10.294988632202148,6.0052757263183594,5.1579697984373956e-33,/home/zyc/hcmc_v1_native_runs_20260922/H03_R2026092222/context_bank/source_update_0001/candidate_maps/snapshot_000001_quadtree_37_26_1_1.f32
HCMC_NATIVE_H03_R2026092222_NAV3_20260922T065119Z,1,quadtree_12_24_6_3,12,24,6,3,3.8000001907348633,5.7870001792907715,3.0199301242828369,5.5418267250061035,5.1579697984373956e-33,/home/zyc/hcmc_v1_native_runs_20260922/H03_R2026092222/context_bank/source_update_0001/candidate_maps/snapshot_000001_quadtree_12_24_6_3.f32
HCMC_NATIVE_H03_R2026092222_NAV3_20260922T065119Z,1,quadtree_41_26_3_1,41,26,3,1,11.90000057220459,6.0870003700256348,11.584964752197266,6.0052757263183594,5.1579697984373956e-33,/home/zyc/hcmc_v1_native_runs_20260922/H03_R2026092222/context_bank/source_update_0001/candidate_maps/snapshot_000001_quadtree_41_26_3_1.f32
HCMC_NATIVE_H03_R2026092222_NAV3_20260922T065119Z,1,quadtree_32_26_1_1,32,26,1,1,8.8999996185302734,6.0870003700256348,8.7949886322021484,6.0052757263183594,5.1579697984373956e-33,/home/zyc/hcmc_v1_native_runs_20260922/H03_R2026092222/context_bank/source_update_0001/candidate_maps/snapshot_000001_quadtree_32_26_1_1.f32
HCMC_NATIVE_H03_R2026092222_NAV3_20260922T065119Z,1,quadtree_44_26_1_1,44,26,1,1,12.5,6.0870003700256348,12.394989013671875,6.0052757263183594,5.1579697984373956e-33,/home/zyc/hcmc_v1_native_runs_20260922/H03_R2026092222/context_bank/source_update_0001/candidate_maps/snapshot_000001_quadtree_44_26_1_1.f32
HCMC_NATIVE_H03_R2026092222_NAV3_20260922T065119Z,1,quadtree_29_22_2_1,29,22,2,1,8.3000001907348633,4.887000560760498,7.9399776458740234,4.8052759170532227,5.1579697984373956e-33,/home/zyc/hcmc_v1_native_runs_20260922/H03_R2026092222/context_bank/source_update_0001/candidate_maps/snapshot_000001_quadtree_29_22_2_1.f32
HCMC_NATIVE_H03_R2026092222_NAV3_20260922T065119Z,1,quadtree_6_14_3_2,6,14,3,2,1.3999999761581421,2.7870001792907715,1.0849651098251343,2.4735512733459473,9.4690549190823699e-33,/home/zyc/hcmc_v1_native_runs_20260922/H03_R2026092222/context_bank/source_update_0001/candidate_maps/snapshot_000001_quadtree_6_14_3_2.f32
HCMC_NATIVE_H03_R2026092222_NAV3_20260922T065119Z,1,quadtree_26_22_1_1,26,22,1,1,7.1000003814697266,4.887000560760498,6.9949884414672852,4.8052759170532227,5.1579697984373956e-33,/home/zyc/hcmc_v1_native_runs_20260922/H03_R2026092222/context_bank/source_update_0001/candidate_maps/snapshot_000001_quadtree_26_22_1_1.f32
HCMC_NATIVE_H03_R2026092222_NAV3_20260922T065119Z,1,quadtree_11_14_1_1,11,14,1,1,2.5999999046325684,2.4870004653930664,2.4949886798858643,2.405275821685791,5.1579697984373956e-33,/home/zyc/hcmc_v1_native_runs_20260922/H03_R2026092222/context_bank/source_update_0001/candidate_maps/snapshot_000001_quadtree_11_14_1_1.f32
HCMC_NATIVE_H03_R2026092222_NAV3_20260922T065119Z,1,quadtree_15_21_1_1,15,21,1,1,3.8000001907348633,4.5870003700256348,3.694988489151001,4.5052757263183594,5.1579697984373956e-33,/home/zyc/hcmc_v1_native_runs_20260922/H03_R2026092222/context_bank/source_update_0001/candidate_maps/snapshot_000001_quadtree_15_21_1_1.f32
HCMC_NATIVE_H03_R2026092222_NAV3_20260922T065119Z,1,quadtree_23_7_3_2,23,7,3,2,6.5000004768371582,0.68700015544891357,6.1849651336669922,0.3735511302947998,1.3320450983960049e-05,/home/zyc/hcmc_v1_native_runs_20260922/H03_R2026092222/context_bank/source_update_0001/candidate_maps/snapshot_000001_quadtree_23_7_3_2.f32
HCMC_NATIVE_H03_R2026092222_NAV3_20260922T065119Z,1,quadtree_38_21_3_2,38,21,3,2,11,4.887000560760498,10.684965133666992,4.5735511779785156,5.1579697984373956e-33,/home/zyc/hcmc_v1_native_runs_20260922/H03_R2026092222/context_bank/source_update_0001/candidate_maps/snapshot_000001_quadtree_38_21_3_2.f32
HCMC_NATIVE_H03_R2026092222_NAV3_20260922T065119Z,1,quadtree_26_18_1_1,26,18,1,1,7.1000003814697266,3.6870002746582031,6.9949884414672852,3.6052756309509277,5.1579697984373956e-33,/home/zyc/hcmc_v1_native_runs_20260922/H03_R2026092222/context_bank/source_update_0001/candidate_maps/snapshot_000001_quadtree_26_18_1_1.f32
HCMC_NATIVE_H03_R2026092222_NAV3_20260922T065119Z,1,quadtree_41_9_1_1,41,9,1,1,11.600000381469727,0.98700010776519775,11.494988441467285,0.90527552366256714,1.1777377671966544e-24,/home/zyc/hcmc_v1_native_runs_20260922/H03_R2026092222/context_bank/source_update_0001/candidate_maps/snapshot_000001_quadtree_41_9_1_1.f32
HCMC_NATIVE_H03_R2026092222_NAV3_20260922T065119Z,1,quadtree_6_4_6_3,6,4,6,3,2,-0.21299993991851807,1.2199301719665527,-0.45817339420318604,9.2668344760065995e-45,/home/zyc/hcmc_v1_native_runs_20260922/H03_R2026092222/context_bank/source_update_0001/candidate_maps/snapshot_000001_quadtree_6_4_6_3.f32
HCMC_NATIVE_H03_R2026092222_NAV3_20260922T065119Z,1,quadtree_32_7_3_2,32,7,3,2,9.1999998092651367,0.68700015544891357,8.8849649429321289,0.3735511302947998,2.1477699925530153e-09,/home/zyc/hcmc_v1_native_runs_20260922/H03_R2026092222/context_bank/source_update_0001/candidate_maps/snapshot_000001_quadtree_32_7_3_2.f32
HCMC_NATIVE_H03_R2026092222_NAV3_20260922T065119Z,1,quadtree_29_2_3_2,29,2,3,2,8.3000001907348633,-0.81299996376037598,7.9849658012390137,-1.1264489889144897,8.8756935536390874e-07,/home/zyc/hcmc_v1_native_runs_20260922/H03_R2026092222/context_bank/source_update_0001/candidate_maps/snapshot_000001_quadtree_29_2_3_2.f32
HCMC_NATIVE_H03_R2026092222_NAV3_20260922T065119Z,1,quadtree_26_2_3_2,26,2,3,2,7.4000000953674316,-0.81299996376037598,7.0849652290344238,-1.1264489889144897,2.3362049265866473e-05,/home/zyc/hcmc_v1_native_runs_20260922/H03_R2026092222/context_bank/source_update_0001/candidate_maps/snapshot_000001_quadtree_26_2_3_2.f32
HCMC_NATIVE_H03_R2026092222_NAV3_20260922T065119Z,1,quadtree_23_4_6_3,23,4,6,3,7.1000003814697266,-0.21299993991851807,6.3199305534362793,-0.45817339420318604,7.3066594619718518e-06,/home/zyc/hcmc_v1_native_runs_20260922/H03_R2026092222/context_bank/source_update_0001/candidate_maps/snapshot_000001_quadtree_23_4_6_3.f32
HCMC_NATIVE_H03_R2026092222_NAV3_20260922T065119Z,1,quadtree_35_7_3_2,35,7,3,2,10.100000381469727,0.68700015544891357,9.7849645614624023,0.3735511302947998,3.831775613044168e-17,/home/zyc/hcmc_v1_native_runs_20260922/H03_R2026092222/context_bank/source_update_0001/candidate_maps/snapshot_000001_quadtree_35_7_3_2.f32
HCMC_NATIVE_H03_R2026092222_NAV3_20260922T065119Z,1,quadtree_29_4_6_3,29,4,6,3,8.8999996185302734,-0.21299993991851807,8.1199312210083008,-0.45817339420318604,1.1476258180941698e-08,/home/zyc/hcmc_v1_native_runs_20260922/H03_R2026092222/context_bank/source_update_0001/candidate_maps/snapshot_000001_quadtree_29_4_6_3.f32
HCMC_NATIVE_H03_R2026092222_NAV3_20260922T065119Z,1,quadtree_1_4_5_5,1,4,5,5,0.20000004768371582,0.087000012397766113,-0.3250582218170166,-0.32162240147590637,7.4209694960408636e-46,/home/zyc/hcmc_v1_native_runs_20260922/H03_R2026092222/context_bank/source_update_0001/candidate_maps/snapshot_000001_quadtree_1_4_5_5.f32
HCMC_NATIVE_H03_R2026092222_NAV3_20260922T065119Z,1,quadtree_35_4_6_3,35,4,6,3,10.699999809265137,-0.21299993991851807,9.9199295043945312,-0.45817339420318604,6.8790674660463392e-18,/home/zyc/hcmc_v1_native_runs_20260922/H03_R2026092222/context_bank/source_update_0001/candidate_maps/snapshot_000001_quadtree_35_4_6_3.f32
HCMC_NATIVE_H03_R2026092222_NAV3_20260922T065119Z,1,quadtree_1_9_5_1,1,9,5,1,0.20000004768371582,0.98700010776519775,-0.3250582218170166,0.90527552366256714,7.2382401006437793e-43,/home/zyc/hcmc_v1_native_runs_20260922/H03_R2026092222/context_bank/source_update_0001/candidate_maps/snapshot_000001_quadtree_1_9_5_1.f32
HCMC_NATIVE_H03_R2026092222_NAV3_20260922T065119Z,1,quadtree_1_12_5_3,1,12,5,3,0.20000004768371582,2.1870002746582031,-0.3250582218170166,1.9418267011642456,6.4188247548898532e-33,/home/zyc/hcmc_v1_native_runs_20260922/H03_R2026092222/context_bank/source_update_0001/candidate_maps/snapshot_000001_quadtree_1_12_5_3.f32
HCMC_NATIVE_H03_R2026092222_NAV3_20260922T065119Z,1,quadtree_4_15_2_1,4,15,2,1,0.80000007152557373,2.7870001792907715,0.43997672200202942,2.7052755355834961,9.6757374527410647e-33,/home/zyc/hcmc_v1_native_runs_20260922/H03_R2026092222/context_bank/source_update_0001/candidate_maps/snapshot_000001_quadtree_4_15_2_1.f32
HCMC_NATIVE_H03_R2026092222_NAV3_20260922T065119Z,1,quadtree_4_10_1_2,4,10,1,2,0.5,1.5870000123977661,0.39498835802078247,1.2735509872436523,7.852872157899176e-40,/home/zyc/hcmc_v1_native_runs_20260922/H03_R2026092222/context_bank/source_update_0001/candidate_maps/snapshot_000001_quadtree_4_10_1_2.f32
HCMC_NATIVE_H03_R2026092222_NAV3_20260922T065119Z,1,quadtree_6_7_3_3,6,7,3,3,1.3999999761581421,0.68700015544891357,1.0849651098251343,0.44182664155960083,4.6055395086784958e-45,/home/zyc/hcmc_v1_native_runs_20260922/H03_R2026092222/context_bank/source_update_0001/candidate_maps/snapshot_000001_quadtree_6_7_3_3.f32
HCMC_NATIVE_H03_R2026092222_NAV3_20260922T065119Z,1,quadtree_11_24_1_3,11,24,1,3,2.5999999046325684,5.7870001792907715,2.4949886798858643,5.5418267250061035,5.1579697984373956e-33,/home/zyc/hcmc_v1_native_runs_20260922/H03_R2026092222/context_bank/source_update_0001/candidate_maps/snapshot_000001_quadtree_11_24_1_3.f32
HCMC_NATIVE_H03_R2026092222_NAV3_20260922T065119Z,1,quadtree_6_12_2_2,6,12,2,2,1.3999999761581421,2.1870002746582031,1.0399767160415649,1.8735512495040894,9.4650525596638894e-33,/home/zyc/hcmc_v1_native_runs_20260922/H03_R2026092222/context_bank/source_update_0001/candidate_maps/snapshot_000001_quadtree_6_12_2_2.f32
HCMC_NATIVE_H03_R2026092222_NAV3_20260922T065119Z,1,quadtree_10_15_2_3,10,15,2,3,2.5999999046325684,3.0870003700256348,2.2399768829345703,2.8418266773223877,5.1579697984373956e-33,/home/zyc/hcmc_v1_native_runs_20260922/H03_R2026092222/context_bank/source_update_0001/candidate_maps/snapshot_000001_quadtree_10_15_2_3.f32
HCMC_NATIVE_H03_R2026092222_NAV3_20260922T065119Z,1,quadtree_11_21_4_3,11,21,4,3,3.2000002861022949,4.887000560760498,2.6299536228179932,4.6418266296386719,5.1579697984373956e-33,/home/zyc/hcmc_v1_native_runs_20260922/H03_R2026092222/context_bank/source_update_0001/candidate_maps/snapshot_000001_quadtree_11_21_4_3.f32
HCMC_NATIVE_H03_R2026092222_NAV3_20260922T065119Z,1,quadtree_11_12_2_1,11,12,2,1,2.9000000953674316,1.8870002031326294,2.5399770736694336,1.8052756786346436,5.1579697984373956e-33,/home/zyc/hcmc_v1_native_runs_20260922/H03_R2026092222/context_bank/source_update_0001/candidate_maps/snapshot_000001_quadtree_11_12_2_1.f32
HCMC_NATIVE_H03_R2026092222_NAV3_20260922T065119Z,1,quadtree_9_1_5_1,9,1,5,1,2.5999999046325684,-1.4129999876022339,2.074941873550415,-1.4947245121002197,4.4484618319835498e-33,/home/zyc/hcmc_v1_native_runs_20260922/H03_R2026092222/context_bank/source_update_0001/candidate_maps/snapshot_000001_quadtree_9_1_5_1.f32
HCMC_NATIVE_H03_R2026092222_NAV3_20260922T065119Z,1,quadtree_11_13_5_1,11,13,5,1,3.2000002861022949,2.1870002746582031,2.6749420166015625,2.1052756309509277,5.1579697984373956e-33,/home/zyc/hcmc_v1_native_runs_20260922/H03_R2026092222/context_bank/source_update_0001/candidate_maps/snapshot_000001_quadtree_11_13_5_1.f32
HCMC_NATIVE_H03_R2026092222_NAV3_20260922T065119Z,1,quadtree_12_14_3_5,12,14,3,5,3.2000002861022949,3.0870003700256348,2.884965181350708,2.6783778667449951,5.1579697984373956e-33,/home/zyc/hcmc_v1_native_runs_20260922/H03_R2026092222/context_bank/source_update_0001/candidate_maps/snapshot_000001_quadtree_12_14_3_5.f32
HCMC_NATIVE_H03_R2026092222_NAV3_20260922T065119Z,1,quadtree_15_16_2_3,15,16,2,3,4.1000003814697266,3.3870000839233398,3.7399768829345703,3.141826868057251,5.1579697984373956e-33,/home/zyc/hcmc_v1_native_runs_20260922/H03_R2026092222/context_bank/source_update_0001/candidate_maps/snapshot_000001_quadtree_15_16_2_3.f32
HCMC_NATIVE_H03_R2026092222_NAV3_20260922T065119Z,1,quadtree_9_7_4_3,9,7,4,3,2.5999999046325684,0.68700015544891357,2.0299534797668457,0.44182664155960083,2.5834196155061808e-40,/home/zyc/hcmc_v1_native_runs_20260922/H03_R2026092222/context_bank/source_update_0001/candidate_maps/snapshot_000001_quadtree_9_7_4_3.f32
HCMC_NATIVE_H03_R2026092222_NAV3_20260922T065119Z,1,quadtree_12_2_1_5,12,2,1,5,2.9000000953674316,-0.5130000114440918,2.7949883937835693,-0.92162239551544189,6.5002295695983942e-37,/home/zyc/hcmc_v1_native_runs_20260922/H03_R2026092222/context_bank/source_update_0001/candidate_maps/snapshot_000001_quadtree_12_2_1_5.f32
HCMC_NATIVE_H03_R2026092222_NAV3_20260922T065119Z,1,quadtree_15_22_3_2,15,22,3,2,4.1000003814697266,5.1870002746582031,3.7849652767181396,4.8735513687133789,5.1579697984373956e-33,/home/zyc/hcmc_v1_native_runs_20260922/H03_R2026092222/context_bank/source_update_0001/candidate_maps/snapshot_000001_quadtree_15_22_3_2.f32
HCMC_NATIVE_H03_R2026092222_NAV3_20260922T065119Z,1,quadtree_14_1_4_1,14,1,4,1,4.1000003814697266,-1.4129999876022339,3.5299537181854248,-1.4947245121002197,2.302629394452854e-23,/home/zyc/hcmc_v1_native_runs_20260922/H03_R2026092222/context_bank/source_update_0001/candidate_maps/snapshot_000001_quadtree_14_1_4_1.f32
HCMC_NATIVE_H03_R2026092222_NAV3_20260922T065119Z,1,quadtree_17_2_4_2,17,2,4,2,5.0000004768371582,-0.81299996376037598,4.4299540519714355,-1.1264489889144897,2.3581049042460991e-08,/home/zyc/hcmc_v1_native_runs_20260922/H03_R2026092222/context_bank/source_update_0001/candidate_maps/snapshot_000001_quadtree_17_2_4_2.f32
HCMC_NATIVE_H03_R2026092222_NAV3_20260922T065119Z,1,quadtree_17_16_3_1,17,16,3,1,4.7000002861022949,3.0870003700256348,4.3849654197692871,3.0052757263183594,5.1579697984373956e-33,/home/zyc/hcmc_v1_native_runs_20260922/H03_R2026092222/context_bank/source_update_0001/candidate_maps/snapshot_000001_quadtree_17_16_3_1.f32
HCMC_NATIVE_H03_R2026092222_NAV3_20260922T065119Z,1,quadtree_17_4_1_5,17,4,1,5,4.4000000953674316,0.087000012397766113,4.2949886322021484,-0.32162240147590637,2.0999542133637326e-16,/home/zyc/hcmc_v1_native_runs_20260922/H03_R2026092222/context_bank/source_update_0001/candidate_maps/snapshot_000001_quadtree_17_4_1_5.f32
HCMC_NATIVE_H03_R2026092222_NAV3_20260922T065119Z,1,quadtree_18_1_5_1,18,1,5,1,5.3000001907348633,-1.4129999876022339,4.7749419212341309,-1.4947245121002197,7.1769054129616684e-08,/home/zyc/hcmc_v1_native_runs_20260922/H03_R2026092222/context_bank/source_update_0001/candidate_maps/snapshot_000001_quadtree_18_1_5_1.f32
HCMC_NATIVE_H03_R2026092222_NAV3_20260922T065119Z,1,quadtree_18_22_2_5,18,22,2,5,5.0000004768371582,5.4870004653930664,4.639976978302002,5.0783782005310059,5.1579697984373956e-33,/home/zyc/hcmc_v1_native_runs_20260922/H03_R2026092222/context_bank/source_update_0001/candidate_maps/snapshot_000001_quadtree_18_22_2_5.f32
HCMC_NATIVE_H03_R2026092222_NAV3_20260922T065119Z,1,quadtree_18_4_5_5,18,4,5,5,5.3000001907348633,0.087000012397766113,4.7749419212341309,-0.32162240147590637,4.3864640549776665e-14,/home/zyc/hcmc_v1_native_runs_20260922/H03_R2026092222/context_bank/source_update_0001/candidate_maps/snapshot_000001_quadtree_18_4_5_5.f32
HCMC_NATIVE_H03_R2026092222_NAV3_20260922T065119Z,1,quadtree_15_14_5_2,15,14,5,2,4.4000000953674316,2.7870001792907715,3.8749418258666992,2.4735512733459473,5.1579697984373956e-33,/home/zyc/hcmc_v1_native_runs_20260922/H03_R2026092222/context_bank/source_update_0001/candidate_maps/snapshot_000001_quadtree_15_14_5_2.f32
HCMC_NATIVE_H03_R2026092222_NAV3_20260922T065119Z,1,quadtree_19_17_1_5,19,17,1,5,5.0000004768371582,3.9870004653930664,4.8949885368347168,3.5783779621124268,5.1579697984373956e-33,/home/zyc/hcmc_v1_native_runs_20260922/H03_R2026092222/context_bank/source_update_0001/candidate_maps/snapshot_000001_quadtree_19_17_1_5.f32
HCMC_NATIVE_H03_R2026092222_NAV3_20260922T065119Z,1,quadtree_20_19_5_1,20,19,5,1,5.9000005722045898,3.9870004653930664,5.3749418258666992,3.905275821685791,5.1579697984373956e-33,/home/zyc/hcmc_v1_native_runs_20260922/H03_R2026092222/context_bank/source_update_0001/candidate_maps/snapshot_000001_quadtree_20_19_5_1.f32
HCMC_NATIVE_H03_R2026092222_NAV3_20260922T065119Z,1,quadtree_21_2_5_2,21,2,5,2,6.2000002861022949,-0.81299996376037598,5.6749420166015625,-1.1264489889144897,1.4870961153264955e-06,/home/zyc/hcmc_v1_native_runs_20260922/H03_R2026092222/context_bank/source_update_0001/candidate_maps/snapshot_000001_quadtree_21_2_5_2.f32
HCMC_NATIVE_H03_R2026092222_NAV3_20260922T065119Z,1,quadtree_26_23_3_4,26,23,3,4,7.4000000953674316,5.7870001792907715,7.0849652290344238,5.3101024627685547,5.1579697984373956e-33,/home/zyc/hcmc_v1_native_runs_20260922/H03_R2026092222/context_bank/source_update_0001/candidate_maps/snapshot_000001_quadtree_26_23_3_4.f32
HCMC_NATIVE_H03_R2026092222_NAV3_20260922T065119Z,1,quadtree_22_12_4_5,22,12,4,5,6.5000004768371582,2.4870004653930664,5.9299540519714355,2.0783777236938477,5.1579697984373956e-33,/home/zyc/hcmc_v1_native_runs_20260922/H03_R2026092222/context_bank/source_update_0001/candidate_maps/snapshot_000001_quadtree_22_12_4_5.f32
HCMC_NATIVE_H03_R2026092222_NAV3_20260922T065119Z,1,quadtree_26_13_1_5,26,13,1,5,7.1000003814697266,2.7870001792907715,6.9949884414672852,2.3783776760101318,5.1579697984373956e-33,/home/zyc/hcmc_v1_native_runs_20260922/H03_R2026092222/context_bank/source_update_0001/candidate_maps/snapshot_000001_quadtree_26_13_1_5.f32
HCMC_NATIVE_H03_R2026092222_NAV3_20260922T065119Z,1,quadtree_26_7_3_3,26,7,3,3,7.4000000953674316,0.68700015544891357,7.0849652290344238,0.44182664155960083,1.8354566977713118e-05,/home/zyc/hcmc_v1_native_runs_20260922/H03_R2026092222/context_bank/source_update_0001/candidate_maps/snapshot_000001_quadtree_26_7_3_3.f32
HCMC_NATIVE_H03_R2026092222_NAV3_20260922T065119Z,1,quadtree_21_9_5_1,21,9,5,1,6.2000002861022949,0.98700010776519775,5.6749420166015625,0.90527552366256714,5.3146428670910955e-06,/home/zyc/hcmc_v1_native_runs_20260922/H03_R2026092222/context_bank/source_update_0001/candidate_maps/snapshot_000001_quadtree_21_9_5_1.f32
HCMC_NATIVE_H03_R2026092222_NAV3_20260922T065119Z,1,quadtree_23_1_5_1,23,1,5,1,6.8000001907348633,-1.4129999876022339,6.2749419212341309,-1.4947245121002197,5.8531571236397942e-06,/home/zyc/hcmc_v1_native_runs_20260922/H03_R2026092222/context_bank/source_update_0001/candidate_maps/snapshot_000001_quadtree_23_1_5_1.f32
HCMC_NATIVE_H03_R2026092222_NAV3_20260922T065119Z,1,quadtree_25_19_4_1,25,19,4,1,7.4000000953674316,3.9870004653930664,6.8299541473388672,3.905275821685791,5.1579697984373956e-33,/home/zyc/hcmc_v1_native_runs_20260922/H03_R2026092222/context_bank/source_update_0001/candidate_maps/snapshot_000001_quadtree_25_19_4_1.f32
HCMC_NATIVE_H03_R2026092222_NAV3_20260922T065119Z,1,quadtree_29_23_3_4,29,23,3,4,8.3000001907348633,5.7870001792907715,7.9849658012390137,5.3101024627685547,5.1579697984373956e-33,/home/zyc/hcmc_v1_native_runs_20260922/H03_R2026092222/context_bank/source_update_0001/candidate_maps/snapshot_000001_quadtree_29_23_3_4.f32
HCMC_NATIVE_H03_R2026092222_NAV3_20260922T065119Z,1,quadtree_29_7_3_3,29,7,3,3,8.3000001907348633,0.68700015544891357,7.9849658012390137,0.44182664155960083,1.1033450080256345e-06,/home/zyc/hcmc_v1_native_runs_20260922/H03_R2026092222/context_bank/source_update_0001/candidate_maps/snapshot_000001_quadtree_29_7_3_3.f32
HCMC_NATIVE_H03_R2026092222_NAV3_20260922T065119Z,1,quadtree_28_1_4_1,28,1,4,1,8.3000001907348633,-1.4129999876022339,7.7299537658691406,-1.4947245121002197,3.4654536192406752e-06,/home/zyc/hcmc_v1_native_runs_20260922/H03_R2026092222/context_bank/source_update_0001/candidate_maps/snapshot_000001_quadtree_28_1_4_1.f32
HCMC_NATIVE_H03_R2026092222_NAV3_20260922T065119Z,1,quadtree_29_19_5_1,29,19,5,1,8.6000003814697266,3.9870004653930664,8.0749425888061523,3.905275821685791,5.1749715658667591e-33,/home/zyc/hcmc_v1_native_runs_20260922/H03_R2026092222/context_bank/source_update_0001/candidate_maps/snapshot_000001_quadtree_29_19_5_1.f32
HCMC_NATIVE_H03_R2026092222_NAV3_20260922T065119Z,1,quadtree_32_1_3_3,32,1,3,3,9.1999998092651367,-1.1130000352859497,8.8849649429321289,-1.3581733703613281,1.3658347419606679e-15,/home/zyc/hcmc_v1_native_runs_20260922/H03_R2026092222/context_bank/source_update_0001/candidate_maps/snapshot_000001_quadtree_32_1_3_3.f32
HCMC_NATIVE_H03_R2026092222_NAV3_20260922T065119Z,1,quadtree_32_23_2_3,32,23,2,3,9.1999998092651367,5.4870004653930664,8.8399763107299805,5.2418265342712402,5.1579697984373956e-33,/home/zyc/hcmc_v1_native_runs_20260922/H03_R2026092222/context_bank/source_update_0001/candidate_maps/snapshot_000001_quadtree_32_23_2_3.f32
HCMC_NATIVE_H03_R2026092222_NAV3_20260922T065119Z,1,quadtree_34_9_4_1,34,9,4,1,10.100000381469727,0.98700010776519775,9.5299539566040039,0.90527552366256714,2.6858947793377162e-16,/home/zyc/hcmc_v1_native_runs_20260922/H03_R2026092222/context_bank/source_update_0001/candidate_maps/snapshot_000001_quadtree_34_9_4_1.f32
HCMC_NATIVE_H03_R2026092222_NAV3_20260922T065119Z,1,quadtree_32_9_2_5,32,9,2,5,9.1999998092651367,1.5870000123977661,8.8399763107299805,1.1783777475357056,1.1668494163145525e-08,/home/zyc/hcmc_v1_native_runs_20260922/H03_R2026092222/context_bank/source_update_0001/candidate_maps/snapshot_000001_quadtree_32_9_2_5.f32
HCMC_NATIVE_H03_R2026092222_NAV3_20260922T065119Z,1,quadtree_34_24_4_1,34,24,4,1,10.100000381469727,5.4870004653930664,9.5299539566040039,5.405275821685791,5.1579697984373956e-33,/home/zyc/hcmc_v1_native_runs_20260922/H03_R2026092222/context_bank/source_update_0001/candidate_maps/snapshot_000001_quadtree_34_24_4_1.f32
HCMC_NATIVE_H03_R2026092222_NAV3_20260922T065119Z,1,quadtree_34_19_4_1,34,19,4,1,10.100000381469727,3.9870004653930664,9.5299539566040039,3.905275821685791,5.1579697984373956e-33,/home/zyc/hcmc_v1_native_runs_20260922/H03_R2026092222/context_bank/source_update_0001/candidate_maps/snapshot_000001_quadtree_34_19_4_1.f32
HCMC_NATIVE_H03_R2026092222_NAV3_20260922T065119Z,1,quadtree_32_14_2_5,32,14,2,5,9.1999998092651367,3.0870003700256348,8.8399763107299805,2.6783778667449951,2.1551176234511045e-26,/home/zyc/hcmc_v1_native_runs_20260922/H03_R2026092222/context_bank/source_update_0001/candidate_maps/snapshot_000001_quadtree_32_14_2_5.f32
HCMC_NATIVE_H03_R2026092222_NAV3_20260922T065119Z,1,quadtree_35_1_3_3,35,1,3,3,10.100000381469727,-1.1130000352859497,9.7849645614624023,-1.3581733703613281,3.0522176048487963e-17,/home/zyc/hcmc_v1_native_runs_20260922/H03_R2026092222/context_bank/source_update_0001/candidate_maps/snapshot_000001_quadtree_35_1_3_3.f32
HCMC_NATIVE_H03_R2026092222_NAV3_20260922T065119Z,1,quadtree_36_25_2_1,36,25,2,1,10.399999618530273,5.7870001792907715,10.039976119995117,5.7052760124206543,5.1579697984373956e-33,/home/zyc/hcmc_v1_native_runs_20260922/H03_R2026092222/context_bank/source_update_0001/candidate_maps/snapshot_000001_quadtree_36_25_2_1.f32
HCMC_NATIVE_H03_R2026092222_NAV3_20260922T065119Z,1,quadtree_34_16_4_1,34,16,4,1,10.100000381469727,3.0870003700256348,9.5299539566040039,3.0052757263183594,5.2052311100065233e-33,/home/zyc/hcmc_v1_native_runs_20260922/H03_R2026092222/context_bank/source_update_0001/candidate_maps/snapshot_000001_quadtree_34_16_4_1.f32
HCMC_NATIVE_H03_R2026092222_NAV3_20260922T065119Z,1,quadtree_36_14_5_2,36,14,5,2,10.699999809265137,2.7870001792907715,10.174942016601562,2.4735512733459473,5.1579697984373956e-33,/home/zyc/hcmc_v1_native_runs_20260922/H03_R2026092222/context_bank/source_update_0001/candidate_maps/snapshot_000001_quadtree_36_14_5_2.f32
HCMC_NATIVE_H03_R2026092222_NAV3_20260922T065119Z,1,quadtree_36_23_5_1,36,23,5,1,10.699999809265137,5.1870002746582031,10.174942016601562,5.1052756309509277,5.1579697984373956e-33,/home/zyc/hcmc_v1_native_runs_20260922/H03_R2026092222/context_bank/source_update_0001/candidate_maps/snapshot_000001_quadtree_36_23_5_1.f32
HCMC_NATIVE_H03_R2026092222_NAV3_20260922T065119Z,1,quadtree_36_20_2_3,36,20,2,3,10.399999618530273,4.5870003700256348,10.039976119995117,4.3418264389038086,5.1579697984373956e-33,/home/zyc/hcmc_v1_native_runs_20260922/H03_R2026092222/context_bank/source_update_0001/candidate_maps/snapshot_000001_quadtree_36_20_2_3.f32
HCMC_NATIVE_H03_R2026092222_NAV3_20260922T065119Z,1,quadtree_38_24_3_3,38,24,3,3,11,5.7870001792907715,10.684965133666992,5.5418267250061035,5.1579697984373956e-33,/home/zyc/hcmc_v1_native_runs_20260922/H03_R2026092222/context_bank/source_update_0001/candidate_maps/snapshot_000001_quadtree_38_24_3_3.f32
HCMC_NATIVE_H03_R2026092222_NAV3_20260922T065119Z,1,quadtree_38_7_3_3,38,7,3,3,11,0.68700015544891357,10.684965133666992,0.44182664155960083,1.7191276813242227e-18,/home/zyc/hcmc_v1_native_runs_20260922/H03_R2026092222/context_bank/source_update_0001/candidate_maps/snapshot_000001_quadtree_38_7_3_3.f32
HCMC_NATIVE_H03_R2026092222_NAV3_20260922T065119Z,1,quadtree_38_16_5_1,38,16,5,1,11.300000190734863,3.0870003700256348,10.774942398071289,3.0052757263183594,5.1579697984373956e-33,/home/zyc/hcmc_v1_native_runs_20260922/H03_R2026092222/context_bank/source_update_0001/candidate_maps/snapshot_000001_quadtree_38_16_5_1.f32
HCMC_NATIVE_H03_R2026092222_NAV3_20260922T065119Z,1,quadtree_39_12_4_2,39,12,4,2,11.600000381469727,2.1870002746582031,11.029953956604004,1.8735512495040894,5.1579697984373956e-33,/home/zyc/hcmc_v1_native_runs_20260922/H03_R2026092222/context_bank/source_update_0001/candidate_maps/snapshot_000001_quadtree_39_12_4_2.f32
HCMC_NATIVE_H03_R2026092222_NAV3_20260922T065119Z,1,quadtree_38_1_4_3,38,1,4,3,11.300000190734863,-1.1130000352859497,10.729953765869141,-1.3581733703613281,9.4631269936081201e-19,/home/zyc/hcmc_v1_native_runs_20260922/H03_R2026092222/context_bank/source_update_0001/candidate_maps/snapshot_000001_quadtree_38_1_4_3.f32
HCMC_NATIVE_H03_R2026092222_NAV3_20260922T065119Z,1,quadtree_41_21_4_5,41,21,4,5,12.199999809265137,5.1870002746582031,11.629953384399414,4.7783780097961426,5.1579697984373956e-33,/home/zyc/hcmc_v1_native_runs_20260922/H03_R2026092222/context_bank/source_update_0001/candidate_maps/snapshot_000001_quadtree_41_21_4_5.f32
HCMC_NATIVE_H03_R2026092222_NAV3_20260922T065119Z,1,quadtree_41_14_4_2,41,14,4,2,12.199999809265137,2.7870001792907715,11.629953384399414,2.4735512733459473,5.1579697984373956e-33,/home/zyc/hcmc_v1_native_runs_20260922/H03_R2026092222/context_bank/source_update_0001/candidate_maps/snapshot_000001_quadtree_41_14_4_2.f32
HCMC_NATIVE_H03_R2026092222_NAV3_20260922T065119Z,1,quadtree_43_16_2_1,43,16,2,1,12.5,3.0870003700256348,12.139976501464844,3.0052757263183594,5.1579697984373956e-33,/home/zyc/hcmc_v1_native_runs_20260922/H03_R2026092222/context_bank/source_update_0001/candidate_maps/snapshot_000001_quadtree_43_16_2_1.f32
HCMC_NATIVE_H03_R2026092222_NAV3_20260922T065119Z,1,quadtree_41_4_1_5,41,4,1,5,11.600000381469727,0.087000012397766113,11.494988441467285,-0.32162240147590637,1.3436454636186574e-18,/home/zyc/hcmc_v1_native_runs_20260922/H03_R2026092222/context_bank/source_update_0001/candidate_maps/snapshot_000001_quadtree_41_4_1_5.f32
HCMC_NATIVE_H03_R2026092222_NAV3_20260922T065119Z,1,quadtree_26_9_2_1,26,9,2,1,7.4000000953674316,0.98700010776519775,7.0399770736694336,0.90527552366256714,2.6866478563900517e-05,/home/zyc/hcmc_v1_native_runs_20260922/H03_R2026092222/context_bank/source_update_0001/candidate_maps/snapshot_000001_quadtree_26_9_2_1.f32
HCMC_NATIVE_H03_R2026092222_NAV3_20260922T065119Z,1,quadtree_26_7_2_2,26,7,2,2,7.4000000953674316,0.68700015544891357,7.0399770736694336,0.3735511302947998,1.0781505455006733e-05,/home/zyc/hcmc_v1_native_runs_20260922/H03_R2026092222/context_bank/source_update_0001/candidate_maps/snapshot_000001_quadtree_26_7_2_2.f32
HCMC_NATIVE_H03_R2026092222_NAV3_20260922T065119Z,1,quadtree_28_2_1_1,28,2,1,1,7.7000002861022949,-1.1130000352859497,7.5949888229370117,-1.194724440574646,7.5646664481704417e-06,/home/zyc/hcmc_v1_native_runs_20260922/H03_R2026092222/context_bank/source_update_0001/candidate_maps/snapshot_000001_quadtree_28_2_1_1.f32
HCMC_NATIVE_H03_R2026092222_NAV3_20260922T065119Z,1,quadtree_26_2_2_1,26,2,2,1,7.4000000953674316,-1.1130000352859497,7.0399770736694336,-1.194724440574646,1.8344446059405659e-05,/home/zyc/hcmc_v1_native_runs_20260922/H03_R2026092222/context_bank/source_update_0001/candidate_maps/snapshot_000001_quadtree_26_2_2_1.f32
HCMC_NATIVE_H03_R2026092222_NAV3_20260922T065119Z,1,quadtree_28_9_1_1,28,9,1,1,7.7000002861022949,0.98700010776519775,7.5949888229370117,0.90527552366256714,2.0793828773437277e-05,/home/zyc/hcmc_v1_native_runs_20260922/H03_R2026092222/context_bank/source_update_0001/candidate_maps/snapshot_000001_quadtree_28_9_1_1.f32
HCMC_NATIVE_H03_R2026092222_NAV3_20260922T065119Z,1,quadtree_28_7_1_2,28,7,1,2,7.7000002861022949,0.68700015544891357,7.5949888229370117,0.3735511302947998,8.6410848885609861e-06,/home/zyc/hcmc_v1_native_runs_20260922/H03_R2026092222/context_bank/source_update_0001/candidate_maps/snapshot_000001_quadtree_28_7_1_2.f32
HCMC_NATIVE_H03_R2026092222_NAV3_20260922T065119Z,1,quadtree_26_3_2_1,26,3,2,1,7.4000000953674316,-0.81299996376037598,7.0399770736694336,-0.89472448825836182,1.5890011590932362e-05,/home/zyc/hcmc_v1_native_runs_20260922/H03_R2026092222/context_bank/source_update_0001/candidate_maps/snapshot_000001_quadtree_26_3_2_1.f32
HCMC_NATIVE_H03_R2026092222_NAV3_20260922T065119Z,1,quadtree_25_7_1_1,25,7,1,1,6.8000001907348633,0.38699996471405029,6.6949887275695801,0.30527561902999878,6.9748873058825303e-06,/home/zyc/hcmc_v1_native_runs_20260922/H03_R2026092222/context_bank/source_update_0001/candidate_maps/snapshot_000001_quadtree_25_7_1_1.f32
HCMC_NATIVE_H03_R2026092222_NAV3_20260922T065119Z,1,quadtree_23_7_2_1,23,7,2,1,6.5000004768371582,0.38699996471405029,6.139976978302002,0.30527561902999878,1.5560753336385468e-06,/home/zyc/hcmc_v1_native_runs_20260922/H03_R2026092222/context_bank/source_update_0001/candidate_maps/snapshot_000001_quadtree_23_7_2_1.f32
HCMC_NATIVE_H03_R2026092222_NAV3_20260922T065119Z,1,quadtree_23_8_2_1,23,8,2,1,6.5000004768371582,0.68700015544891357,6.139976978302002,0.60527557134628296,4.2083590264551062e-06,/home/zyc/hcmc_v1_native_runs_20260922/H03_R2026092222/context_bank/source_update_0001/candidate_maps/snapshot_000001_quadtree_23_8_2_1.f32
HCMC_NATIVE_H03_R2026092222_NAV3_20260922T065119Z,1,quadtree_28_3_1_1,28,3,1,1,7.7000002861022949,-0.81299996376037598,7.5949888229370117,-0.89472448825836182,1.1654115726779036e-05,/home/zyc/hcmc_v1_native_runs_20260922/H03_R2026092222/context_bank/source_update_0001/candidate_maps/snapshot_000001_quadtree_28_3_1_1.f32
HCMC_NATIVE_H03_R2026092222_NAV3_20260922T065119Z,1,quadtree_25_8_1_1,25,8,1,1,6.8000001907348633,0.68700015544891357,6.6949887275695801,0.60527557134628296,1.8221608739021563e-05,/home/zyc/hcmc_v1_native_runs_20260922/H03_R2026092222/context_bank/source_update_0001/candidate_maps/snapshot_000001_quadtree_25_8_1_1.f32
HCMC_NATIVE_H03_R2026092222_NAV3_20260922T065119Z,1,quadtree_23_6_3_1,23,6,3,1,6.5000004768371582,0.087000012397766113,6.1849651336669922,0.0052755717188119888,6.2602582977977791e-07,/home/zyc/hcmc_v1_native_runs_20260922/H03_R2026092222/context_bank/source_update_0001/candidate_maps/snapshot_000001_quadtree_23_6_3_1.f32
HCMC_NATIVE_H03_R2026092222_NAV3_20260922T065119Z,1,quadtree_26_4_3_2,26,4,3,2,7.4000000953674316,-0.21299993991851807,7.0849652290344238,-0.52644896507263184,1.94127227478004e-05,/home/zyc/hcmc_v1_native_runs_20260922/H03_R2026092222/context_bank/source_update_0001/candidate_maps/snapshot_000001_quadtree_26_4_3_2.f32
HCMC_NATIVE_H03_R2026092222_NAV3_20260922T065119Z,1,quadtree_26_6_3_1,26,6,3,1,7.4000000953674316,0.087000012397766113,7.0849652290344238,0.0052755717188119888,1.2929565137831302e-05,/home/zyc/hcmc_v1_native_runs_20260922/H03_R2026092222/context_bank/source_update_0001/candidate_maps/snapshot_000001_quadtree_26_6_3_1.f32
HCMC_NATIVE_H03_R2026092222_NAV3_20260922T065119Z,1,quadtree_23_1_3_1,23,1,3,1,6.5000004768371582,-1.4129999876022339,6.1849651336669922,-1.4947245121002197,2.7990648094268691e-07,/home/zyc/hcmc_v1_native_runs_20260922/H03_R2026092222/context_bank/source_update_0001/candidate_maps/snapshot_000001_quadtree_23_1_3_1.f32
HCMC_NATIVE_H03_R2026092222_NAV3_20260922T065119Z,1,quadtree_26_1_2_1,26,1,2,1,7.4000000953674316,-1.4129999876022339,7.0399770736694336,-1.4947245121002197,1.2788980483172463e-05,/home/zyc/hcmc_v1_native_runs_20260922/H03_R2026092222/context_bank/source_update_0001/candidate_maps/snapshot_000001_quadtree_26_1_2_1.f32
HCMC_NATIVE_H03_R2026092222_NAV3_20260922T065119Z,1,quadtree_21_9_3_1,21,9,3,1,5.9000005722045898,0.98700010776519775,5.5849652290344238,0.90527552366256714,3.8289637167335417e-07,/home/zyc/hcmc_v1_native_runs_20260922/H03_R2026092222/context_bank/source_update_0001/candidate_maps/snapshot_000001_quadtree_21_9_3_1.f32
HCMC_NATIVE_H03_R2026092222_NAV3_20260922T065119Z,1,quadtree_23_4_3_2,23,4,3,2,6.5000004768371582,-0.21299993991851807,6.1849651336669922,-0.52644896507263184,2.6728947844697479e-06,/home/zyc/hcmc_v1_native_runs_20260922/H03_R2026092222/context_bank/source_update_0001/candidate_maps/snapshot_000001_quadtree_23_4_3_2.f32
HCMC_NATIVE_H03_R2026092222_NAV3_20260922T065119Z,1,quadtree_24_9_2_1,24,9,2,1,6.8000001907348633,0.98700010776519775,6.4399771690368652,0.90527552366256714,7.8074452908969001e-06,/home/zyc/hcmc_v1_native_runs_20260922/H03_R2026092222/context_bank/source_update_0001/candidate_maps/snapshot_000001_quadtree_24_9_2_1.f32
HCMC_NATIVE_H03_R2026092222_NAV3_20260922T065119Z,1,quadtree_21_3_3_1,21,3,3,1,5.9000005722045898,-0.81299996376037598,5.5849652290344238,-0.89472448825836182,8.3459189027697727e-07,/home/zyc/hcmc_v1_native_runs_20260922/H03_R2026092222/context_bank/source_update_0001/candidate_maps/snapshot_000001_quadtree_21_3_3_1.f32
HCMC_NATIVE_H03_R2026092222_NAV3_20260922T065119Z,1,quadtree_30_1_2_1,30,1,2,1,8.6000003814697266,-1.4129999876022339,8.2399759292602539,-1.4947245121002197,9.4200243291678852e-07,/home/zyc/hcmc_v1_native_runs_20260922/H03_R2026092222/context_bank/source_update_0001/candidate_maps/snapshot_000001_quadtree_30_1_2_1.f32
HCMC_NATIVE_H03_R2026092222_NAV3_20260922T065119Z,1,quadtree_28_1_2_1,28,1,2,1,8,-1.4129999876022339,7.6399774551391602,-1.4947245121002197,4.0447902399677907e-06,/home/zyc/hcmc_v1_native_runs_20260922/H03_R2026092222/context_bank/source_update_0001/candidate_maps/snapshot_000001_quadtree_28_1_2_1.f32
HCMC_NATIVE_H03_R2026092222_NAV3_20260922T065119Z,1,quadtree_24_3_2_1,24,3,2,1,6.8000001907348633,-0.81299996376037598,6.4399771690368652,-0.89472448825836182,4.6499276475397025e-06,/home/zyc/hcmc_v1_native_runs_20260922/H03_R2026092222/context_bank/source_update_0001/candidate_maps/snapshot_000001_quadtree_24_3_2_1.f32
HCMC_NATIVE_H03_R2026092222_NAV3_20260922T065119Z,1,quadtree_21_2_3_1,21,2,3,1,5.9000005722045898,-1.1130000352859497,5.5849652290344238,-1.194724440574646,7.0757810261909062e-08,/home/zyc/hcmc_v1_native_runs_20260922/H03_R2026092222/context_bank/source_update_0001/candidate_maps/snapshot_000001_quadtree_21_2_3_1.f32
HCMC_NATIVE_H03_R2026092222_NAV3_20260922T065119Z,1,quadtree_24_2_2_1,24,2,2,1,6.8000001907348633,-1.1130000352859497,6.4399771690368652,-1.194724440574646,5.3457092521485954e-06,/home/zyc/hcmc_v1_native_runs_20260922/H03_R2026092222/context_bank/source_update_0001/candidate_maps/snapshot_000001_quadtree_24_2_2_1.f32
HCMC_NATIVE_H03_R2026092222_NAV3_20260922T065119Z,1,quadtree_31_9_1_1,31,9,1,1,8.6000003814697266,0.98700010776519775,8.4949884414672852,0.90527552366256714,4.5614674017116175e-07,/home/zyc/hcmc_v1_native_runs_20260922/H03_R2026092222/context_bank/source_update_0001/candidate_maps/snapshot_000001_quadtree_31_9_1_1.f32
HCMC_NATIVE_H03_R2026092222_NAV3_20260922T065119Z,1,quadtree_31_7_1_2,31,7,1,2,8.6000003814697266,0.68700015544891357,8.4949884414672852,0.3735511302947998,1.8081855669152326e-07,/home/zyc/hcmc_v1_native_runs_20260922/H03_R2026092222/context_bank/source_update_0001/candidate_maps/snapshot_000001_quadtree_31_7_1_2.f32
HCMC_NATIVE_H03_R2026092222_NAV3_20260922T065119Z,1,quadtree_18_1_3_1,18,1,3,1,5.0000004768371582,-1.4129999876022339,4.6849651336669922,-1.4947245121002197,1.4048097172303347e-08,/home/zyc/hcmc_v1_native_runs_20260922/H03_R2026092222/context_bank/source_update_0001/candidate_maps/snapshot_000001_quadtree_18_1_3_1.f32
HCMC_NATIVE_H03_R2026092222_NAV3_20260922T065119Z,1,quadtree_31_3_1_1,31,3,1,1,8.6000003814697266,-0.81299996376037598,8.4949884414672852,-0.89472448825836182,1.5504952679749688e-07,/home/zyc/hcmc_v1_native_runs_20260922/H03_R2026092222/context_bank/source_update_0001/candidate_maps/snapshot_000001_quadtree_31_3_1_1.f32
HCMC_NATIVE_H03_R2026092222_NAV3_20260922T065119Z,1,quadtree_31_2_1_1,31,2,1,1,8.6000003814697266,-1.1130000352859497,8.4949884414672852,-1.194724440574646,5.2365966114902481e-07,/home/zyc/hcmc_v1_native_runs_20260922/H03_R2026092222/context_bank/source_update_0001/candidate_maps/snapshot_000001_quadtree_31_2_1_1.f32
HCMC_NATIVE_H03_R2026092222_NAV3_20260922T065119Z,1,quadtree_29_7_2_2,29,7,2,2,8.3000001907348633,0.68700015544891357,7.9399776458740234,0.3735511302947998,3.6915170429072209e-06,/home/zyc/hcmc_v1_native_runs_20260922/H03_R2026092222/context_bank/source_update_0001/candidate_maps/snapshot_000001_quadtree_29_7_2_2.f32
HCMC_NATIVE_H03_R2026092222_NAV3_20260922T065119Z,1,quadtree_29_9_2_1,29,9,2,1,8.3000001907348633,0.98700010776519775,7.9399776458740234,0.90527552366256714,6.9470138321770069e-06,/home/zyc/hcmc_v1_native_runs_20260922/H03_R2026092222/context_bank/source_update_0001/candidate_maps/snapshot_000001_quadtree_29_9_2_1.f32
HCMC_NATIVE_H03_R2026092222_NAV3_20260922T065119Z,1,quadtree_29_2_2_1,29,2,2,1,8.3000001907348633,-1.1130000352859497,7.9399776458740234,-1.194724440574646,2.419598703482393e-06,/home/zyc/hcmc_v1_native_runs_20260922/H03_R2026092222/context_bank/source_update_0001/candidate_maps/snapshot_000001_quadtree_29_2_2_1.f32
HCMC_NATIVE_H03_R2026092222_NAV3_20260922T065119Z,1,quadtree_21_1_2_1,21,1,2,1,5.9000005722045898,-1.4129999876022339,5.5399770736694336,-1.4947245121002197,4.4078328056846482e-14,/home/zyc/hcmc_v1_native_runs_20260922/H03_R2026092222/context_bank/source_update_0001/candidate_maps/snapshot_000001_quadtree_21_1_2_1.f32
HCMC_NATIVE_H03_R2026092222_NAV3_20260922T065119Z,1,quadtree_29_3_2_1,29,3,2,1,8.3000001907348633,-0.81299996376037598,7.9399776458740234,-0.89472448825836182,2.2496402456535509e-06,/home/zyc/hcmc_v1_native_runs_20260922/H03_R2026092222/context_bank/source_update_0001/candidate_maps/snapshot_000001_quadtree_29_3_2_1.f32
HCMC_NATIVE_H03_R2026092222_NAV3_20260922T065119Z,1,quadtree_17_3_2_1,17,3,2,1,4.7000002861022949,-0.81299996376037598,4.3399772644042969,-0.89472448825836182,1.9532686519984132e-15,/home/zyc/hcmc_v1_native_runs_20260922/H03_R2026092222/context_bank/source_update_0001/candidate_maps/snapshot_000001_quadtree_17_3_2_1.f32
HCMC_NATIVE_H03_R2026092222_NAV3_20260922T065119Z,1,quadtree_17_2_2_1,17,2,2,1,4.7000002861022949,-1.1130000352859497,4.3399772644042969,-1.194724440574646,1.6871125338491873e-15,/home/zyc/hcmc_v1_native_runs_20260922/H03_R2026092222/context_bank/source_update_0001/candidate_maps/snapshot_000001_quadtree_17_2_2_1.f32
HCMC_NATIVE_H03_R2026092222_NAV3_20260922T065119Z,1,quadtree_19_3_2_1,19,3,2,1,5.3000001907348633,-0.81299996376037598,4.9399771690368652,-0.89472448825836182,2.9900164081613136e-08,/home/zyc/hcmc_v1_native_runs_20260922/H03_R2026092222/context_bank/source_update_0001/candidate_maps/snapshot_000001_quadtree_19_3_2_1.f32
HCMC_NATIVE_H03_R2026092222_NAV3_20260922T065119Z,1,quadtree_19_2_2_1,19,2,2,1,5.3000001907348633,-1.1130000352859497,4.9399771690368652,-1.194724440574646,1.7812767611214214e-07,/home/zyc/hcmc_v1_native_runs_20260922/H03_R2026092222/context_bank/source_update_0001/candidate_maps/snapshot_000001_quadtree_19_2_2_1.f32
HCMC_NATIVE_H03_R2026092222_NAV3_20260922T065119Z,1,quadtree_32_12_1_2,32,12,1,2,8.8999996185302734,2.1870002746582031,8.7949886322021484,1.8735512495040894,3.8099848057345651e-17,/home/zyc/hcmc_v1_native_runs_20260922/H03_R2026092222/context_bank/source_update_0001/candidate_maps/snapshot_000001_quadtree_32_12_1_2.f32
HCMC_NATIVE_H03_R2026092222_NAV3_20260922T065119Z,1,quadtree_33_9_1_3,33,9,1,3,9.1999998092651367,1.2870000600814819,9.0949888229370117,1.041826605796814,4.5386391132434802e-09,/home/zyc/hcmc_v1_native_runs_20260922/H03_R2026092222/context_bank/source_update_0001/candidate_maps/snapshot_000001_quadtree_33_9_1_3.f32
HCMC_NATIVE_H03_R2026092222_NAV3_20260922T065119Z,1,quadtree_33_12_1_2,33,12,1,2,9.1999998092651367,2.1870002746582031,9.0949888229370117,1.8735512495040894,2.9069464360283708e-17,/home/zyc/hcmc_v1_native_runs_20260922/H03_R2026092222/context_bank/source_update_0001/candidate_maps/snapshot_000001_quadtree_33_12_1_2.f32
HCMC_NATIVE_H03_R2026092222_NAV3_20260922T065119Z,1,quadtree_29_6_3_1,29,6,3,1,8.3000001907348633,0.087000012397766113,7.9849658012390137,0.0052755717188119888,2.6058809064208447e-07,/home/zyc/hcmc_v1_native_runs_20260922/H03_R2026092222/context_bank/source_update_0001/candidate_maps/snapshot_000001_quadtree_29_6_3_1.f32
HCMC_NATIVE_H03_R2026092222_NAV3_20260922T065119Z,1,quadtree_32_9_1_3,32,9,1,3,8.8999996185302734,1.2870000600814819,8.7949886322021484,1.041826605796814,1.0059434098548753e-08,/home/zyc/hcmc_v1_native_runs_20260922/H03_R2026092222/context_bank/source_update_0001/candidate_maps/snapshot_000001_quadtree_32_9_1_3.f32
HCMC_NATIVE_H03_R2026092222_NAV3_20260922T065119Z,1,quadtree_32_6_3_1,32,6,3,1,9.1999998092651367,0.087000012397766113,8.8849649429321289,0.0052755717188119888,4.3940469550927626e-10,/home/zyc/hcmc_v1_native_runs_20260922/H03_R2026092222/context_bank/source_update_0001/candidate_maps/snapshot_000001_quadtree_32_6_3_1.f32
HCMC_NATIVE_H03_R2026092222_NAV3_20260922T065119Z,1,quadtree_32_4_3_2,32,4,3,2,9.1999998092651367,-0.21299993991851807,8.8849649429321289,-0.52644896507263184,4.9898053743917383e-10,/home/zyc/hcmc_v1_native_runs_20260922/H03_R2026092222/context_bank/source_update_0001/candidate_maps/snapshot_000001_quadtree_32_4_3_2.f32
HCMC_NATIVE_H03_R2026092222_NAV3_20260922T065119Z,1,quadtree_29_4_3_2,29,4,3,2,8.3000001907348633,-0.21299993991851807,7.9849658012390137,-0.52644896507263184,8.0986718615250494e-07,/home/zyc/hcmc_v1_native_runs_20260922/H03_R2026092222/context_bank/source_update_0001/candidate_maps/snapshot_000001_quadtree_29_4_3_2.f32
HCMC_NATIVE_H03_R2026092222_NAV3_20260922T065119Z,1,quadtree_32_8_2_1,32,8,2,1,9.1999998092651367,0.68700015544891357,8.8399763107299805,0.60527557134628296,9.7379288052361374e-09,/home/zyc/hcmc_v1_native_runs_20260922/H03_R2026092222/context_bank/source_update_0001/candidate_maps/snapshot_000001_quadtree_32_8_2_1.f32
HCMC_NATIVE_H03_R2026092222_NAV3_20260922T065119Z,1,quadtree_34_8_1_1,34,8,1,1,9.5,0.68700015544891357,9.394989013671875,0.60527557134628296,1.4629246094935643e-09,/home/zyc/hcmc_v1_native_runs_20260922/H03_R2026092222/context_bank/source_update_0001/candidate_maps/snapshot_000001_quadtree_34_8_1_1.f32
HCMC_NATIVE_H03_R2026092222_NAV3_20260922T065119Z,1,quadtree_32_7_2_1,32,7,2,1,9.1999998092651367,0.38699996471405029,8.8399763107299805,0.30527561902999878,4.1425539515486843e-09,/home/zyc/hcmc_v1_native_runs_20260922/H03_R2026092222/context_bank/source_update_0001/candidate_maps/snapshot_000001_quadtree_32_7_2_1.f32
HCMC_NATIVE_H03_R2026092222_NAV3_20260922T065119Z,1,quadtree_21_7_2_2,21,7,2,2,5.9000005722045898,0.68700015544891357,5.5399770736694336,0.3735511302947998,8.6277174576755535e-14,/home/zyc/hcmc_v1_native_runs_20260922/H03_R2026092222/context_bank/source_update_0001/candidate_maps/snapshot_000001_quadtree_21_7_2_2.f32
HCMC_NATIVE_H03_R2026092222_NAV3_20260922T065119Z,1,quadtree_34_7_1_1,34,7,1,1,9.5,0.38699996471405029,9.394989013671875,0.30527561902999878,1.0596066893076865e-10,/home/zyc/hcmc_v1_native_runs_20260922/H03_R2026092222/context_bank/source_update_0001/candidate_maps/snapshot_000001_quadtree_34_7_1_1.f32
HCMC_NATIVE_H03_R2026092222_NAV3_20260922T065119Z,1,quadtree_18_7_3_2,18,7,3,2,5.0000004768371582,0.68700015544891357,4.6849651336669922,0.3735511302947998,2.1938608937141364e-14,/home/zyc/hcmc_v1_native_runs_20260922/H03_R2026092222/context_bank/source_update_0001/candidate_maps/snapshot_000001_quadtree_18_7_3_2.f32
HCMC_NATIVE_H03_R2026092222_NAV3_20260922T065119Z,1,quadtree_21_4_2_3,21,4,2,3,5.9000005722045898,-0.21299993991851807,5.5399770736694336,-0.45817339420318604,1.4137732628364243e-07,/home/zyc/hcmc_v1_native_runs_20260922/H03_R2026092222/context_bank/source_update_0001/candidate_maps/snapshot_000001_quadtree_21_4_2_3.f32
HCMC_NATIVE_H03_R2026092222_NAV3_20260922T065119Z,1,quadtree_18_4_3_3,18,4,3,3,5.0000004768371582,-0.21299993991851807,4.6849651336669922,-0.45817339420318604,8.69352237420426e-09,/home/zyc/hcmc_v1_native_runs_20260922/H03_R2026092222/context_bank/source_update_0001/candidate_maps/snapshot_000001_quadtree_18_4_3_3.f32
HCMC_NATIVE_H03_R2026092222_NAV3_20260922T065119Z,1,quadtree_34_3_1_1,34,3,1,1,9.5,-0.81299996376037598,9.394989013671875,-0.89472448825836182,4.1809489803259745e-10,/home/zyc/hcmc_v1_native_runs_20260922/H03_R2026092222/context_bank/source_update_0001/candidate_maps/snapshot_000001_quadtree_34_3_1_1.f32
HCMC_NATIVE_H03_R2026092222_NAV3_20260922T065119Z,1,quadtree_32_1_2_2,32,1,2,2,9.1999998092651367,-1.1130000352859497,8.8399763107299805,-1.4264489412307739,5.9247548023249207e-09,/home/zyc/hcmc_v1_native_runs_20260922/H03_R2026092222/context_bank/source_update_0001/candidate_maps/snapshot_000001_quadtree_32_1_2_2.f32
HCMC_NATIVE_H03_R2026092222_NAV3_20260922T065119Z,1,quadtree_34_1_1_2,34,1,1,2,9.5,-1.1130000352859497,9.394989013671875,-1.4264489412307739,3.7198092080082005e-16,/home/zyc/hcmc_v1_native_runs_20260922/H03_R2026092222/context_bank/source_update_0001/candidate_maps/snapshot_000001_quadtree_34_1_1_2.f32
HCMC_NATIVE_H03_R2026092222_NAV3_20260922T065119Z,1,quadtree_34_9_2_1,34,9,2,1,9.8000001907348633,0.98700010776519775,9.439976692199707,0.90527552366256714,3.3521846713222879e-16,/home/zyc/hcmc_v1_native_runs_20260922/H03_R2026092222/context_bank/source_update_0001/candidate_maps/snapshot_000001_quadtree_34_9_2_1.f32
HCMC_NATIVE_H03_R2026092222_NAV3_20260922T065119Z,1,quadtree_32_3_2_1,32,3,2,1,9.1999998092651367,-0.81299996376037598,8.8399763107299805,-0.89472448825836182,7.534980999398848e-09,/home/zyc/hcmc_v1_native_runs_20260922/H03_R2026092222/context_bank/source_update_0001/candidate_maps/snapshot_000001_quadtree_32_3_2_1.f32
HCMC_NATIVE_H03_R2026092222_NAV3_20260922T065119Z,1,quadtree_36_9_2_1,36,9,2,1,10.399999618530273,0.98700010776519775,10.039976119995117,0.90527552366256714,4.9183242051891236e-17,/home/zyc/hcmc_v1_native_runs_20260922/H03_R2026092222/context_bank/source_update_0001/candidate_maps/snapshot_000001_quadtree_36_9_2_1.f32
HCMC_NATIVE_H03_R2026092222_NAV3_20260922T065119Z,1,quadtree_17_7_1_2,17,7,1,2,4.4000000953674316,0.68700015544891357,4.2949886322021484,0.3735511302947998,6.3899378767715416e-16,/home/zyc/hcmc_v1_native_runs_20260922/H03_R2026092222/context_bank/source_update_0001/candidate_maps/snapshot_000001_quadtree_17_7_1_2.f32
HCMC_NATIVE_H03_R2026092222_NAV3_20260922T065119Z,1,quadtree_17_4_1_3,17,4,1,3,4.4000000953674316,-0.21299993991851807,4.2949886322021484,-0.45817339420318604,2.5136509741479891e-16,/home/zyc/hcmc_v1_native_runs_20260922/H03_R2026092222/context_bank/source_update_0001/candidate_maps/snapshot_000001_quadtree_17_4_1_3.f32
HCMC_NATIVE_H03_R2026092222_NAV3_20260922T065119Z,1,quadtree_35_8_2_1,35,8,2,1,10.100000381469727,0.68700015544891357,9.7399759292602539,0.60527557134628296,9.2929552227577654e-17,/home/zyc/hcmc_v1_native_runs_20260922/H03_R2026092222/context_bank/source_update_0001/candidate_maps/snapshot_000001_quadtree_35_8_2_1.f32
HCMC_NATIVE_H03_R2026092222_NAV3_20260922T065119Z,1,quadtree_35_7_2_1,35,7,2,1,10.100000381469727,0.38699996471405029,9.7399759292602539,0.30527561902999878,2.2524675555656929e-17,/home/zyc/hcmc_v1_native_runs_20260922/H03_R2026092222/context_bank/source_update_0001/candidate_maps/snapshot_000001_quadtree_35_7_2_1.f32
HCMC_NATIVE_H03_R2026092222_NAV3_20260922T065119Z,1,quadtree_37_8_1_1,37,8,1,1,10.399999618530273,0.68700015544891357,10.294988632202148,0.60527557134628296,5.2399777115184223e-17,/home/zyc/hcmc_v1_native_runs_20260922/H03_R2026092222/context_bank/source_update_0001/candidate_maps/snapshot_000001_quadtree_37_8_1_1.f32
HCMC_NATIVE_H03_R2026092222_NAV3_20260922T065119Z,1,quadtree_37_3_1_1,37,3,1,1,10.399999618530273,-0.81299996376037598,10.294988632202148,-0.89472448825836182,2.7832424484280206e-17,/home/zyc/hcmc_v1_native_runs_20260922/H03_R2026092222/context_bank/source_update_0001/candidate_maps/snapshot_000001_quadtree_37_3_1_1.f32
HCMC_NATIVE_H03_R2026092222_NAV3_20260922T065119Z,1,quadtree_37_7_1_1,37,7,1,1,10.399999618530273,0.38699996471405029,10.294988632202148,0.30527561902999878,3.9583673476789666e-17,/home/zyc/hcmc_v1_native_runs_20260922/H03_R2026092222/context_bank/source_update_0001/candidate_maps/snapshot_000001_quadtree_37_7_1_1.f32
HCMC_NATIVE_H03_R2026092222_NAV3_20260922T065119Z,1,quadtree_35_1_2_2,35,1,2,2,10.100000381469727,-1.1130000352859497,9.7399759292602539,-1.4264489412307739,8.9614419328408367e-17,/home/zyc/hcmc_v1_native_runs_20260922/H03_R2026092222/context_bank/source_update_0001/candidate_maps/snapshot_000001_quadtree_35_1_2_2.f32
HCMC_NATIVE_H03_R2026092222_NAV3_20260922T065119Z,1,quadtree_35_3_2_1,35,3,2,1,10.100000381469727,-0.81299996376037598,9.7399759292602539,-0.89472448825836182,4.0188337680940684e-17,/home/zyc/hcmc_v1_native_runs_20260922/H03_R2026092222/context_bank/source_update_0001/candidate_maps/snapshot_000001_quadtree_35_3_2_1.f32
HCMC_NATIVE_H03_R2026092222_NAV3_20260922T065119Z,1,quadtree_35_6_3_1,35,6,3,1,10.100000381469727,0.087000012397766113,9.7849645614624023,0.0052755717188119888,5.0256324990731146e-18,/home/zyc/hcmc_v1_native_runs_20260922/H03_R2026092222/context_bank/source_update_0001/candidate_maps/snapshot_000001_quadtree_35_6_3_1.f32
HCMC_NATIVE_H03_R2026092222_NAV3_20260922T065119Z,1,quadtree_37_1_1_2,37,1,1,2,10.399999618530273,-1.1130000352859497,10.294988632202148,-1.4264489412307739,2.8964483109749365e-17,/home/zyc/hcmc_v1_native_runs_20260922/H03_R2026092222/context_bank/source_update_0001/candidate_maps/snapshot_000001_quadtree_37_1_1_2.f32
HCMC_NATIVE_H03_R2026092222_NAV3_20260922T065119Z,1,quadtree_35_4_3_2,35,4,3,2,10.100000381469727,-0.21299993991851807,9.7849645614624023,-0.52644896507263184,1.553834538019438e-17,/home/zyc/hcmc_v1_native_runs_20260922/H03_R2026092222/context_bank/source_update_0001/candidate_maps/snapshot_000001_quadtree_35_4_3_2.f32
HCMC_NATIVE_H03_R2026092222_NAV3_20260922T065119Z,1,quadtree_38_6_3_1,38,6,3,1,11,0.087000012397766113,10.684965133666992,0.0052755717188119888,1.5046682015401427e-18,/home/zyc/hcmc_v1_native_runs_20260922/H03_R2026092222/context_bank/source_update_0001/candidate_maps/snapshot_000001_quadtree_38_6_3_1.f32
HCMC_NATIVE_H03_R2026092222_NAV3_20260922T065119Z,1,quadtree_38_4_3_2,38,4,3,2,11,-0.21299993991851807,10.684965133666992,-0.52644896507263184,1.5787264273303804e-18,/home/zyc/hcmc_v1_native_runs_20260922/H03_R2026092222/context_bank/source_update_0001/candidate_maps/snapshot_000001_quadtree_38_4_3_2.f32
HCMC_NATIVE_H03_R2026092222_NAV3_20260922T065119Z,1,quadtree_28_6_1_1,28,6,1,1,7.7000002861022949,0.087000012397766113,7.5949888229370117,0.0052755717188119888,6.3854311397442975e-06,/home/zyc/hcmc_v1_native_runs_20260922/H03_R2026092222/context_bank/source_update_0001/candidate_maps/snapshot_000001_quadtree_28_6_1_1.f32
HCMC_NATIVE_H03_R2026092222_NAV3_20260922T065119Z,1,quadtree_26_9_1_1,26,9,1,1,7.1000003814697266,0.98700010776519775,6.9949884414672852,0.90527552366256714,1.6615743139788458e-05,/home/zyc/hcmc_v1_native_runs_20260922/H03_R2026092222/context_bank/source_update_0001/candidate_maps/snapshot_000001_quadtree_26_9_1_1.f32
HCMC_NATIVE_H03_R2026092222_NAV3_20260922T065119Z,1,quadtree_26_2_1_1,26,2,1,1,7.1000003814697266,-1.1130000352859497,6.9949884414672852,-1.194724440574646,1.6282742582089973e-05,/home/zyc/hcmc_v1_native_runs_20260922/H03_R2026092222/context_bank/source_update_0001/candidate_maps/snapshot_000001_quadtree_26_2_1_1.f32
HCMC_NATIVE_H03_R2026092222_NAV3_20260922T065119Z,1,quadtree_26_5_2_1,26,5,2,1,7.4000000953674316,-0.21299993991851807,7.0399770736694336,-0.29472449421882629,1.3956266326795119e-05,/home/zyc/hcmc_v1_native_runs_20260922/H03_R2026092222/context_bank/source_update_0001/candidate_maps/snapshot_000001_quadtree_26_5_2_1.f32
HCMC_NATIVE_H03_R2026092222_NAV3_20260922T065119Z,1,quadtree_26_4_2_1,26,4,2,1,7.4000000953674316,-0.5130000114440918,7.0399770736694336,-0.59472447633743286,9.9009068816133741e-06,/home/zyc/hcmc_v1_native_runs_20260922/H03_R2026092222/context_bank/source_update_0001/candidate_maps/snapshot_000001_quadtree_26_4_2_1.f32
HCMC_NATIVE_H03_R2026092222_NAV3_20260922T065119Z,1,quadtree_27_2_1_1,27,2,1,1,7.4000000953674316,-1.1130000352859497,7.2949886322021484,-1.194724440574646,1.6478014724276489e-05,/home/zyc/hcmc_v1_native_runs_20260922/H03_R2026092222/context_bank/source_update_0001/candidate_maps/snapshot_000001_quadtree_27_2_1_1.f32
HCMC_NATIVE_H03_R2026092222_NAV3_20260922T065119Z,1,quadtree_26_3_1_1,26,3,1,1,7.1000003814697266,-0.81299996376037598,6.9949884414672852,-0.89472448825836182,1.2153447260890683e-05,/home/zyc/hcmc_v1_native_runs_20260922/H03_R2026092222/context_bank/source_update_0001/candidate_maps/snapshot_000001_quadtree_26_3_1_1.f32
HCMC_NATIVE_H03_R2026092222_NAV3_20260922T065119Z,1,quadtree_27_3_1_1,27,3,1,1,7.4000000953674316,-0.81299996376037598,7.2949886322021484,-0.89472448825836182,1.8505050680301633e-05,/home/zyc/hcmc_v1_native_runs_20260922/H03_R2026092222/context_bank/source_update_0001/candidate_maps/snapshot_000001_quadtree_27_3_1_1.f32
HCMC_NATIVE_H03_R2026092222_NAV3_20260922T065119Z,1,quadtree_28_4_1_1,28,4,1,1,7.7000002861022949,-0.5130000114440918,7.5949888229370117,-0.59472447633743286,1.3698506661496691e-05,/home/zyc/hcmc_v1_native_runs_20260922/H03_R2026092222/context_bank/source_update_0001/candidate_maps/snapshot_000001_quadtree_28_4_1_1.f32
HCMC_NATIVE_H03_R2026092222_NAV3_20260922T065119Z,1,quadtree_27_9_1_1,27,9,1,1,7.4000000953674316,0.98700010776519775,7.2949886322021484,0.90527552366256714,2.7700229784402676e-05,/home/zyc/hcmc_v1_native_runs_20260922/H03_R2026092222/context_bank/source_update_0001/candidate_maps/snapshot_000001_quadtree_27_9_1_1.f32
HCMC_NATIVE_H03_R2026092222_NAV3_20260922T065119Z,1,quadtree_28_5_1_1,28,5,1,1,7.7000002861022949,-0.21299993991851807,7.5949888229370117,-0.29472449421882629,1.1860943363453604e-05,/home/zyc/hcmc_v1_native_runs_20260922/H03_R2026092222/context_bank/source_update_0001/candidate_maps/snapshot_000001_quadtree_28_5_1_1.f32
HCMC_NATIVE_H03_R2026092222_NAV3_20260922T065119Z,1,quadtree_26_6_2_1,26,6,2,1,7.4000000953674316,0.087000012397766113,7.0399770736694336,0.0052755717188119888,1.3477908886394355e-05,/home/zyc/hcmc_v1_native_runs_20260922/H03_R2026092222/context_bank/source_update_0001/candidate_maps/snapshot_000001_quadtree_26_6_2_1.f32
HCMC_NATIVE_H03_R2026092222_NAV3_20260922T065119Z,1,quadtree_26_1_1_1,26,1,1,1,7.1000003814697266,-1.4129999876022339,6.9949884414672852,-1.4947245121002197,1.0453288073285312e-05,/home/zyc/hcmc_v1_native_runs_20260922/H03_R2026092222/context_bank/source_update_0001/candidate_maps/snapshot_000001_quadtree_26_1_1_1.f32
HCMC_NATIVE_H03_R2026092222_NAV3_20260922T065119Z,1,quadtree_27_1_1_1,27,1,1,1,7.4000000953674316,-1.4129999876022339,7.2949886322021484,-1.4947245121002197,1.672617446276437e-05,/home/zyc/hcmc_v1_native_runs_20260922/H03_R2026092222/context_bank/source_update_0001/candidate_maps/snapshot_000001_quadtree_27_1_1_1.f32
HCMC_NATIVE_H03_R2026092222_NAV3_20260922T065119Z,1,quadtree_26_8_1_1,26,8,1,1,7.1000003814697266,0.68700015544891357,6.9949884414672852,0.60527557134628296,2.430875679366074e-05,/home/zyc/hcmc_v1_native_runs_20260922/H03_R2026092222/context_bank/source_update_0001/candidate_maps/snapshot_000001_quadtree_26_8_1_1.f32
HCMC_NATIVE_H03_R2026092222_NAV3_20260922T065119Z,1,quadtree_27_7_1_1,27,7,1,1,7.4000000953674316,0.38699996471405029,7.2949886322021484,0.30527561902999878,7.8723010304852293e-06,/home/zyc/hcmc_v1_native_runs_20260922/H03_R2026092222/context_bank/source_update_0001/candidate_maps/snapshot_000001_quadtree_27_7_1_1.f32
HCMC_NATIVE_H03_R2026092222_NAV3_20260922T065119Z,1,quadtree_27_8_1_1,27,8,1,1,7.4000000953674316,0.68700015544891357,7.2949886322021484,0.60527557134628296,2.1932204989545984e-05,/home/zyc/hcmc_v1_native_runs_20260922/H03_R2026092222/context_bank/source_update_0001/candidate_maps/snapshot_000001_quadtree_27_8_1_1.f32
HCMC_NATIVE_H03_R2026092222_NAV3_20260922T065119Z,1,quadtree_28_8_1_1,28,8,1,1,7.7000002861022949,0.68700015544891357,7.5949888229370117,0.60527557134628296,2.2519689572910623e-05,/home/zyc/hcmc_v1_native_runs_20260922/H03_R2026092222/context_bank/source_update_0001/candidate_maps/snapshot_000001_quadtree_28_8_1_1.f32
HCMC_NATIVE_H03_R2026092222_NAV3_20260922T065119Z,1,quadtree_26_7_1_1,26,7,1,1,7.1000003814697266,0.38699996471405029,6.9949884414672852,0.30527561902999878,8.3606212877065126e-06,/home/zyc/hcmc_v1_native_runs_20260922/H03_R2026092222/context_bank/source_update_0001/candidate_maps/snapshot_000001_quadtree_26_7_1_1.f32
HCMC_NATIVE_H03_R2026092222_NAV3_20260922T065119Z,1,quadtree_28_7_1_1,28,7,1,1,7.7000002861022949,0.38699996471405029,7.5949888229370117,0.30527561902999878,6.6997645319551253e-06,/home/zyc/hcmc_v1_native_runs_20260922/H03_R2026092222/context_bank/source_update_0001/candidate_maps/snapshot_000001_quadtree_28_7_1_1.f32
HCMC_NATIVE_H03_R2026092222_NAV3_20260922T065119Z,1,quadtree_25_9_1_1,25,9,1,1,6.8000001907348633,0.98700010776519775,6.6949887275695801,0.90527552366256714,1.397858247322314e-05,/home/zyc/hcmc_v1_native_runs_20260922/H03_R2026092222/context_bank/source_update_0001/candidate_maps/snapshot_000001_quadtree_25_9_1_1.f32
HCMC_NATIVE_H03_R2026092222_NAV3_20260922T065119Z,1,quadtree_29_9_1_1,29,9,1,1,8,0.98700010776519775,7.894989013671875,0.90527552366256714,1.1074203763096088e-05,/home/zyc/hcmc_v1_native_runs_20260922/H03_R2026092222/context_bank/source_update_0001/candidate_maps/snapshot_000001_quadtree_29_9_1_1.f32
HCMC_NATIVE_H03_R2026092222_NAV3_20260922T065119Z,1,quadtree_30_9_1_1,30,9,1,1,8.3000001907348633,0.98700010776519775,8.1949882507324219,0.90527552366256714,2.7659575135819843e-06,/home/zyc/hcmc_v1_native_runs_20260922/H03_R2026092222/context_bank/source_update_0001/candidate_maps/snapshot_000001_quadtree_30_9_1_1.f32
HCMC_NATIVE_H03_R2026092222_NAV3_20260922T065119Z,1,quadtree_24_9_1_1,24,9,1,1,6.5000004768371582,0.98700010776519775,6.3949885368347168,0.90527552366256714,2.1713721831209835e-06,/home/zyc/hcmc_v1_native_runs_20260922/H03_R2026092222/context_bank/source_update_0001/candidate_maps/snapshot_000001_quadtree_24_9_1_1.f32
HCMC_NATIVE_H03_R2026092222_NAV3_20260922T065119Z,1,quadtree_24_2_1_1,24,2,1,1,6.5000004768371582,-1.1130000352859497,6.3949885368347168,-1.194724440574646,2.3593030890003444e-06,/home/zyc/hcmc_v1_native_runs_20260922/H03_R2026092222/context_bank/source_update_0001/candidate_maps/snapshot_000001_quadtree_24_2_1_1.f32
HCMC_NATIVE_H03_R2026092222_NAV3_20260922T065119Z,1,quadtree_25_2_1_1,25,2,1,1,6.8000001907348633,-1.1130000352859497,6.6949887275695801,-1.194724440574646,9.7163537787587464e-06,/home/zyc/hcmc_v1_native_runs_20260922/H03_R2026092222/context_bank/source_update_0001/candidate_maps/snapshot_000001_quadtree_25_2_1_1.f32
HCMC_NATIVE_H03_R2026092222_NAV3_20260922T065119Z,1,quadtree_25_3_1_1,25,3,1,1,6.8000001907348633,-0.81299996376037598,6.6949887275695801,-0.89472448825836182,1.3311467606837251e-05,/home/zyc/hcmc_v1_native_runs_20260922/H03_R2026092222/context_bank/source_update_0001/candidate_maps/snapshot_000001_quadtree_25_3_1_1.f32
HCMC_NATIVE_H03_R2026092222_NAV3_20260922T065119Z,1,quadtree_24_3_1_1,24,3,1,1,6.5000004768371582,-0.81299996376037598,6.3949885368347168,-0.89472448825836182,1.7326159626692751e-06,/home/zyc/hcmc_v1_native_runs_20260922/H03_R2026092222/context_bank/source_update_0001/candidate_maps/snapshot_000001_quadtree_24_3_1_1.f32
HCMC_NATIVE_H03_R2026092222_NAV3_20260922T065119Z,1,quadtree_24_8_1_1,24,8,1,1,6.5000004768371582,0.68700015544891357,6.3949885368347168,0.60527557134628296,1.3876861269925644e-05,/home/zyc/hcmc_v1_native_runs_20260922/H03_R2026092222/context_bank/source_update_0001/candidate_maps/snapshot_000001_quadtree_24_8_1_1.f32
HCMC_NATIVE_H03_R2026092222_NAV3_20260922T065119Z,1,quadtree_28_1_1_1,28,1,1,1,7.7000002861022949,-1.4129999876022339,7.5949888229370117,-1.4947245121002197,5.7586703101447305e-06,/home/zyc/hcmc_v1_native_runs_20260922/H03_R2026092222/context_bank/source_update_0001/candidate_maps/snapshot_000001_quadtree_28_1_1_1.f32
HCMC_NATIVE_H03_R2026092222_NAV3_20260922T065119Z,1,quadtree_23_8_1_1,23,8,1,1,6.2000002861022949,0.68700015544891357,6.0949883460998535,0.60527557134628296,6.5671342051679913e-07,/home/zyc/hcmc_v1_native_runs_20260922/H03_R2026092222/context_bank/source_update_0001/candidate_maps/snapshot_000001_quadtree_23_8_1_1.f32
HCMC_NATIVE_H03_R2026092222_NAV3_20260922T065119Z,1,quadtree_29_1_1_1,29,1,1,1,8,-1.4129999876022339,7.894989013671875,-1.4947245121002197,1.8048363369673628e-06,/home/zyc/hcmc_v1_native_runs_20260922/H03_R2026092222/context_bank/source_update_0001/candidate_maps/snapshot_000001_quadtree_29_1_1_1.f32
