t_sim_s,step,x,y,z,yaw,vx,vy,vz
0.0,1,1.6572699546813965,-3.7008800506591797,0.4,1.5707963267948966,0.0,0.3499999999999999,0.0
0.2,2,1.6572699546813965,-3.63088005065918,0.4,1.5707963267948966,0.0,0.3499999999999999,0.0
0.4,3,1.697269811630249,-3.6008799076080322,0.4,0.0,0.35,0.0,0.0
0.6000000000000001,4,1.767269811630249,-3.6008799076080322,0.4,0.0,0.35,0.0,0.0
0.8,5,1.837269811630249,-3.6008799076080322,0.4,0.0,0.35,0.0,0.0
1.0,6,1.9072698116302491,-3.6008799076080322,0.4,0.0,0.35,0.0,0.0
1.2000000000000002,7,1.9572696685791016,-3.580879764556885,0.4,1.5707963267948966,0.0,0.35,0.0
1.4000000000000001,8,1.9572696685791016,-3.5108797645568846,0.4,1.5707963267948966,0.0,0.35,0.0
1.6,9,2.0172699069976807,-3.500880002975464,0.4,0.0,0.35,0.0,0.0
1.8,10,2.0872699069976806,-3.500880002975464,0.4,0.0,0.35,0.0,0.0
2.0,11,2.157269906997681,-3.500880002975464,0.4,0.0,0.35,0.0,0.0
2.2,12,2.1572699546813965,-3.4308800506591797,0.4,1.5707963267948966,0.0,0.3499999999999999,0.0
2.4000000000000004,13,2.1572699546813965,-3.36088005065918,0.4,1.5707963267948966,0.0,0.35,0.0
2.6,14,2.167269859313965,-3.300879955291748,0.4,0.0,0.35,0.0,0.0
2.8000000000000003,15,2.237269859313965,-3.300879955291748,0.4,0.0,0.35,0.0,0.0
3.0,16,2.257269859313965,-3.2508799552917482,0.4,1.5707963267948966,0.0,0.35,0.0
3.2,17,2.257269859313965,-3.180879955291748,0.4,1.5707963267948966,0.0,0.35,0.0
3.4000000000000004,18,2.257269859313965,-3.110879955291748,0.4,1.5707963267948966,0.0,0.35,0.0
3.6,19,2.317270050048828,-3.1008801460266113,0.4,0.0,0.35,0.0,0.0
3.8000000000000003,20,2.357269763946533,-3.0708798599243163,0.4,1.5707963267948966,0.0,0.35,0.0
4.0,21,2.357269763946533,-3.0008798599243165,0.4,1.5707963267948966,0.0,0.35,0.0
4.2,22,2.287269859313965,-3.0008797645568848,0.4,3.141592653589793,-0.35,0.0,0.0
4.4,23,2.257269859313965,-2.9608797645568847,0.4,1.5707963267948966,0.0,0.35,0.0
4.6000000000000005,24,2.247269763946533,-2.9008798599243164,0.4,3.141592653589793,-0.35,0.0,0.0
4.800000000000001,25,2.177269763946533,-2.9008798599243164,0.4,3.141592653589793,-0.35,0.0,0.0
5.0,26,2.1572699546813965,-2.9508800506591797,0.4,-1.5707963267948966,0.0,-0.35,0.0
5.2,27,2.1572699546813965,-3.0208800506591795,0.4,-1.5707963267948966,0.0,-0.35,0.0
5.4,28,2.1572699546813965,-3.0908800506591794,0.4,-1.5707963267948966,0.0,-0.35,0.0
5.6000000000000005,29,2.1572699546813965,-3.1608800506591797,0.4,-1.5707963267948966,0.0,-0.35,0.0
5.800000000000001,30,2.1272699546813962,-3.2008800506591797,0.4,3.141592653589793,-0.35,0.0,0.0
6.0,31,2.057270050048828,-3.200880146026611,0.4,-1.5707963267948966,0.0,-0.35,0.0
6.2,32,2.057270050048828,-3.2708801460266113,0.4,-1.5707963267948966,0.0,-0.35,0.0
6.4,33,2.057270050048828,-3.340880146026611,0.4,-1.5707963267948966,0.0,-0.35,0.0
6.6000000000000005,34,2.047269763946533,-3.4008798599243164,0.4,3.141592653589793,-0.35,0.0,0.0
6.800000000000001,35,1.9772697639465333,-3.4008798599243164,0.4,3.141592653589793,-0.35,0.0,0.0
7.0,36,1.9572696685791016,-3.3508799552917483,0.4,1.5707963267948966,0.0,0.35,0.0
7.2,37,1.9572696685791016,-3.280879955291748,0.4,1.5707963267948966,0.0,0.35,0.0
7.4,38,1.9572696685791016,-3.210879955291748,0.4,1.5707963267948966,0.0,0.35,0.0
7.6000000000000005,39,1.9572696685791016,-3.140879955291748,0.4,1.5707963267948966,0.0,0.35,0.0
7.800000000000001,40,1.9872698593139648,-3.1008801460266113,0.4,0.0,0.35,0.0,0.0
8.0,41,2.0572698593139647,-3.1008801460266113,0.4,0.0,0.35,0.0,0.0
8.200000000000001,42,2.057270050048828,-3.0308803367614745,0.4,1.5707963267948966,0.0,0.35,0.0
8.4,43,2.057270050048828,-2.9608803367614747,0.4,1.5707963267948966,0.0,0.35,0.0
8.6,44,2.057270050048828,-2.890880336761475,0.4,1.5707963267948966,0.0,0.35,0.0
8.8,45,2.057270050048828,-2.8208803367614745,0.4,1.5707963267948966,0.0,0.35,0.0
9.0,46,2.1072696685791015,-2.800879955291748,0.4,0.0,0.35,0.0,0.0
9.200000000000001,47,2.137270240783691,-2.800879955291748,0.4,3.141592653589793,-0.35,0.0,0.0
9.4,48,2.0672702407836914,-2.800879955291748,0.4,3.141592653589793,-0.35,0.0,0.0
9.600000000000001,49,2.057270050048828,-2.740880146026611,0.4,1.5707963267948966,0.0,0.35,0.0
9.8,50,2.0272701454162596,-2.7008800506591797,0.4,3.141592653589793,-0.35,0.0,0.0
10.0,51,1.9572701454162598,-2.7008800506591797,0.4,3.141592653589793,-0.35,0.0,0.0
10.200000000000001,52,1.9572696685791016,-2.7708795738220218,0.4,-1.5707963267948966,0.0,-0.35,0.0
10.4,53,1.9572696685791016,-2.840879573822021,0.4,-1.5707963267948966,0.0,-0.35,0.0
10.600000000000001,54,1.9572696685791016,-2.910879573822022,0.4,-1.5707963267948966,0.0,-0.35,0.0
10.8,55,1.9572696685791016,-2.9808795738220213,0.4,-1.5707963267948966,0.0,-0.35,0.0
11.0,56,1.9072698593139652,-3.0008797645568848,0.4,3.141592653589793,-0.35,0.0,0.0
11.200000000000001,57,1.8572697639465332,-3.020879669189453,0.4,-1.5707963267948966,0.0,-0.35,0.0
11.4,58,1.8572697639465332,-3.090879669189453,0.4,-1.5707963267948966,0.0,-0.35,0.0
11.600000000000001,59,1.8572697639465332,-3.1608796691894536,0.4,-1.5707963267948966,0.0,-0.35,0.0
11.8,60,1.8572697639465332,-3.230879669189453,0.4,-1.5707963267948966,0.0,-0.35,0.0
12.0,61,1.8572697639465332,-3.3008796691894524,0.4,-1.5707963267948966,0.0,-0.35,0.0
12.200000000000001,62,1.8572697639465332,-3.3708796691894536,0.4,-1.5707963267948966,0.0,-0.35,0.0
12.4,63,1.8572697639465332,-3.440879669189453,0.4,-1.5707963267948966,0.0,-0.3499999999999999,0.0
12.600000000000001,64,1.8472700977325438,-3.500880002975464,0.4,3.141592653589793,-0.35,0.0,0.0
12.8,65,1.7772700977325444,-3.500880002975464,0.4,3.141592653589793,-0.35,0.0,0.0
13.0,66,1.7572698593139648,-3.450880241394043,0.4,1.5707963267948966,0.0,0.3499999999999999,0.0
13.200000000000001,67,1.7572698593139648,-3.380880241394043,0.4,1.5707963267948966,0.0,0.35,0.0
13.4,68,1.7572698593139648,-3.3108802413940435,0.4,1.5707963267948966,0.0,0.35,0.0
13.600000000000001,69,1.7572698593139648,-3.240880241394043,0.4,1.5707963267948966,0.0,0.35,0.0
13.8,70,1.7572698593139648,-3.170880241394043,0.4,1.5707963267948966,0.0,0.35,0.0
14.0,71,1.7572698593139648,-3.1008802413940435,0.4,1.5707963267948966,0.0,0.35,0.0
14.200000000000001,72,1.7572698593139648,-3.030880241394043,0.4,1.5707963267948966,0.0,0.35,0.0
14.4,73,1.7572698593139648,-2.960880241394043,0.4,1.5707963267948966,0.0,0.35,0.0
14.600000000000001,74,1.7672694778442386,-2.9008798599243164,0.4,0.0,0.35,0.0,0.0
14.8,75,1.837269477844238,-2.9008798599243164,0.4,0.0,0.35,0.0,0.0
15.0,76,1.8572697639465332,-2.8508801460266113,0.4,1.5707963267948966,0.0,0.35,0.0
15.200000000000001,77,1.8572697639465332,-2.780880146026611,0.4,1.5707963267948966,0.0,0.35,0.0
15.4,78,1.8572697639465332,-2.7108801460266116,0.4,1.5707963267948966,0.0,0.35,0.0
15.600000000000001,79,1.8572697639465332,-2.6408801460266114,0.4,1.5707963267948966,0.0,0.35,0.0
15.8,80,1.8872697639465335,-2.6008801460266113,0.4,0.0,0.35,0.0,0.0
16.0,81,1.9572696685791016,-2.60088005065918,0.4,1.5707963267948966,0.0,0.35,0.0
16.2,82,1.9572696685791016,-2.5308800506591806,0.4,1.5707963267948966,0.0,0.35,0.0
16.400000000000002,83,1.9572696685791016,-2.4608800506591795,0.4,1.5707963267948966,0.0,0.35,0.0
16.6,84,1.9472698593139643,-2.4008798599243164,0.4,3.141592653589793,-0.35,0.0,0.0
16.8,85,1.877269859313965,-2.4008798599243164,0.4,3.141592653589793,-0.35,0.0,0.0
17.0,86,1.8572697639465332,-2.450879764556884,0.4,-1.5707963267948966,0.0,-0.35,0.0
17.2,87,1.8372697639465336,-2.5008797645568848,0.4,3.141592653589793,-0.35,0.0,0.0
17.400000000000002,88,1.7672697639465325,-2.5008797645568848,0.4,3.141592653589793,-0.35,0.0,0.0
17.6,89,1.7572698593139648,-2.5608798599243165,0.4,-1.5707963267948966,0.0,-0.35,0.0
17.8,90,1.7572698593139648,-2.630879859924316,0.4,-1.5707963267948966,0.0,-0.35,0.0
18.0,91,1.7572698593139648,-2.7008798599243162,0.4,-1.5707963267948966,0.0,-0.35,0.0
18.2,92,1.7572698593139648,-2.7708798599243156,0.4,-1.5707963267948966,0.0,-0.35,0.0
18.400000000000002,93,1.717269954681396,-2.800879955291748,0.4,3.141592653589793,-0.35,0.0,0.0
18.6,94,1.6572699546813965,-2.810879955291748,0.4,-1.5707963267948966,0.0,-0.35,0.0
18.8,95,1.6572699546813965,-2.880879955291748,0.4,-1.5707963267948966,0.0,-0.35,0.0
19.0,96,1.6572699546813965,-2.9508799552917475,0.4,-1.5707963267948966,0.0,-0.35,0.0
19.200000000000003,97,1.6572699546813965,-3.0208799552917487,0.4,-1.5707963267948966,0.0,-0.35,0.0
19.400000000000002,98,1.6572699546813965,-3.090879955291748,0.4,-1.5707963267948966,0.0,-0.35,0.0
19.6,99,1.6572699546813965,-3.1608799552917484,0.4,-1.5707963267948966,0.0,-0.35,0.0
19.8,100,1.6572699546813965,-3.2308799552917478,0.4,-1.5707963267948966,0.0,-0.35,0.0
20.0,101,1.6572699546813965,-3.300879955291748,0.4,-1.5707963267948966,0.0,-0.35,0.0
20.200000000000003,102,1.6572699546813965,-3.3708799552917483,0.4,-1.5707963267948966,0.0,-0.35,0.0
20.400000000000002,103,1.6572699546813965,-3.4408799552917486,0.4,-1.5707963267948966,0.0,-0.3499999999999999,0.0
20.6,104,1.6472700023651123,-3.500880002975464,0.4,3.141592653589793,-0.35,0.0,0.0
20.8,105,1.577270002365113,-3.500880002975464,0.4,3.141592653589793,-0.35,0.0,0.0
21.0,106,1.5572700500488281,-3.5508800506591793,0.4,-1.5707963267948966,0.0,-0.35,0.0
21.200000000000003,107,1.5572700500488281,-3.6208800506591805,0.4,-1.5707963267948966,0.0,-0.3499999999999999,0.0
21.400000000000002,108,1.5572700500488281,-3.69088005065918,0.4,-1.5707963267948966,0.0,-0.3499999999999999,0.0
21.6,109,1.4972700500488285,-3.7008800506591797,0.4,3.141592653589793,-0.35,0.0,0.0
21.8,110,1.4572696685791016,-3.6708804321289064,0.4,1.5707963267948966,0.0,0.3499999999999999,0.0
22.0,111,1.4572696685791016,-3.600880432128907,0.4,1.5707963267948966,0.0,0.3499999999999999,0.0
22.200000000000003,112,1.4572696685791016,-3.530880432128906,0.4,1.5707963267948966,0.0,0.35,0.0
22.400000000000002,113,1.4572696685791016,-3.4608804321289064,0.4,1.5707963267948966,0.0,0.3499999999999999,0.0
22.6,114,1.4672690963745119,-3.4008798599243164,0.4,0.0,0.35,0.0,0.0
22.8,115,1.5372690963745113,-3.4008798599243164,0.4,0.0,0.35,0.0,0.0
23.0,116,1.5572700500488281,-3.350880813598634,0.4,1.5707963267948966,0.0,0.35,0.0
23.200000000000003,117,1.5572700500488281,-3.280880813598632,0.4,1.5707963267948966,0.0,0.35,0.0
23.400000000000002,118,1.5572700500488281,-3.2108808135986333,0.4,1.5707963267948966,0.0,0.35,0.0
23.6,119,1.5572700500488281,-3.140880813598633,0.4,1.5707963267948966,0.0,0.35,0.0
23.8,120,1.5572700500488281,-3.0708808135986327,0.4,1.5707963267948966,0.0,0.35,0.0
24.0,121,1.5572700500488281,-3.0008808135986342,0.4,1.5707963267948966,0.0,0.35,0.0
24.200000000000003,122,1.5572700500488281,-2.930880813598632,0.4,1.5707963267948966,0.0,0.35,0.0
24.400000000000002,123,1.5572700500488281,-2.860880813598632,0.4,1.5707963267948966,0.0,0.35,0.0
24.6,124,1.5572700500488281,-2.7908808135986334,0.4,1.5707963267948966,0.0,0.35,0.0
24.8,125,1.5572700500488281,-2.720880813598633,0.4,1.5707963267948966,0.0,0.35,0.0
25.0,126,1.607269287109375,-2.7008800506591797,0.4,0.0,0.35,0.0,0.0
25.200000000000003,127,1.6572699546813965,-2.680880718231201,0.4,1.5707963267948966,0.0,0.35,0.0
25.400000000000002,128,1.6572699546813965,-2.6108807182312006,0.4,1.5707963267948966,0.0,0.35,0.0
25.6,129,1.6572699546813965,-2.540880718231202,0.4,1.5707963267948966,0.0,0.35,0.0
25.8,130,1.6572699546813965,-2.470880718231202,0.4,1.5707963267948966,0.0,0.35,0.0
26.0,131,1.6572699546813965,-2.4008807182312015,0.4,1.5707963267948966,0.0,0.35,0.0
26.200000000000003,132,1.7272690963745116,-2.4008798599243164,0.4,0.0,0.35,0.0,0.0
26.400000000000002,133,1.7572698593139648,-2.3608806228637693,0.4,1.5707963267948966,0.0,0.35,0.0
26.6,134,1.7672691917419439,-2.300879955291748,0.4,0.0,0.35,0.0,0.0
26.8,135,1.8372691917419424,-2.300879955291748,0.4,0.0,0.35,0.0,0.0
27.0,136,1.8572697639465332,-2.2508805274963386,0.4,1.5707963267948966,0.0,0.35,0.0
27.200000000000003,137,1.8372702407836918,-2.2008800506591797,0.4,3.141592653589793,-0.35,0.0,0.0
27.400000000000002,138,1.7672702407836915,-2.2008800506591797,0.4,3.141592653589793,-0.35,0.0,0.0
27.6,139,1.6972702407836913,-2.2008800506591797,0.4,3.141592653589793,-0.35,0.0,0.0
27.8,140,1.6572699546813965,-2.230879764556885,0.4,-1.5707963267948966,0.0,-0.35,0.0
28.0,141,1.6572699546813965,-2.3008797645568837,0.4,-1.5707963267948966,0.0,-0.35,0.0
28.200000000000003,142,1.5872701454162588,-2.300879955291748,0.4,3.141592653589793,-0.35,0.0,0.0
28.400000000000002,143,1.5572700500488281,-2.340879859924316,0.4,-1.5707963267948966,0.0,-0.35,0.0
28.6,144,1.5572700500488281,-2.410879859924316,0.4,-1.5707963267948966,0.0,-0.35,0.0
28.8,145,1.5572700500488281,-2.4808798599243165,0.4,-1.5707963267948966,0.0,-0.35,0.0
29.0,146,1.5572700500488281,-2.550879859924315,0.4,-1.5707963267948966,0.0,-0.35,0.0
29.200000000000003,147,1.5372703361511224,-2.6008801460266113,0.4,3.141592653589793,-0.35,0.0,0.0
29.400000000000002,148,1.4672703361511221,-2.6008801460266113,0.4,3.141592653589793,-0.35,0.0,0.0
29.6,149,1.4572696685791016,-2.6608794784545893,0.4,-1.5707963267948966,0.0,-0.35,0.0
29.8,150,1.4572696685791016,-2.7308794784545896,0.4,-1.5707963267948966,0.0,-0.35,0.0
30.0,151,1.4572696685791016,-2.80087947845459,0.4,-1.5707963267948966,0.0,-0.35,0.0
30.200000000000003,152,1.4572696685791016,-2.87087947845459,0.4,-1.5707963267948966,0.0,-0.35,0.0
30.400000000000002,153,1.4572696685791016,-2.9408794784545904,0.4,-1.5707963267948966,0.0,-0.35,0.0
30.6,154,1.4572696685791016,-3.010879478454589,0.4,-1.5707963267948966,0.0,-0.35,0.0
30.8,155,1.4572696685791016,-3.080879478454589,0.4,-1.5707963267948966,0.0,-0.35,0.0
31.0,156,1.4572696685791016,-3.1508794784545895,0.4,-1.5707963267948966,0.0,-0.35,0.0
31.200000000000003,157,1.4572696685791016,-3.2208794784545898,0.4,-1.5707963267948966,0.0,-0.35,0.0
31.400000000000002,158,1.4572696685791016,-3.29087947845459,0.4,-1.5707963267948966,0.0,-0.35,0.0
31.6,159,1.3972701454162593,-3.300879955291748,0.4,3.141592653589793,-0.35,0.0,0.0
31.8,160,1.3572697639465332,-3.3308795738220205,0.4,-1.5707963267948966,0.0,-0.35,0.0
32.0,161,1.3572697639465332,-3.4008795738220208,0.4,-1.5707963267948966,0.0,-0.35,0.0
32.2,162,1.3572697639465332,-3.470879573822021,0.4,-1.5707963267948966,0.0,-0.3499999999999999,0.0
32.4,163,1.3572697639465332,-3.5408795738220196,0.4,-1.5707963267948966,0.0,-0.35,0.0
32.6,164,1.3572697639465332,-3.6108795738220216,0.4,-1.5707963267948966,0.0,-0.3499999999999999,0.0
32.800000000000004,165,1.3572697639465332,-3.680879573822022,0.4,-1.5707963267948966,0.0,-0.3499999999999999,0.0
33.0,166,1.3572697639465332,-3.7508795738220204,0.4,-1.5707963267948966,0.0,-0.35,0.0
33.2,167,1.3572697639465332,-3.8208795738220225,0.4,-1.5707963267948966,0.0,-0.3499999999999999,0.0
33.4,168,1.3572697639465332,-3.890879573822021,0.4,-1.5707963267948966,0.0,-0.3499999999999999,0.0
33.6,169,1.3572697639465332,-3.9608795738220213,0.4,-1.5707963267948966,0.0,-0.3499999999999999,0.0
33.800000000000004,170,1.3272704315185546,-4.000880241394043,0.4,3.141592653589793,-0.35,0.0,0.0
34.0,171,1.257270431518556,-4.000880241394043,0.4,3.141592653589793,-0.35,0.0,0.0
34.2,172,1.2572698593139648,-4.070879669189454,0.4,-1.5707963267948966,0.0,-0.35,0.0
34.4,173,1.2172698593139657,-4.100879669189453,0.4,3.141592653589793,-0.35,0.0,0.0
34.6,174,1.1572699546813965,-4.090879573822022,0.4,1.5707963267948966,0.0,0.35,0.0
34.800000000000004,175,1.1572699546813965,-4.02087957382202,0.4,1.5707963267948966,0.0,0.35,0.0
35.0,176,1.1572699546813965,-3.9508795738220215,0.4,1.5707963267948966,0.0,0.3499999999999999,0.0
35.2,177,1.1772704792022708,-3.9008800983428955,0.4,0.0,0.35,0.0,0.0
35.4,178,1.2472704792022693,-3.9008800983428955,0.4,0.0,0.35,0.0,0.0
35.6,179,1.2572698593139648,-3.8408794784545908,0.4,1.5707963267948966,0.0,0.3499999999999999,0.0
35.800000000000004,180,1.2572698593139648,-3.7708794784545887,0.4,1.5707963267948966,0.0,0.35,0.0
36.0,181,1.2572698593139648,-3.70087947845459,0.4,1.5707963267948966,0.0,0.3499999999999999,0.0
36.2,182,1.2572698593139648,-3.63087947845459,0.4,1.5707963267948966,0.0,0.3499999999999999,0.0
36.4,183,1.2572698593139648,-3.5608794784545914,0.4,1.5707963267948966,0.0,0.35,0.0
36.6,184,1.2572698593139648,-3.4908794784545893,0.4,1.5707963267948966,0.0,0.3499999999999999,0.0
36.800000000000004,185,1.2572698593139648,-3.420879478454589,0.4,1.5707963267948966,0.0,0.3499999999999999,0.0
37.0,186,1.2572698593139648,-3.3508794784545906,0.4,1.5707963267948966,0.0,0.35,0.0
37.2,187,1.2572698593139648,-3.2808794784545903,0.4,1.5707963267948966,0.0,0.35,0.0
37.4,188,1.2572698593139648,-3.2108794784545918,0.4,1.5707963267948966,0.0,0.35,0.0
37.6,189,1.3172704315185548,-3.2008800506591797,0.4,0.0,0.35,0.0,0.0
37.800000000000004,190,1.3572697639465332,-3.1708793830871578,0.4,1.5707963267948966,0.0,0.35,0.0
38.0,191,1.3572697639465332,-3.1008793830871593,0.4,1.5707963267948966,0.0,0.35,0.0
38.2,192,1.3572697639465332,-3.030879383087157,0.4,1.5707963267948966,0.0,0.35,0.0
38.400000000000006,193,1.3572697639465332,-2.960879383087157,0.4,1.5707963267948966,0.0,0.35,0.0
38.6,194,1.3572697639465332,-2.8908793830871584,0.4,1.5707963267948966,0.0,0.35,0.0
38.800000000000004,195,1.3572697639465332,-2.820879383087158,0.4,1.5707963267948966,0.0,0.35,0.0
39.0,196,1.3572697639465332,-2.7508793830871596,0.4,1.5707963267948966,0.0,0.35,0.0
39.2,197,1.3572697639465332,-2.6808793830871576,0.4,1.5707963267948966,0.0,0.35,0.0
39.400000000000006,198,1.3572697639465332,-2.6108793830871573,0.4,1.5707963267948966,0.0,0.35,0.0
39.6,199,1.3572697639465332,-2.5408793830871588,0.4,1.5707963267948966,0.0,0.35,0.0
39.800000000000004,200,1.3872701454162613,-2.5008797645568848,0.4,0.0,0.35,0.0,0.0
40.0,201,1.4572696685791016,-2.5008792877197266,0.4,1.5707963267948966,0.0,0.35,0.0
40.2,202,1.4572696685791016,-2.4308792877197263,0.4,1.5707963267948966,0.0,0.35,0.0
40.400000000000006,203,1.4572696685791016,-2.360879287719726,0.4,1.5707963267948966,0.0,0.35,0.0
40.6,204,1.4572696685791016,-2.2908792877197275,0.4,1.5707963267948966,0.0,0.35,0.0
40.800000000000004,205,1.4572696685791016,-2.2208792877197254,0.4,1.5707963267948966,0.0,0.35,0.0
41.0,206,1.5072704315185543,-2.2008800506591797,0.4,0.0,0.35,0.0,0.0
41.2,207,1.5372696685791016,-2.2008800506591797,0.4,3.141592653589793,-0.35,0.0,0.0
41.400000000000006,208,1.4672696685791013,-2.2008800506591797,0.4,3.141592653589793,-0.35,0.0,0.0
41.6,209,1.3972696685791028,-2.2008800506591797,0.4,3.141592653589793,-0.35,0.0,0.0
41.800000000000004,210,1.3572697639465332,-2.230880146026612,0.4,-1.5707963267948966,0.0,-0.35,0.0
42.0,211,1.3572697639465332,-2.3008801460266106,0.4,-1.5707963267948966,0.0,-0.35,0.0
42.2,212,1.3572697639465332,-2.370880146026611,0.4,-1.5707963267948966,0.0,-0.35,0.0
42.400000000000006,213,1.3172694778442366,-2.4008798599243164,0.4,3.141592653589793,-0.35,0.0,0.0
42.6,214,1.2572698593139648,-2.410880241394043,0.4,-1.5707963267948966,0.0,-0.35,0.0
42.800000000000004,215,1.2572698593139648,-2.4808802413940434,0.4,-1.5707963267948966,0.0,-0.35,0.0
43.0,216,1.2572698593139648,-2.550880241394042,0.4,-1.5707963267948966,0.0,-0.35,0.0
43.2,217,1.2572698593139648,-2.620880241394042,0.4,-1.5707963267948966,0.0,-0.35,0.0
43.400000000000006,218,1.2572698593139648,-2.6908802413940442,0.4,-1.5707963267948966,0.0,-0.35,0.0
43.6,219,1.2572698593139648,-2.7608802413940428,0.4,-1.5707963267948966,0.0,-0.35,0.0
43.800000000000004,220,1.2572698593139648,-2.830880241394043,0.4,-1.5707963267948966,0.0,-0.35,0.0
44.0,221,1.2572698593139648,-2.9008802413940415,0.4,-1.5707963267948966,0.0,-0.35,0.0
44.2,222,1.2572698593139648,-2.9708802413940436,0.4,-1.5707963267948966,0.0,-0.35,0.0
44.400000000000006,223,1.2572698593139648,-3.040880241394044,0.4,-1.5707963267948966,0.0,-0.35,0.0
44.6,224,1.2472697639465338,-3.1008801460266113,0.4,3.141592653589793,-0.35,0.0,0.0
44.800000000000004,225,1.1772697639465335,-3.1008801460266113,0.4,3.141592653589793,-0.35,0.0,0.0
45.0,226,1.1572699546813965,-3.150880336761473,0.4,-1.5707963267948966,0.0,-0.35,0.0
45.2,227,1.1572699546813965,-3.220880336761475,0.4,-1.5707963267948966,0.0,-0.35,0.0
45.400000000000006,228,1.1572699546813965,-3.290880336761475,0.4,-1.5707963267948966,0.0,-0.35,0.0
45.6,229,1.1572699546813965,-3.3608803367614737,0.4,-1.5707963267948966,0.0,-0.35,0.0
45.800000000000004,230,1.1572699546813965,-3.4308803367614757,0.4,-1.5707963267948966,0.0,-0.3499999999999999,0.0
46.0,231,1.1572699546813965,-3.5008803367614725,0.4,-1.5707963267948966,0.0,-0.35,0.0
46.2,232,1.1572699546813965,-3.5708803367614763,0.4,-1.5707963267948966,0.0,-0.35,0.0
46.400000000000006,233,1.1572699546813965,-3.6408803367614766,0.4,-1.5707963267948966,0.0,-0.3499999999999999,0.0
46.6,234,1.1572699546813965,-3.7108803367614733,0.4,-1.5707963267948966,0.0,-0.35,0.0
46.800000000000004,235,1.1572699546813965,-3.7808803367614736,0.4,-1.5707963267948966,0.0,-0.35,0.0
47.0,236,1.1072695732116706,-3.800879955291748,0.4,3.141592653589793,-0.35,0.0,0.0
47.2,237,1.0572700500488281,-3.820880432128906,0.4,-1.5707963267948966,0.0,-0.3499999999999999,0.0
47.400000000000006,238,1.0572700500488281,-3.890880432128906,0.4,-1.5707963267948966,0.0,-0.3499999999999999,0.0
47.6,239,1.0572700500488281,-3.9608804321289064,0.4,-1.5707963267948966,0.0,-0.3499999999999999,0.0
47.800000000000004,240,1.0272698593139644,-4.000880241394043,0.4,3.141592653589793,-0.35,0.0,0.0
48.0,241,0.9572698593139677,-4.000880241394043,0.4,3.141592653589793,-0.35,0.0,0.0
48.2,242,0.9572696685791016,-3.9308804321289053,0.4,1.5707963267948966,0.0,0.3499999999999999,0.0
48.400000000000006,243,0.9572696685791016,-3.860880432128905,0.4,1.5707963267948966,0.0,0.3499999999999999,0.0
48.6,244,0.9572696685791016,-3.7908804321289082,0.4,1.5707963267948966,0.0,0.35,0.0
48.800000000000004,245,0.9572696685791016,-3.7208804321289044,0.4,1.5707963267948966,0.0,0.35,0.0
49.0,246,1.0072692871093736,-3.7008800506591797,0.4,0.0,0.35,0.0,0.0
49.2,247,1.0572700500488281,-3.680880813598634,0.4,1.5707963267948966,0.0,0.3499999999999999,0.0
49.400000000000006,248,1.0572700500488281,-3.6108808135986337,0.4,1.5707963267948966,0.0,0.3499999999999999,0.0
49.6,249,1.0572700500488281,-3.5408808135986334,0.4,1.5707963267948966,0.0,0.35,0.0
49.800000000000004,250,1.0572700500488281,-3.470880813598633,0.4,1.5707963267948966,0.0,0.3499999999999999,0.0
50.0,251,1.0572700500488281,-3.400880813598633,0.4,1.5707963267948966,0.0,0.3499999999999999,0.0
50.2,252,1.0572700500488281,-3.3308808135986325,0.4,1.5707963267948966,0.0,0.35,0.0
50.400000000000006,253,1.0572700500488281,-3.2608808135986322,0.4,1.5707963267948966,0.0,0.35,0.0
50.6,254,1.0572700500488281,-3.190880813598632,0.4,1.5707963267948966,0.0,0.35,0.0
50.800000000000004,255,1.0572700500488281,-3.1208808135986317,0.4,1.5707963267948966,0.0,0.35,0.0
51.0,256,1.0572700500488281,-3.050880813598635,0.4,1.5707963267948966,0.0,0.35,0.0
51.2,257,1.0772690010070782,-3.0008797645568848,0.4,0.0,0.35,0.0,0.0
51.400000000000006,258,1.147269001007082,-3.0008797645568848,0.4,0.0,0.35,0.0,0.0
51.6,259,1.1572699546813965,-2.9408807182312025,0.4,1.5707963267948966,0.0,0.35,0.0
51.800000000000004,260,1.1572699546813965,-2.870880718231202,0.4,1.5707963267948966,0.0,0.35,0.0
52.0,261,1.1572699546813965,-2.800880718231202,0.4,1.5707963267948966,0.0,0.35,0.0
52.2,262,1.1572699546813965,-2.7308807182312016,0.4,1.5707963267948966,0.0,0.35,0.0
52.400000000000006,263,1.1572699546813965,-2.6608807182312013,0.4,1.5707963267948966,0.0,0.35,0.0
52.6,264,1.1572699546813965,-2.590880718231201,0.4,1.5707963267948966,0.0,0.35,0.0
52.800000000000004,265,1.1572699546813965,-2.5208807182312007,0.4,1.5707963267948966,0.0,0.35,0.0
53.0,266,1.1572699546813965,-2.450880718231204,0.4,1.5707963267948966,0.0,0.35,0.0
53.2,267,1.1572699546813965,-2.3808807182312,0.4,1.5707963267948966,0.0,0.35,0.0
53.400000000000006,268,1.1572699546813965,-2.3108807182312,0.4,1.5707963267948966,0.0,0.35,0.0
53.6,269,1.2172691917419414,-2.300879955291748,0.4,0.0,0.35,0.0,0.0
53.800000000000004,270,1.2572698593139648,-2.2708806228637677,0.4,1.5707963267948966,0.0,0.35,0.0
54.0,271,1.2572698593139648,-2.200880622863771,0.4,1.5707963267948966,0.0,0.35,0.0
54.2,272,1.1872704315185558,-2.2008800506591797,0.4,3.141592653589793,-0.35,0.0,0.0
54.400000000000006,273,1.1172704315185555,-2.2008800506591797,0.4,3.141592653589793,-0.35,0.0,0.0
54.6,274,1.0572700500488281,-2.2108796691894526,0.4,-1.5707963267948966,0.0,-0.35,0.0
54.800000000000004,275,1.0572700500488281,-2.280879669189453,0.4,-1.5707963267948966,0.0,-0.35,0.0
55.0,276,1.0572700500488281,-2.350879669189453,0.4,-1.5707963267948966,0.0,-0.35,0.0
55.2,277,1.0572700500488281,-2.4208796691894534,0.4,-1.5707963267948966,0.0,-0.35,0.0
55.400000000000006,278,1.0572700500488281,-2.4908796691894537,0.4,-1.5707963267948966,0.0,-0.35,0.0
55.6,279,1.0572700500488281,-2.560879669189454,0.4,-1.5707963267948966,0.0,-0.35,0.0
55.800000000000004,280,1.0572700500488281,-2.6308796691894543,0.4,-1.5707963267948966,0.0,-0.35,0.0
56.0,281,1.0572700500488281,-2.700879669189451,0.4,-1.5707963267948966,0.0,-0.35,0.0
56.2,282,1.0572700500488281,-2.7708796691894513,0.4,-1.5707963267948966,0.0,-0.35,0.0
56.400000000000006,283,1.0572700500488281,-2.840879669189455,0.4,-1.5707963267948966,0.0,-0.35,0.0
56.6,284,1.0472702407836927,-2.9008798599243164,0.4,3.141592653589793,-0.35,0.0,0.0
56.800000000000004,285,0.9772702407836924,-2.9008798599243164,0.4,3.141592653589793,-0.35,0.0,0.0
57.0,286,0.9572696685791016,-2.950879287719726,0.4,-1.5707963267948966,0.0,-0.35,0.0
57.2,287,0.9572696685791016,-3.020879287719726,0.4,-1.5707963267948966,0.0,-0.35,0.0
57.400000000000006,288,0.9572696685791016,-3.0908792877197264,0.4,-1.5707963267948966,0.0,-0.35,0.0
57.6,289,0.9572696685791016,-3.1608792877197267,0.4,-1.5707963267948966,0.0,-0.35,0.0
57.800000000000004,290,0.9572696685791016,-3.230879287719727,0.4,-1.5707963267948966,0.0,-0.35,0.0
58.0,291,0.9572696685791016,-3.3008792877197237,0.4,-1.5707963267948966,0.0,-0.35,0.0
58.2,292,0.9572696685791016,-3.3708792877197276,0.4,-1.5707963267948966,0.0,-0.35,0.0
58.400000000000006,293,0.9572696685791016,-3.440879287719728,0.4,-1.5707963267948966,0.0,-0.3499999999999999,0.0
58.6,294,0.9572696685791016,-3.5108792877197246,0.4,-1.5707963267948966,0.0,-0.35,0.0
58.800000000000004,295,0.9572696685791016,-3.5808792877197284,0.4,-1.5707963267948966,0.0,-0.35,0.0
59.0,296,0.9072702884674086,-3.6008799076080322,0.4,3.141592653589793,-0.35,0.0,0.0
59.2,297,0.8572697639465332,-3.620879383087157,0.4,-1.5707963267948966,0.0,-0.3499999999999999,0.0
59.400000000000006,298,0.8572697639465332,-3.6908793830871574,0.4,-1.5707963267948966,0.0,-0.3499999999999999,0.0
59.6,299,0.8572697639465332,-3.7608793830871576,0.4,-1.5707963267948966,0.0,-0.35,0.0
59.800000000000004,300,0.8572697639465332,-3.830879383087158,0.4,-1.5707963267948966,0.0,-0.3499999999999999,0.0
60.0,301,0.8572697639465332,-3.900879383087158,0.4,-1.5707963267948966,0.0,-0.3499999999999999,0.0
60.2,302,0.8572697639465332,-3.9708793830871585,0.4,-1.5707963267948966,0.0,-0.3499999999999999,0.0
60.400000000000006,303,0.8172706222534174,-4.000880241394043,0.4,3.141592653589793,-0.35,0.0,0.0
60.6,304,0.7572698593139648,-3.9908810043334952,0.4,1.5707963267948966,0.0,0.3499999999999999,0.0
60.800000000000004,305,0.7572698593139648,-3.920881004333495,0.4,1.5707963267948966,0.0,0.3499999999999999,0.0
61.0,306,0.7572698593139648,-3.8508810043334982,0.4,1.5707963267948966,0.0,0.3499999999999999,0.0
61.2,307,0.7572698593139648,-3.780881004333498,0.4,1.5707963267948966,0.0,0.35,0.0
61.400000000000006,308,0.7572698593139648,-3.710881004333494,0.4,1.5707963267948966,0.0,0.35,0.0
61.6,309,0.7572698593139648,-3.6408810043334974,0.4,1.5707963267948966,0.0,0.3499999999999999,0.0
61.800000000000004,310,0.7572698593139648,-3.570881004333497,0.4,1.5707963267948966,0.0,0.35,0.0
62.0,311,0.7572698593139648,-3.500881004333497,0.4,1.5707963267948966,0.0,0.35,0.0
62.2,312,0.8272688579559322,-3.500880002975464,0.4,0.0,0.35,0.0,0.0
62.400000000000006,313,0.8572697639465332,-3.4608809089660646,0.4,1.5707963267948966,0.0,0.3499999999999999,0.0
62.6,314,0.8572697639465332,-3.3908809089660643,0.4,1.5707963267948966,0.0,0.35,0.0
62.800000000000004,315,0.8572697639465332,-3.320880908966064,0.4,1.5707963267948966,0.0,0.35,0.0
63.0,316,0.8572697639465332,-3.2508809089660673,0.4,1.5707963267948966,0.0,0.35,0.0
63.2,317,0.8572697639465332,-3.1808809089660635,0.4,1.5707963267948966,0.0,0.35,0.0
63.400000000000006,318,0.8572697639465332,-3.110880908966063,0.4,1.5707963267948966,0.0,0.35,0.0
63.6,319,0.8572697639465332,-3.0408809089660664,0.4,1.5707963267948966,0.0,0.35,0.0
63.800000000000004,320,0.8572697639465332,-2.9708809089660626,0.4,1.5707963267948966,0.0,0.35,0.0
64.0,321,0.8572697639465332,-2.900880908966066,0.4,1.5707963267948966,0.0,0.35,0.0
64.2,322,0.8572697639465332,-2.8308809089660656,0.4,1.5707963267948966,0.0,0.35,0.0
64.4,323,0.8972688102722159,-2.800879955291748,0.4,0.0,0.35,0.0,0.0
64.60000000000001,324,0.9572696685791016,-2.79088081359863,0.4,1.5707963267948966,0.0,0.35,0.0
64.8,325,0.9572696685791016,-2.7208808135986366,0.4,1.5707963267948966,0.0,0.35,0.0
65.0,326,0.9572696685791016,-2.650880813598633,0.4,1.5707963267948966,0.0,0.35,0.0
65.2,327,0.9572696685791016,-2.5808808135986325,0.4,1.5707963267948966,0.0,0.35,0.0
65.4,328,0.9572696685791016,-2.5108808135986322,0.4,1.5707963267948966,0.0,0.35,0.0
65.60000000000001,329,0.9572696685791016,-2.440880813598632,0.4,1.5707963267948966,0.0,0.35,0.0
65.8,330,0.9572696685791016,-2.3708808135986352,0.4,1.5707963267948966,0.0,0.35,0.0
66.0,331,0.9572696685791016,-2.300880813598635,0.4,1.5707963267948966,0.0,0.35,0.0
66.2,332,0.9572696685791016,-2.2308808135986347,0.4,1.5707963267948966,0.0,0.35,0.0
66.4,333,0.9172704315185527,-2.2008800506591797,0.4,3.141592653589793,-0.35,0.0,0.0
66.60000000000001,334,0.8572697639465332,-2.2108793830871605,0.4,-1.5707963267948966,0.0,-0.35,0.0
66.8,335,0.8572697639465332,-2.280879383087157,0.4,-1.5707963267948966,0.0,-0.35,0.0
67.0,336,0.8572697639465332,-2.3508793830871575,0.4,-1.5707963267948966,0.0,-0.35,0.0
67.2,337,0.8572697639465332,-2.4208793830871578,0.4,-1.5707963267948966,0.0,-0.35,0.0
67.4,338,0.8572697639465332,-2.490879383087158,0.4,-1.5707963267948966,0.0,-0.35,0.0
67.60000000000001,339,0.8572697639465332,-2.5608793830871583,0.4,-1.5707963267948966,0.0,-0.35,0.0
67.8,340,0.8572697639465332,-2.630879383087155,0.4,-1.5707963267948966,0.0,-0.35,0.0
68.0,341,0.8572697639465332,-2.7008793830871554,0.4,-1.5707963267948966,0.0,-0.35,0.0
68.2,342,0.7872704315185537,-2.7008800506591797,0.4,3.141592653589793,-0.35,0.0,0.0
68.4,343,0.7572698593139648,-2.740879478454591,0.4,-1.5707963267948966,0.0,-0.35,0.0
68.60000000000001,344,0.7572698593139648,-2.8108794784545914,0.4,-1.5707963267948966,0.0,-0.35,0.0
68.8,345,0.7572698593139648,-2.880879478454588,0.4,-1.5707963267948966,0.0,-0.35,0.0
69.0,346,0.7572698593139648,-2.9508794784545884,0.4,-1.5707963267948966,0.0,-0.35,0.0
69.2,347,0.7572698593139648,-3.0208794784545887,0.4,-1.5707963267948966,0.0,-0.35,0.0
69.4,348,0.7572698593139648,-3.090879478454589,0.4,-1.5707963267948966,0.0,-0.35,0.0
69.60000000000001,349,0.7572698593139648,-3.160879478454593,0.4,-1.5707963267948966,0.0,-0.35,0.0
69.8,350,0.7572698593139648,-3.230879478454586,0.4,-1.5707963267948966,0.0,-0.35,0.0
70.0,351,0.7572698593139648,-3.30087947845459,0.4,-1.5707963267948966,0.0,-0.35,0.0
70.2,352,0.7572698593139648,-3.37087947845459,0.4,-1.5707963267948966,0.0,-0.35,0.0
70.4,353,0.7172702407836908,-3.4008798599243164,0.4,3.141592653589793,-0.35,0.0,0.0
70.60000000000001,354,0.6572699546813965,-3.4108795738220223,0.4,-1.5707963267948966,0.0,-0.3499999999999999,0.0
70.8,355,0.6572699546813965,-3.480879573822019,0.4,-1.5707963267948966,0.0,-0.3499999999999999,0.0
71.0,356,0.6572699546813965,-3.5508795738220194,0.4,-1.5707963267948966,0.0,-0.35,0.0
71.2,357,0.6572699546813965,-3.6208795738220196,0.4,-1.5707963267948966,0.0,-0.3499999999999999,0.0
71.4,358,0.6572699546813965,-3.6908795738220235,0.4,-1.5707963267948966,0.0,-0.3499999999999999,0.0
71.60000000000001,359,0.6572699546813965,-3.7608795738220238,0.4,-1.5707963267948966,0.0,-0.35,0.0
71.8,360,0.6572699546813965,-3.8308795738220205,0.4,-1.5707963267948966,0.0,-0.3499999999999999,0.0
72.0,361,0.6572699546813965,-3.9008795738220208,0.4,-1.5707963267948966,0.0,-0.3499999999999999,0.0
72.2,362,0.6572699546813965,-3.970879573822021,0.4,-1.5707963267948966,0.0,-0.3499999999999999,0.0
72.4,363,0.6572699546813965,-3.9608809089660646,0.4,1.5707963267948966,0.0,0.3499999999999999,0.0
72.60000000000001,364,0.6472707653045653,-3.9008800983428955,0.4,3.141592653589793,-0.35,0.0,0.0
72.8,365,0.5772707653045686,-3.9008800983428955,0.4,3.141592653589793,-0.35,0.0,0.0
73.0,366,0.5572700500488281,-3.8508808135986357,0.4,1.5707963267948966,0.0,0.3499999999999999,0.0
73.2,367,0.5572700500488281,-3.780880813598632,0.4,1.5707963267948966,0.0,0.35,0.0
73.4,368,0.5572700500488281,-3.7108808135986315,0.4,1.5707963267948966,0.0,0.35,0.0
73.60000000000001,369,0.5572700500488281,-3.6408808135986312,0.4,1.5707963267948966,0.0,0.3499999999999999,0.0
73.8,370,0.5572700500488281,-3.5708808135986345,0.4,1.5707963267948966,0.0,0.35,0.0
74.0,371,0.5572700500488281,-3.5008808135986342,0.4,1.5707963267948966,0.0,0.35,0.0
74.2,372,0.5572700500488281,-3.430880813598634,0.4,1.5707963267948966,0.0,0.3499999999999999,0.0
74.4,373,0.5572700500488281,-3.3608808135986337,0.4,1.5707963267948966,0.0,0.35,0.0
74.60000000000001,374,0.5672691917419463,-3.300879955291748,0.4,0.0,0.35,0.0,0.0
74.8,375,0.6372691917419395,-3.300879955291748,0.4,0.0,0.35,0.0,0.0
75.0,376,0.6572699546813965,-3.250880718231201,0.4,1.5707963267948966,0.0,0.35,0.0
75.2,377,0.6572699546813965,-3.180880718231201,0.4,1.5707963267948966,0.0,0.35,0.0
75.4,378,0.6572699546813965,-3.1108807182312006,0.4,1.5707963267948966,0.0,0.35,0.0
75.60000000000001,379,0.6572699546813965,-3.0408807182312003,0.4,1.5707963267948966,0.0,0.35,0.0
75.8,380,0.6572699546813965,-2.9708807182312036,0.4,1.5707963267948966,0.0,0.35,0.0
76.0,381,0.6572699546813965,-2.9008807182312033,0.4,1.5707963267948966,0.0,0.35,0.0
76.2,382,0.6572699546813965,-2.830880718231203,0.4,1.5707963267948966,0.0,0.35,0.0
76.4,383,0.6572699546813965,-2.760880718231199,0.4,1.5707963267948966,0.0,0.35,0.0
76.60000000000001,384,0.6572699546813965,-2.690880718231199,0.4,1.5707963267948966,0.0,0.35,0.0
76.80000000000001,385,0.6572699546813965,-2.6208807182311986,0.4,1.5707963267948966,0.0,0.35,0.0
77.0,386,0.7072693824768059,-2.6008801460266113,0.4,0.0,0.35,0.0,0.0
77.2,387,0.7572698593139648,-2.58088062286377,0.4,1.5707963267948966,0.0,0.35,0.0
77.4,388,0.7572698593139648,-2.5108806228637697,0.4,1.5707963267948966,0.0,0.35,0.0
77.60000000000001,389,0.7572698593139648,-2.4408806228637694,0.4,1.5707963267948966,0.0,0.35,0.0
77.80000000000001,390,0.7572698593139648,-2.3708806228637656,0.4,1.5707963267948966,0.0,0.35,0.0
78.0,391,0.7572698593139648,-2.3008806228637724,0.4,1.5707963267948966,0.0,0.35,0.0
78.2,392,0.7572698593139648,-2.2308806228637685,0.4,1.5707963267948966,0.0,0.35,0.0
78.4,393,0.7172704315185534,-2.2008800506591797,0.4,3.141592653589793,-0.35,0.0,0.0
78.60000000000001,394,0.6572699546813965,-2.210879573822023,0.4,-1.5707963267948966,0.0,-0.35,0.0
78.80000000000001,395,0.6572699546813965,-2.2808795738220233,0.4,-1.5707963267948966,0.0,-0.35,0.0
79.0,396,0.6572699546813965,-2.35087957382202,0.4,-1.5707963267948966,0.0,-0.35,0.0
79.2,397,0.6572699546813965,-2.4208795738220203,0.4,-1.5707963267948966,0.0,-0.35,0.0
79.4,398,0.6572699546813965,-2.4908795738220206,0.4,-1.5707963267948966,0.0,-0.35,0.0
79.60000000000001,399,0.5972701454162568,-2.5008797645568848,0.4,3.141592653589793,-0.35,0.0,0.0
79.80000000000001,400,0.5572700500488281,-2.5308796691894564,0.4,-1.5707963267948966,0.0,-0.35,0.0
80.0,401,0.5572700500488281,-2.600879669189453,0.4,-1.5707963267948966,0.0,-0.35,0.0
80.2,402,0.5572700500488281,-2.6708796691894534,0.4,-1.5707963267948966,0.0,-0.35,0.0
80.4,403,0.5572700500488281,-2.7408796691894537,0.4,-1.5707963267948966,0.0,-0.35,0.0
80.60000000000001,404,0.5572700500488281,-2.810879669189454,0.4,-1.5707963267948966,0.0,-0.35,0.0
80.80000000000001,405,0.5572700500488281,-2.8808796691894543,0.4,-1.5707963267948966,0.0,-0.35,0.0
81.0,406,0.5572700500488281,-2.950879669189451,0.4,-1.5707963267948966,0.0,-0.35,0.0
81.2,407,0.5572700500488281,-3.0208796691894513,0.4,-1.5707963267948966,0.0,-0.35,0.0
81.4,408,0.5572700500488281,-3.0908796691894516,0.4,-1.5707963267948966,0.0,-0.35,0.0
81.60000000000001,409,0.5572700500488281,-3.1608796691894554,0.4,-1.5707963267948966,0.0,-0.35,0.0
81.80000000000001,410,0.5272704315185521,-3.2008800506591797,0.4,3.141592653589793,-0.35,0.0,0.0
82.0,411,0.4572704315185554,-3.2008800506591797,0.4,3.141592653589793,-0.35,0.0,0.0
82.2,412,0.45726966857910156,-3.270879287719726,0.4,-1.5707963267948966,0.0,-0.35,0.0
82.4,413,0.45726966857910156,-3.3408792877197264,0.4,-1.5707963267948966,0.0,-0.35,0.0
82.60000000000001,414,0.45726966857910156,-3.4108792877197267,0.4,-1.5707963267948966,0.0,-0.3499999999999999,0.0
82.80000000000001,415,0.45726966857910156,-3.480879287719727,0.4,-1.5707963267948966,0.0,-0.3499999999999999,0.0
83.0,416,0.45726966857910156,-3.5508792877197237,0.4,-1.5707963267948966,0.0,-0.35,0.0
83.2,417,0.45726966857910156,-3.620879287719724,0.4,-1.5707963267948966,0.0,-0.3499999999999999,0.0
83.4,418,0.45726966857910156,-3.690879287719728,0.4,-1.5707963267948966,0.0,-0.3499999999999999,0.0
83.60000000000001,419,0.45726966857910156,-3.760879287719728,0.4,-1.5707963267948966,0.0,-0.35,0.0
83.80000000000001,420,0.45726966857910156,-3.8308792877197284,0.4,-1.5707963267948966,0.0,-0.3499999999999999,0.0
84.0,421,0.45726966857910156,-3.900879287719725,0.4,-1.5707963267948966,0.0,-0.3499999999999999,0.0
84.2,422,0.38727047920227164,-3.9008800983428955,0.4,3.141592653589793,-0.35,0.0,0.0
84.4,423,0.3572697639465332,-3.8608808135986337,0.4,1.5707963267948966,0.0,0.3499999999999999,0.0
84.60000000000001,424,0.3572697639465332,-3.7908808135986334,0.4,1.5707963267948966,0.0,0.35,0.0
84.80000000000001,425,0.3572697639465332,-3.7208808135986295,0.4,1.5707963267948966,0.0,0.35,0.0
85.0,426,0.3572697639465332,-3.6508808135986364,0.4,1.5707963267948966,0.0,0.3499999999999999,0.0
85.2,427,0.3572697639465332,-3.5808808135986325,0.4,1.5707963267948966,0.0,0.35,0.0
85.4,428,0.3572697639465332,-3.5108808135986322,0.4,1.5707963267948966,0.0,0.35,0.0
85.60000000000001,429,0.3572697639465332,-3.440880813598632,0.4,1.5707963267948966,0.0,0.3499999999999999,0.0
85.80000000000001,430,0.3572697639465332,-3.3708808135986317,0.4,1.5707963267948966,0.0,0.35,0.0
86.0,431,0.3572697639465332,-3.300880813598635,0.4,1.5707963267948966,0.0,0.35,0.0
86.2,432,0.3572697639465332,-3.2308808135986347,0.4,1.5707963267948966,0.0,0.35,0.0
86.4,433,0.3572697639465332,-3.1608808135986344,0.4,1.5707963267948966,0.0,0.35,0.0
86.60000000000001,434,0.367269096374514,-3.1008801460266113,0.4,0.0,0.35,0.0,0.0
86.80000000000001,435,0.4372690963745143,-3.1008801460266113,0.4,0.0,0.35,0.0,0.0
87.0,436,0.45726966857910156,-3.050880718231202,0.4,1.5707963267948966,0.0,0.35,0.0
87.2,437,0.45726966857910156,-2.9808807182312016,0.4,1.5707963267948966,0.0,0.35,0.0
87.4,438,0.45726966857910156,-2.9108807182312013,0.4,1.5707963267948966,0.0,0.35,0.0
87.60000000000001,439,0.45726966857910156,-2.840880718231201,0.4,1.5707963267948966,0.0,0.35,0.0
87.80000000000001,440,0.45726966857910156,-2.7708807182312007,0.4,1.5707963267948966,0.0,0.35,0.0
88.0,441,0.45726966857910156,-2.700880718231204,0.4,1.5707963267948966,0.0,0.35,0.0
88.2,442,0.45726966857910156,-2.6308807182312037,0.4,1.5707963267948966,0.0,0.35,0.0
88.4,443,0.45726966857910156,-2.5608807182312,0.4,1.5707963267948966,0.0,0.35,0.0
88.60000000000001,444,0.45726966857910156,-2.4908807182311996,0.4,1.5707963267948966,0.0,0.35,0.0
88.80000000000001,445,0.45726966857910156,-2.4208807182311993,0.4,1.5707963267948966,0.0,0.35,0.0
89.0,446,0.5072688102722154,-2.4008798599243164,0.4,0.0,0.35,0.0,0.0
89.2,447,0.5572700500488281,-2.380881099700929,0.4,1.5707963267948966,0.0,0.35,0.0
89.4,448,0.5572700500488281,-2.3108810997009286,0.4,1.5707963267948966,0.0,0.35,0.0
89.60000000000001,449,0.5572700500488281,-2.2408810997009283,0.4,1.5707963267948966,0.0,0.35,0.0
89.80000000000001,450,0.5272710990905729,-2.2008800506591797,0.4,3.141592653589793,-0.35,0.0,0.0
90.0,451,0.4572710990905797,-2.2008800506591797,0.4,3.141592653589793,-0.35,0.0,0.0
90.2,452,0.45726966857910156,-2.2708786201477054,0.4,-1.5707963267948966,0.0,-0.35,0.0
90.4,453,0.41727100372314396,-2.300879955291748,0.4,3.141592653589793,-0.35,0.0,0.0
90.60000000000001,454,0.3572697639465332,-2.3108787155151376,0.4,-1.5707963267948966,0.0,-0.35,0.0
90.80000000000001,455,0.3572697639465332,-2.380878715515138,0.4,-1.5707963267948966,0.0,-0.35,0.0
91.0,456,0.3572697639465332,-2.4508787155151346,0.4,-1.5707963267948966,0.0,-0.35,0.0
91.2,457,0.3572697639465332,-2.520878715515135,0.4,-1.5707963267948966,0.0,-0.35,0.0
91.4,458,0.3572697639465332,-2.590878715515135,0.4,-1.5707963267948966,0.0,-0.35,0.0
91.60000000000001,459,0.3572697639465332,-2.660878715515139,0.4,-1.5707963267948966,0.0,-0.35,0.0
91.80000000000001,460,0.3572697639465332,-2.7308787155151393,0.4,-1.5707963267948966,0.0,-0.35,0.0
92.0,461,0.3572697639465332,-2.8008787155151325,0.4,-1.5707963267948966,0.0,-0.35,0.0
92.2,462,0.3572697639465332,-2.8708787155151327,0.4,-1.5707963267948966,0.0,-0.35,0.0
92.4,463,0.3572697639465332,-2.94087871551514,0.4,-1.5707963267948966,0.0,-0.35,0.0
92.60000000000001,464,0.34727081298827756,-3.0008797645568848,0.4,3.141592653589793,-0.35,0.0,0.0
92.80000000000001,465,0.27727081298827727,-3.0008797645568848,0.4,3.141592653589793,-0.35,0.0,0.0
93.0,466,0.25726985931396484,-3.0508788108825655,0.4,-1.5707963267948966,0.0,-0.35,0.0
93.2,467,0.25726985931396484,-3.120878810882566,0.4,-1.5707963267948966,0.0,-0.35,0.0
93.4,468,0.25726985931396484,-3.190878810882566,0.4,-1.5707963267948966,0.0,-0.35,0.0
93.60000000000001,469,0.25726985931396484,-3.2608788108825664,0.4,-1.5707963267948966,0.0,-0.35,0.0
93.80000000000001,470,0.25726985931396484,-3.3308788108825738,0.4,-1.5707963267948966,0.0,-0.35,0.0
94.0,471,0.25726985931396484,-3.400878810882567,0.4,-1.5707963267948966,0.0,-0.35,0.0
94.2,472,0.25726985931396484,-3.4708788108825672,0.4,-1.5707963267948966,0.0,-0.3499999999999999,0.0
94.4,473,0.25726985931396484,-3.5408788108825675,0.4,-1.5707963267948966,0.0,-0.35,0.0
94.60000000000001,474,0.25726985931396484,-3.610878810882568,0.4,-1.5707963267948966,0.0,-0.3499999999999999,0.0
94.80000000000001,475,0.25726985931396484,-3.680878810882568,0.4,-1.5707963267948966,0.0,-0.3499999999999999,0.0
95.0,476,0.25726985931396484,-3.7508788108825684,0.4,-1.5707963267948966,0.0,-0.35,0.0
95.2,477,0.25726985931396484,-3.8208788108825686,0.4,-1.5707963267948966,0.0,-0.3499999999999999,0.0
95.4,478,0.25726985931396484,-3.890878810882569,0.4,-1.5707963267948966,0.0,-0.3499999999999999,0.0
95.60000000000001,479,0.19727114677429114,-3.9008800983428955,0.4,3.141592653589793,-0.35,0.0,0.0
95.80000000000001,480,0.15726995468139648,-3.87088129043579,0.4,1.5707963267948966,0.0,0.3499999999999999,0.0
96.0,481,0.15726995468139648,-3.8008812904357967,0.4,1.5707963267948966,0.0,0.3499999999999999,0.0
96.2,482,0.15726995468139648,-3.7308812904357893,0.4,1.5707963267948966,0.0,0.35,0.0
96.4,483,0.15726995468139648,-3.660881290435789,0.4,1.5707963267948966,0.0,0.3499999999999999,0.0
96.60000000000001,484,0.15726995468139648,-3.5908812904357887,0.4,1.5707963267948966,0.0,0.35,0.0
96.80000000000001,485,0.15726995468139648,-3.5208812904357885,0.4,1.5707963267948966,0.0,0.35,0.0
97.0,486,0.15726995468139648,-3.4508812904357953,0.4,1.5707963267948966,0.0,0.3499999999999999,0.0
97.2,487,0.15726995468139648,-3.380881290435795,0.4,1.5707963267948966,0.0,0.35,0.0
97.4,488,0.15726995468139648,-3.3108812904357947,0.4,1.5707963267948966,0.0,0.35,0.0
97.60000000000001,489,0.15726995468139648,-3.2408812904357873,0.4,1.5707963267948966,0.0,0.35,0.0
97.80000000000001,490,0.15726995468139648,-3.170881290435787,0.4,1.5707963267948966,0.0,0.35,0.0
98.0,491,0.15726995468139648,-3.100881290435794,0.4,1.5707963267948966,0.0,0.35,0.0
98.2,492,0.15726995468139648,-3.0308812904357936,0.4,1.5707963267948966,0.0,0.35,0.0
98.4,493,0.15726995468139648,-2.9608812904357933,0.4,1.5707963267948966,0.0,0.35,0.0
98.60000000000001,494,0.16726852416991989,-2.9008798599243164,0.4,0.0,0.35,0.0,0.0
98.80000000000001,495,0.23726852416992017,-2.9008798599243164,0.4,0.0,0.35,0.0,0.0
99.0,496,0.25726985931396484,-2.850881195068361,0.4,1.5707963267948966,0.0,0.35,0.0
99.2,497,0.25726985931396484,-2.7808811950683605,0.4,1.5707963267948966,0.0,0.35,0.0
99.4,498,0.25726985931396484,-2.7108811950683602,0.4,1.5707963267948966,0.0,0.35,0.0
99.60000000000001,499,0.25726985931396484,-2.64088119506836,0.4,1.5707963267948966,0.0,0.35,0.0
99.80000000000001,500,0.25726985931396484,-2.5708811950683597,0.4,1.5707963267948966,0.0,0.35,0.0
100.0,501,0.25726985931396484,-2.5008811950683594,0.4,1.5707963267948966,0.0,0.35,0.0
100.2,502,0.25726985931396484,-2.430881195068359,0.4,1.5707963267948966,0.0,0.35,0.0
100.4,503,0.25726985931396484,-2.360881195068359,0.4,1.5707963267948966,0.0,0.35,0.0
100.60000000000001,504,0.25726985931396484,-2.2908811950683585,0.4,1.5707963267948966,0.0,0.35,0.0
100.80000000000001,505,0.25726985931396484,-2.2208811950683582,0.4,1.5707963267948966,0.0,0.35,0.0
101.0,506,0.30726871490477947,-2.2008800506591797,0.4,0.0,0.35,0.0,0.0
101.2,507,0.33727081298827954,-2.2008800506591797,0.4,3.141592653589793,-0.35,0.0,0.0
101.4,508,0.26727081298827926,-2.2008800506591797,0.4,3.141592653589793,-0.35,0.0,0.0
101.60000000000001,509,0.19727081298827898,-2.2008800506591797,0.4,3.141592653589793,-0.35,0.0,0.0
101.80000000000001,510,0.15726995468139648,-2.2308791923522975,0.4,-1.5707963267948966,0.0,-0.35,0.0
102.0,511,0.15726995468139648,-2.3008791923522907,0.4,-1.5707963267948966,0.0,-0.35,0.0
102.2,512,0.15726995468139648,-2.370879192352291,0.4,-1.5707963267948966,0.0,-0.35,0.0
102.4,513,0.15726995468139648,-2.4408791923522912,0.4,-1.5707963267948966,0.0,-0.35,0.0
102.60000000000001,514,0.15726995468139648,-2.5108791923522986,0.4,-1.5707963267948966,0.0,-0.35,0.0
102.80000000000001,515,0.15726995468139648,-2.580879192352299,0.4,-1.5707963267948966,0.0,-0.35,0.0
103.0,516,0.15726995468139648,-2.650879192352292,0.4,-1.5707963267948966,0.0,-0.35,0.0
103.2,517,0.15726995468139648,-2.7208791923522924,0.4,-1.5707963267948966,0.0,-0.35,0.0
103.4,518,0.15726995468139648,-2.7908791923522926,0.4,-1.5707963267948966,0.0,-0.35,0.0
103.60000000000001,519,0.0972707176208516,-2.800879955291748,0.4,3.141592653589793,-0.35,0.0,0.0
103.80000000000001,520,0.057270050048828125,-2.830879287719725,0.4,-1.5707963267948966,0.0,-0.35,0.0
104.0,521,0.057270050048828125,-2.900879287719725,0.4,-1.5707963267948966,0.0,-0.35,0.0
104.2,522,0.057270050048828125,-2.9708792877197254,0.4,-1.5707963267948966,0.0,-0.35,0.0
104.4,523,0.057270050048828125,-3.0408792877197257,0.4,-1.5707963267948966,0.0,-0.35,0.0
104.60000000000001,524,0.057270050048828125,-3.110879287719726,0.4,-1.5707963267948966,0.0,-0.35,0.0
104.80000000000001,525,0.057270050048828125,-3.1808792877197263,0.4,-1.5707963267948966,0.0,-0.35,0.0
105.0,526,0.057270050048828125,-3.2508792877197266,0.4,-1.5707963267948966,0.0,-0.35,0.0
105.2,527,0.057270050048828125,-3.320879287719727,0.4,-1.5707963267948966,0.0,-0.35,0.0
105.4,528,0.057270050048828125,-3.390879287719727,0.4,-1.5707963267948966,0.0,-0.35,0.0
105.60000000000001,529,0.057270050048828125,-3.4608792877197274,0.4,-1.5707963267948966,0.0,-0.3499999999999999,0.0
105.80000000000001,530,0.057270050048828125,-3.5308792877197277,0.4,-1.5707963267948966,0.0,-0.35,0.0
106.0,531,0.057270050048828125,-3.600879287719721,0.4,-1.5707963267948966,0.0,-0.35,0.0
106.2,532,0.057270050048828125,-3.6708792877197283,0.4,-1.5707963267948966,0.0,-0.3499999999999999,0.0
106.4,533,0.057270050048828125,-3.7408792877197286,0.4,-1.5707963267948966,0.0,-0.35,0.0
106.60000000000001,534,0.057270050048828125,-3.810879287719729,0.4,-1.5707963267948966,0.0,-0.3499999999999999,0.0
106.80000000000001,535,0.057270050048828125,-3.880879287719729,0.4,-1.5707963267948966,0.0,-0.3499999999999999,0.0
107.0,536,0.007270860672001334,-3.9008800983428955,0.4,3.141592653589793,-0.35,0.0,0.0
107.2,537,-0.04273033142089844,-3.880881290435795,0.4,1.5707963267948966,0.0,0.3499999999999999,0.0
107.4,538,-0.04273033142089844,-3.8108812904357947,0.4,1.5707963267948966,0.0,0.3499999999999999,0.0
107.60000000000001,539,-0.04273033142089844,-3.7408812904357873,0.4,1.5707963267948966,0.0,0.35,0.0
107.80000000000001,540,-0.04273033142089844,-3.670881290435787,0.4,1.5707963267948966,0.0,0.3499999999999999,0.0
108.0,541,-0.04273033142089844,-3.600881290435794,0.4,1.5707963267948966,0.0,0.3499999999999999,0.0
108.2,542,-0.04273033142089844,-3.5308812904357936,0.4,1.5707963267948966,0.0,0.35,0.0
108.4,543,-0.04273033142089844,-3.4608812904357933,0.4,1.5707963267948966,0.0,0.3499999999999999,0.0
108.60000000000001,544,-0.04273033142089844,-3.390881290435793,0.4,1.5707963267948966,0.0,0.35,0.0
108.80000000000001,545,-0.04273033142089844,-3.3208812904357927,0.4,1.5707963267948966,0.0,0.35,0.0
109.0,546,-0.04273033142089844,-3.2508812904357924,0.4,1.5707963267948966,0.0,0.35,0.0
109.2,547,-0.04273033142089844,-3.180881290435792,0.4,1.5707963267948966,0.0,0.35,0.0
109.4,548,-0.04273033142089844,-3.110881290435792,0.4,1.5707963267948966,0.0,0.35,0.0
109.60000000000001,549,-0.04273033142089844,-3.0408812904357916,0.4,1.5707963267948966,0.0,0.35,0.0
109.80000000000001,550,-0.04273033142089844,-2.9708812904357913,0.4,1.5707963267948966,0.0,0.35,0.0
110.0,551,-0.04273033142089844,-2.900881290435791,0.4,1.5707963267948966,0.0,0.35,0.0
110.2,552,-0.04273033142089844,-2.8308812904357907,0.4,1.5707963267948966,0.0,0.35,0.0
110.4,553,-0.04273033142089844,-2.7608812904357904,0.4,1.5707963267948966,0.0,0.35,0.0
110.60000000000001,554,-0.03273157119750891,-2.7008800506591797,0.4,0.0,0.35,0.0,0.0
110.80000000000001,555,0.03726842880249137,-2.7008800506591797,0.4,0.0,0.35,0.0,0.0
111.0,556,0.057270050048828125,-2.6508816719055233,0.4,1.5707963267948966,0.0,0.35,0.0
111.2,557,0.057270050048828125,-2.580881671905516,0.4,1.5707963267948966,0.0,0.35,0.0
111.4,558,0.057270050048828125,-2.5108816719055156,0.4,1.5707963267948966,0.0,0.35,0.0
111.60000000000001,559,0.057270050048828125,-2.4408816719055153,0.4,1.5707963267948966,0.0,0.35,0.0
111.80000000000001,560,0.057270050048828125,-2.370881671905515,0.4,1.5707963267948966,0.0,0.35,0.0
112.0,561,0.057270050048828125,-2.300881671905522,0.4,1.5707963267948966,0.0,0.35,0.0
112.2,562,0.057270050048828125,-2.2308816719055216,0.4,1.5707963267948966,0.0,0.35,0.0
112.4,563,0.01727167129516971,-2.2008800506591797,0.4,3.141592653589793,-0.35,0.0,0.0
112.60000000000001,564,-0.04273033142089844,-2.210878047943119,0.4,-1.5707963267948966,0.0,-0.35,0.0
112.80000000000001,565,-0.04273033142089844,-2.280878047943119,0.4,-1.5707963267948966,0.0,-0.35,0.0
113.0,566,-0.04273033142089844,-2.3508780479431124,0.4,-1.5707963267948966,0.0,-0.35,0.0
113.2,567,-0.04273033142089844,-2.4208780479431127,0.4,-1.5707963267948966,0.0,-0.35,0.0
113.4,568,-0.04273033142089844,-2.490878047943113,0.4,-1.5707963267948966,0.0,-0.35,0.0
113.60000000000001,569,-0.04273033142089844,-2.5608780479431132,0.4,-1.5707963267948966,0.0,-0.35,0.0
113.80000000000001,570,-0.07272823333740064,-2.6008801460266113,0.4,3.141592653589793,-0.35,0.0,0.0
114.0,571,-0.14272823333740092,-2.6008801460266113,0.4,3.141592653589793,-0.35,0.0,0.0
114.2,572,-0.1427302360534668,-2.6708781433105457,0.4,-1.5707963267948966,0.0,-0.35,0.0
114.4,573,-0.1427302360534668,-2.740878143310546,0.4,-1.5707963267948966,0.0,-0.35,0.0
114.60000000000001,574,-0.1427302360534668,-2.8108781433105463,0.4,-1.5707963267948966,0.0,-0.35,0.0
114.80000000000001,575,-0.1427302360534668,-2.8808781433105466,0.4,-1.5707963267948966,0.0,-0.35,0.0
115.0,576,-0.1427302360534668,-2.950878143310547,0.4,-1.5707963267948966,0.0,-0.35,0.0
115.2,577,-0.1427302360534668,-3.020878143310547,0.4,-1.5707963267948966,0.0,-0.35,0.0
115.4,578,-0.1427302360534668,-3.0908781433105474,0.4,-1.5707963267948966,0.0,-0.35,0.0
115.60000000000001,579,-0.1427302360534668,-3.1608781433105477,0.4,-1.5707963267948966,0.0,-0.35,0.0
115.80000000000001,580,-0.1427302360534668,-3.230878143310548,0.4,-1.5707963267948966,0.0,-0.35,0.0
116.0,581,-0.1427302360534668,-3.300878143310541,0.4,-1.5707963267948966,0.0,-0.35,0.0
116.2,582,-0.1427302360534668,-3.3708781433105486,0.4,-1.5707963267948966,0.0,-0.35,0.0
116.4,583,-0.1427302360534668,-3.440878143310549,0.4,-1.5707963267948966,0.0,-0.3499999999999999,0.0
116.60000000000001,584,-0.1427302360534668,-3.510878143310549,0.4,-1.5707963267948966,0.0,-0.35,0.0
116.80000000000001,585,-0.1427302360534668,-3.5808781433105494,0.4,-1.5707963267948966,0.0,-0.35,0.0
117.0,586,-0.1427302360534668,-3.6508781433105426,0.4,-1.5707963267948966,0.0,-0.3499999999999999,0.0
117.2,587,-0.1427302360534668,-3.720878143310543,0.4,-1.5707963267948966,0.0,-0.35,0.0
117.4,588,-0.1427302360534668,-3.790878143310543,0.4,-1.5707963267948966,0.0,-0.35,0.0
117.60000000000001,589,-0.1427302360534668,-3.8608781433105506,0.4,-1.5707963267948966,0.0,-0.3499999999999999,0.0
117.80000000000001,590,-0.17272828102112214,-3.9008800983428955,0.4,3.141592653589793,-0.35,0.0,0.0
118.0,591,-0.24272828102111532,-3.9008800983428955,0.4,3.141592653589793,-0.35,0.0,0.0
118.2,592,-0.24273014068603516,-3.830881958007815,0.4,1.5707963267948966,0.0,0.3499999999999999,0.0
118.4,593,-0.24273014068603516,-3.7608819580078148,0.4,1.5707963267948966,0.0,0.35,0.0
118.60000000000001,594,-0.24273014068603516,-3.6908819580078145,0.4,1.5707963267948966,0.0,0.3499999999999999,0.0
118.80000000000001,595,-0.24273014068603516,-3.620881958007814,0.4,1.5707963267948966,0.0,0.3499999999999999,0.0
119.0,596,-0.24273014068603516,-3.550881958007814,0.4,1.5707963267948966,0.0,0.35,0.0
119.2,597,-0.24273014068603516,-3.4808819580078136,0.4,1.5707963267948966,0.0,0.3499999999999999,0.0
119.4,598,-0.24273014068603516,-3.4108819580078134,0.4,1.5707963267948966,0.0,0.3499999999999999,0.0
119.60000000000001,599,-0.24273014068603516,-3.340881958007813,0.4,1.5707963267948966,0.0,0.35,0.0
119.80000000000001,600,-0.24273014068603516,-3.270881958007813,0.4,1.5707963267948966,0.0,0.35,0.0
120.0,601,-0.24273014068603516,-3.2008819580078125,0.4,1.5707963267948966,0.0,0.35,0.0
120.2,602,-0.24273014068603516,-3.130881958007812,0.4,1.5707963267948966,0.0,0.35,0.0
120.4,603,-0.24273014068603516,-3.060881958007812,0.4,1.5707963267948966,0.0,0.35,0.0
120.60000000000001,604,-0.24273014068603516,-2.9908819580078116,0.4,1.5707963267948966,0.0,0.35,0.0
120.80000000000001,605,-0.24273014068603516,-2.9208819580078114,0.4,1.5707963267948966,0.0,0.35,0.0
121.0,606,-0.24273014068603516,-2.850881958007818,0.4,1.5707963267948966,0.0,0.35,0.0
121.2,607,-0.24273014068603516,-2.780881958007811,0.4,1.5707963267948966,0.0,0.35,0.0
121.4,608,-0.24273014068603516,-2.7108819580078105,0.4,1.5707963267948966,0.0,0.35,0.0
121.60000000000001,609,-0.24273014068603516,-2.6408819580078102,0.4,1.5707963267948966,0.0,0.35,0.0
121.80000000000001,610,-0.24273014068603516,-2.57088195800781,0.4,1.5707963267948966,0.0,0.35,0.0
122.0,611,-0.24273014068603516,-2.5008819580078168,0.4,1.5707963267948966,0.0,0.35,0.0
122.2,612,-0.17273233413696687,-2.5008797645568848,0.4,0.0,0.35,0.0,0.0
122.4,613,-0.1427302360534668,-2.4608818626403846,0.4,1.5707963267948966,0.0,0.35,0.0
122.60000000000001,614,-0.1427302360534668,-2.390881862640377,0.4,1.5707963267948966,0.0,0.35,0.0
122.80000000000001,615,-0.1427302360534668,-2.320881862640377,0.4,1.5707963267948966,0.0,0.35,0.0
123.0,616,-0.1427302360534668,-2.2508818626403837,0.4,1.5707963267948966,0.0,0.35,0.0
123.2,617,-0.16272842407226307,-2.2008800506591797,0.4,3.141592653589793,-0.35,0.0,0.0
123.4,618,-0.23272842407226335,-2.2008800506591797,0.4,3.141592653589793,-0.35,0.0,0.0
123.60000000000001,619,-0.24273014068603516,-2.260878334045408,0.4,-1.5707963267948966,0.0,-0.35,0.0
123.80000000000001,620,-0.24273014068603516,-2.3308783340454085,0.4,-1.5707963267948966,0.0,-0.35,0.0
124.0,621,-0.24273014068603516,-2.4008783340454087,0.4,-1.5707963267948966,0.0,-0.35,0.0
124.2,622,-0.31272861480712777,-2.4008798599243164,0.4,3.141592653589793,-0.35,0.0,0.0
124.4,623,-0.3427300453186035,-2.440878429412841,0.4,-1.5707963267948966,0.0,-0.35,0.0
124.60000000000001,624,-0.3427300453186035,-2.5108784294128412,0.4,-1.5707963267948966,0.0,-0.35,0.0
124.80000000000001,625,-0.3427300453186035,-2.5808784294128415,0.4,-1.5707963267948966,0.0,-0.35,0.0
125.0,626,-0.3427300453186035,-2.650878429412842,0.4,-1.5707963267948966,0.0,-0.35,0.0
125.2,627,-0.3427300453186035,-2.720878429412842,0.4,-1.5707963267948966,0.0,-0.35,0.0
125.4,628,-0.3427300453186035,-2.7908784294128424,0.4,-1.5707963267948966,0.0,-0.35,0.0
125.60000000000001,629,-0.3427300453186035,-2.8608784294128426,0.4,-1.5707963267948966,0.0,-0.35,0.0
125.80000000000001,630,-0.3427300453186035,-2.930878429412843,0.4,-1.5707963267948966,0.0,-0.35,0.0
126.0,631,-0.3427300453186035,-3.000878429412836,0.4,-1.5707963267948966,0.0,-0.35,0.0
126.2,632,-0.3427300453186035,-3.0708784294128435,0.4,-1.5707963267948966,0.0,-0.35,0.0
126.4,633,-0.3427300453186035,-3.140878429412844,0.4,-1.5707963267948966,0.0,-0.35,0.0
126.60000000000001,634,-0.3427300453186035,-3.210878429412844,0.4,-1.5707963267948966,0.0,-0.35,0.0
126.80000000000001,635,-0.3427300453186035,-3.2808784294128444,0.4,-1.5707963267948966,0.0,-0.35,0.0
127.0,636,-0.3427300453186035,-3.3508784294128375,0.4,-1.5707963267948966,0.0,-0.35,0.0
127.2,637,-0.3427300453186035,-3.420878429412838,0.4,-1.5707963267948966,0.0,-0.3499999999999999,0.0
127.4,638,-0.3427300453186035,-3.490878429412838,0.4,-1.5707963267948966,0.0,-0.3499999999999999,0.0
127.60000000000001,639,-0.3427300453186035,-3.5608784294128455,0.4,-1.5707963267948966,0.0,-0.35,0.0
127.80000000000001,640,-0.3427300453186035,-3.6308784294128458,0.4,-1.5707963267948966,0.0,-0.3499999999999999,0.0
128.0,641,-0.3427300453186035,-3.700878429412839,0.4,-1.5707963267948966,0.0,-0.3499999999999999,0.0
128.20000000000002,642,-0.3427300453186035,-3.7708784294128463,0.4,-1.5707963267948966,0.0,-0.35,0.0
128.4,643,-0.3427300453186035,-3.8408784294128395,0.4,-1.5707963267948966,0.0,-0.3499999999999999,0.0
128.6,644,-0.3527283763885478,-3.9008800983428955,0.4,3.141592653589793,-0.35,0.0,0.0
128.8,645,-0.4227283763885481,-3.9008800983428955,0.4,3.141592653589793,-0.35,0.0,0.0
129.0,646,-0.4427299499511719,-3.850881671905519,0.4,1.5707963267948966,0.0,0.3499999999999999,0.0
129.20000000000002,647,-0.4427299499511719,-3.7808816719055116,0.4,1.5707963267948966,0.0,0.35,0.0
129.4,648,-0.4427299499511719,-3.7108816719055184,0.4,1.5707963267948966,0.0,0.35,0.0
129.6,649,-0.4427299499511719,-3.6408816719055253,0.4,1.5707963267948966,0.0,0.3499999999999999,0.0
129.8,650,-0.4427299499511719,-3.570881671905518,0.4,1.5707963267948966,0.0,0.35,0.0
130.0,651,-0.4427299499511719,-3.5008816719055176,0.4,1.5707963267948966,0.0,0.35,0.0
130.20000000000002,652,-0.4427299499511719,-3.4308816719055173,0.4,1.5707963267948966,0.0,0.3499999999999999,0.0
130.4,653,-0.4427299499511719,-3.360881671905517,0.4,1.5707963267948966,0.0,0.35,0.0
130.6,654,-0.4427299499511719,-3.290881671905524,0.4,1.5707963267948966,0.0,0.35,0.0
130.8,655,-0.4427299499511719,-3.2208816719055164,0.4,1.5707963267948966,0.0,0.35,0.0
131.0,656,-0.4427299499511719,-3.1508816719055233,0.4,1.5707963267948966,0.0,0.35,0.0
131.20000000000002,657,-0.4427299499511719,-3.080881671905516,0.4,1.5707963267948966,0.0,0.35,0.0
131.4,658,-0.4427299499511719,-3.0108816719055156,0.4,1.5707963267948966,0.0,0.35,0.0
131.6,659,-0.4427299499511719,-2.9408816719055224,0.4,1.5707963267948966,0.0,0.35,0.0
131.8,660,-0.4427299499511719,-2.870881671905515,0.4,1.5707963267948966,0.0,0.35,0.0
132.0,661,-0.4427299499511719,-2.800881671905522,0.4,1.5707963267948966,0.0,0.35,0.0
132.20000000000002,662,-0.4427299499511719,-2.7308816719055145,0.4,1.5707963267948966,0.0,0.35,0.0
132.4,663,-0.4427299499511719,-2.6608816719055213,0.4,1.5707963267948966,0.0,0.35,0.0
132.6,664,-0.4427299499511719,-2.590881671905521,0.4,1.5707963267948966,0.0,0.35,0.0
132.8,665,-0.4427299499511719,-2.5208816719055136,0.4,1.5707963267948966,0.0,0.35,0.0
133.0,666,-0.4427299499511719,-2.4508816719055204,0.4,1.5707963267948966,0.0,0.35,0.0
133.20000000000002,667,-0.4427299499511719,-2.380881671905513,0.4,1.5707963267948966,0.0,0.35,0.0
133.4,668,-0.4427299499511719,-2.31088167190552,0.4,1.5707963267948966,0.0,0.35,0.0
133.6,669,-0.3827316665649434,-2.300879955291748,0.4,0.0,0.35,0.0,0.0
133.8,670,-0.3427300453186035,-2.2708815765380876,0.4,1.5707963267948966,0.0,0.35,0.0
134.0,671,-0.3427300453186035,-2.2008815765380874,0.4,1.5707963267948966,0.0,0.35,0.0
134.20000000000002,672,-0.3427300453186035,-2.13088157653808,0.4,1.5707963267948966,0.0,0.35,0.0
134.4,673,-0.38272861480712805,-2.1008801460266113,0.4,3.141592653589793,-0.35,0.0,0.0
134.6,674,-0.4427299499511719,-2.1108788108825607,0.4,-1.5707963267948966,0.0,-0.35,0.0
134.8,675,-0.4427299499511719,-2.180878810882568,0.4,-1.5707963267948966,0.0,-0.35,0.0
135.0,676,-0.49272871017456055,-2.2008800506591797,0.4,3.141592653589793,-0.35,0.0,0.0
135.20000000000002,677,-0.5427303314208984,-2.220878429412842,0.4,-1.5707963267948966,0.0,-0.35,0.0
135.4,678,-0.5427303314208984,-2.2908784294128424,0.4,-1.5707963267948966,0.0,-0.35,0.0
135.6,679,-0.5427303314208984,-2.3608784294128355,0.4,-1.5707963267948966,0.0,-0.35,0.0
135.8,680,-0.5427303314208984,-2.430878429412843,0.4,-1.5707963267948966,0.0,-0.35,0.0
136.0,681,-0.5427303314208984,-2.500878429412836,0.4,-1.5707963267948966,0.0,-0.35,0.0
136.20000000000002,682,-0.5427303314208984,-2.5708784294128435,0.4,-1.5707963267948966,0.0,-0.35,0.0
136.4,683,-0.5427303314208984,-2.640878429412844,0.4,-1.5707963267948966,0.0,-0.35,0.0
136.6,684,-0.5427303314208984,-2.710878429412837,0.4,-1.5707963267948966,0.0,-0.35,0.0
136.8,685,-0.5427303314208984,-2.7808784294128444,0.4,-1.5707963267948966,0.0,-0.35,0.0
137.0,686,-0.5427303314208984,-2.8508784294128375,0.4,-1.5707963267948966,0.0,-0.35,0.0
137.20000000000002,687,-0.5427303314208984,-2.920878429412845,0.4,-1.5707963267948966,0.0,-0.35,0.0
137.4,688,-0.5427303314208984,-2.990878429412838,0.4,-1.5707963267948966,0.0,-0.35,0.0
137.6,689,-0.5427303314208984,-3.0608784294128384,0.4,-1.5707963267948966,0.0,-0.35,0.0
137.8,690,-0.5427303314208984,-3.1308784294128458,0.4,-1.5707963267948966,0.0,-0.35,0.0
138.0,691,-0.5427303314208984,-3.200878429412839,0.4,-1.5707963267948966,0.0,-0.35,0.0
138.20000000000002,692,-0.5427303314208984,-3.2708784294128463,0.4,-1.5707963267948966,0.0,-0.35,0.0
138.4,693,-0.5427303314208984,-3.3408784294128395,0.4,-1.5707963267948966,0.0,-0.35,0.0
138.6,694,-0.5427303314208984,-3.41087842941284,0.4,-1.5707963267948966,0.0,-0.3499999999999999,0.0
138.8,695,-0.5427303314208984,-3.48087842941284,0.4,-1.5707963267948966,0.0,-0.3499999999999999,0.0
139.0,696,-0.5427303314208984,-3.5508784294128404,0.4,-1.5707963267948966,0.0,-0.35,0.0
139.20000000000002,697,-0.5427303314208984,-3.6208784294128478,0.4,-1.5707963267948966,0.0,-0.3499999999999999,0.0
139.4,698,-0.5427303314208984,-3.690878429412841,0.4,-1.5707963267948966,0.0,-0.3499999999999999,0.0
139.6,699,-0.5427303314208984,-3.760878429412834,0.4,-1.5707963267948966,0.0,-0.35,0.0
139.8,700,-0.5427303314208984,-3.8308784294128415,0.4,-1.5707963267948966,0.0,-0.3499999999999999,0.0
140.0,701,-0.5427303314208984,-3.900878429412842,0.4,-1.5707963267948966,0.0,-0.3499999999999999,0.0
140.20000000000002,702,-0.612728662490845,-3.9008800983428955,0.4,3.141592653589793,-0.35,0.0,0.0
140.4,703,-0.6427302360534668,-3.860881671905517,0.4,1.5707963267948966,0.0,0.3499999999999999,0.0
140.6,704,-0.6427302360534668,-3.790881671905524,0.4,1.5707963267948966,0.0,0.35,0.0
140.8,705,-0.6427302360534668,-3.7208816719055164,0.4,1.5707963267948966,0.0,0.35,0.0
141.0,706,-0.6427302360534668,-3.6508816719055233,0.4,1.5707963267948966,0.0,0.3499999999999999,0.0
141.20000000000002,707,-0.6427302360534668,-3.580881671905516,0.4,1.5707963267948966,0.0,0.35,0.0
141.4,708,-0.6427302360534668,-3.5108816719055156,0.4,1.5707963267948966,0.0,0.35,0.0
141.6,709,-0.6427302360534668,-3.4408816719055224,0.4,1.5707963267948966,0.0,0.3499999999999999,0.0
141.8,710,-0.6427302360534668,-3.370881671905515,0.4,1.5707963267948966,0.0,0.35,0.0
142.0,711,-0.6427302360534668,-3.300881671905522,0.4,1.5707963267948966,0.0,0.35,0.0
142.20000000000002,712,-0.6427302360534668,-3.2308816719055145,0.4,1.5707963267948966,0.0,0.35,0.0
142.4,713,-0.6427302360534668,-3.1608816719055213,0.4,1.5707963267948966,0.0,0.35,0.0
142.6,714,-0.6427302360534668,-3.090881671905521,0.4,1.5707963267948966,0.0,0.35,0.0
142.8,715,-0.6427302360534668,-3.0208816719055136,0.4,1.5707963267948966,0.0,0.35,0.0
143.0,716,-0.6427302360534668,-2.9508816719055204,0.4,1.5707963267948966,0.0,0.35,0.0
143.20000000000002,717,-0.6427302360534668,-2.880881671905513,0.4,1.5707963267948966,0.0,0.35,0.0
143.4,718,-0.6427302360534668,-2.81088167190552,0.4,1.5707963267948966,0.0,0.35,0.0
143.6,719,-0.6427302360534668,-2.7408816719055196,0.4,1.5707963267948966,0.0,0.35,0.0
143.8,720,-0.6427302360534668,-2.6708816719055193,0.4,1.5707963267948966,0.0,0.35,0.0
144.0,721,-0.6427302360534668,-2.600881671905519,0.4,1.5707963267948966,0.0,0.35,0.0
144.20000000000002,722,-0.6427302360534668,-2.5308816719055116,0.4,1.5707963267948966,0.0,0.35,0.0
144.4,723,-0.6427302360534668,-2.4608816719055184,0.4,1.5707963267948966,0.0,0.35,0.0
144.6,724,-0.6427302360534668,-2.3908816719055253,0.4,1.5707963267948966,0.0,0.35,0.0
144.8,725,-0.6427302360534668,-2.320881671905518,0.4,1.5707963267948966,0.0,0.35,0.0
145.0,726,-0.6427302360534668,-2.2508816719055176,0.4,1.5707963267948966,0.0,0.35,0.0
145.20000000000002,727,-0.6427302360534668,-2.1808816719055173,0.4,1.5707963267948966,0.0,0.35,0.0
145.4,728,-0.6427302360534668,-2.110881671905517,0.4,1.5707963267948966,0.0,0.35,0.0
145.6,729,-0.5827317619323793,-2.1008801460266113,0.4,0.0,0.35,0.0,0.0
145.8,730,-0.572728900909425,-2.1008801460266113,0.4,3.141592653589793,-0.35,0.0,0.0
146.0,731,-0.6427289009094181,-2.1008801460266113,0.4,3.141592653589793,-0.35,0.0,0.0
146.20000000000002,732,-0.6427302360534668,-2.0308814811706526,0.4,1.5707963267948966,0.0,0.35,0.0
146.4,733,-0.6827285194396993,-2.0008797645568848,0.4,3.141592653589793,-0.35,0.0,0.0
146.6,734,-0.7427301406860352,-2.010878143310542,0.4,-1.5707963267948966,0.0,-0.35,0.0
146.8,735,-0.7427301406860352,-2.0808781433105494,0.4,-1.5707963267948966,0.0,-0.35,0.0
147.0,736,-0.7427301406860352,-2.1508781433105426,0.4,-1.5707963267948966,0.0,-0.35,0.0
147.20000000000002,737,-0.7427301406860352,-2.22087814331055,0.4,-1.5707963267948966,0.0,-0.35,0.0
147.4,738,-0.7427301406860352,-2.290878143310543,0.4,-1.5707963267948966,0.0,-0.35,0.0
147.6,739,-0.7427301406860352,-2.3608781433105435,0.4,-1.5707963267948966,0.0,-0.35,0.0
147.8,740,-0.7427301406860352,-2.430878143310551,0.4,-1.5707963267948966,0.0,-0.35,0.0
148.0,741,-0.7427301406860352,-2.500878143310544,0.4,-1.5707963267948966,0.0,-0.35,0.0
148.20000000000002,742,-0.7427301406860352,-2.5708781433105514,0.4,-1.5707963267948966,0.0,-0.35,0.0
148.4,743,-0.7427301406860352,-2.6408781433105446,0.4,-1.5707963267948966,0.0,-0.35,0.0
148.6,744,-0.7427301406860352,-2.710878143310545,0.4,-1.5707963267948966,0.0,-0.35,0.0
148.8,745,-0.7427301406860352,-2.780878143310545,0.4,-1.5707963267948966,0.0,-0.35,0.0
149.0,746,-0.7427301406860352,-2.8508781433105455,0.4,-1.5707963267948966,0.0,-0.35,0.0
149.20000000000002,747,-0.7427301406860352,-2.920878143310553,0.4,-1.5707963267948966,0.0,-0.35,0.0
149.4,748,-0.7427301406860352,-2.990878143310546,0.4,-1.5707963267948966,0.0,-0.35,0.0
149.6,749,-0.7427301406860352,-3.060878143310539,0.4,-1.5707963267948966,0.0,-0.35,0.0
149.8,750,-0.7427301406860352,-3.1308781433105466,0.4,-1.5707963267948966,0.0,-0.35,0.0
