timestamp,x,y,z
1788860103.8290572,-0.5,-2.5,0.3
1788860104.0150645,-0.5,-2.5,0.3
1788860104.216455,-0.5,-2.5,0.3
1788860104.4149835,-0.5,-2.5,0.3
1788860104.6167736,-0.5,-2.5,0.3
1788860104.8354602,-0.5,-2.5,0.3
1788860105.0168111,-0.5,-2.5,0.3
1788860105.21628,-0.5,-2.5,0.3
1788860105.4158137,-0.5,-2.5,0.3
1788860105.6170151,-0.5,-2.5,0.3
1788860109.0565813,-0.5,-2.5,0.3
1788860109.0569074,-0.5,-2.5,0.3
1788860109.0571086,-0.5,-2.5,0.3
1788860109.0572758,-0.5,-2.5,0.3
1788860109.0574398,-0.5,-2.5,0.3
1788860109.0576382,-0.5,-2.5,0.3
1788860109.0578535,-0.5,-2.5,0.3
1788860109.0580292,-0.5,-2.5,0.3
1788860109.0581884,-0.5,-2.5,0.3
1788860109.0583475,-0.5,-2.5,0.3
1788860109.0585268,-0.5,-2.5,0.3
1788860109.0587192,-0.5,-2.5,0.3
1788860109.0589013,-0.5,-2.5,0.3
1788860109.0590749,-0.5,-2.5,0.3
1788860109.059241,-0.5,-2.5,0.3
1788860109.059403,-0.5,-2.5,0.3
1788860109.0595586,-0.5,-2.5,0.3
1788860109.2368896,-0.5,-2.5,0.3
1788860109.4388454,-0.5,-2.5,0.3
1788860109.6374102,-0.5,-2.5,0.3
1788860109.8602748,-0.5,-2.5,0.3
1788860110.0320513,-0.5,-2.5,0.3
1788860110.2343068,-0.5,-2.5,0.3
1788860110.4342153,-0.5,-2.5,0.3
1788860110.6405425,-0.5,-2.5,0.3
1788860110.864757,-0.5,-2.5,0.3
1788860111.048864,-0.5,-2.5,0.3
1788860111.2425656,-0.5,-2.5,0.3
1788860111.4350307,-0.5,-2.5,0.3
1788860111.6376638,-0.5,-2.5,0.3
1788860111.8505578,-0.5,-2.5,0.3
1788860112.028684,-0.5,-2.5,0.3
1788860112.2368572,-0.5,-2.5,0.3
1788860112.4284103,-0.5,-2.5,0.3
1788860112.6295824,-0.5,-2.5,0.3
1788860112.850647,-0.5,-2.5,0.3
1788860113.0274806,-0.5,-2.5,0.3
1788860113.2264633,-0.5,-2.5,0.3
1788860113.428423,-0.5,-2.5,0.3
1788860113.6279337,-0.5,-2.5,0.3
1788860113.8526683,-0.5,-2.5,0.3
1788860114.0273607,-0.5,-2.5,0.3
1788860114.2294393,-0.5,-2.5,0.3
1788860114.4321365,-0.5,-2.5,0.3
1788860114.6303182,-0.5,-2.5,0.3
1788860114.861114,-0.5,-2.5,0.3
1788860115.0300694,-0.5,-2.5,0.3
1788860115.2363703,-0.5,-2.5,0.3
1788860115.4374409,-0.5,-2.5,0.3
1788860115.6305127,-0.5,-2.5,0.3
1788860115.8670661,-0.5,-2.5,0.3
1788860116.0296519,-0.5,-2.5,0.3
1788860116.2354543,-0.5,-2.5,0.3
1788860117.0352068,-0.5,-2.5,0.3
1788860117.2399027,-0.5,-2.5,0.3
1788860117.4333267,-0.5,-2.5,0.3
1788860117.6380634,-0.5,-2.5,0.3
1788860117.84205,-0.5,-2.5,0.3
1788860118.0419812,-0.5,-2.5,0.3
1788860118.2423458,-0.5,-2.5,0.3
1788860118.43299,-0.5,-2.5,0.3
1788860118.6388638,-0.5,-2.5,0.3
1788860118.842266,-0.5,-2.5,0.3
1788860119.0325942,-0.5,-2.5,0.3
1788860119.2412288,-0.5,-2.5,0.3
1788860119.4431906,-0.5,-2.5,0.3
1788860119.6420794,-0.5,-2.5,0.3
1788860119.845637,-0.5,-2.5,0.3
1788860120.0342875,-0.5,-2.5,0.3
1788860120.2424173,-0.5,-2.5,0.3
1788860120.4336817,-0.5,-2.5,0.3
1788860120.633682,-0.5,-2.5,0.3
1788860120.8551986,-0.5,-2.5,0.3
1788860121.0362105,-0.5,-2.5,0.3
1788860121.2334616,-0.5,-2.5,0.3
1788860121.4387865,-0.5,-2.5,0.3
1788860121.6424196,-0.5,-2.5,0.3
1788860121.853887,-0.5,-2.5,0.3
1788860122.0415127,-0.5,-2.5,0.3
1788860122.240272,-0.5,-2.5,0.3
1788860122.4322085,-0.5,-2.5,0.3
1788860122.6418784,-0.5,-2.5,0.3
1788860122.84306,-0.5,-2.5,0.3
1788860123.0421724,-0.5,-2.5,0.3
1788860123.2402754,-0.5,-2.5,0.3
1788860123.4317439,-0.5,-2.5,0.3
1788860123.6423614,-0.5,-2.5,0.3
1788860123.8536806,-0.5,-2.5,0.3
1788860124.0335076,-0.5,-2.5,0.3
1788860124.234256,-0.5,-2.5,0.3
1788860124.4322166,-0.5,-2.5,0.3
1788860124.6326153,-0.5,-2.5,0.3
1788860124.8417923,-0.5,-2.5,0.3
1788860125.043519,-0.5,-2.5,0.3
1788860125.242521,-0.5,-2.5,0.3
1788860125.440457,-0.5,-2.5,0.3
1788860125.6334467,-0.5,-2.5,0.3
1788860125.8557456,-0.5,-2.5,0.3
1788860126.0324328,-0.5,-2.5,0.3
1788860126.2422786,-0.5,-2.5,0.3
1788860126.4343908,-0.5,-2.5,0.3
1788860126.6453204,-0.5,-2.5,0.3
1788860126.8550384,-0.5,-2.5,0.3
1788860127.0422683,-0.5,-2.5,0.3
1788860127.2390485,-0.5,-2.5,0.3
1788860127.4410713,-0.5,-2.5,0.3
1788860127.64323,-0.5,-2.5,0.3
1788860127.843855,-0.6854532394421595,-2.5008799999999987,0.3
1788860128.0400996,-0.9854532394421596,-2.5008799999999987,0.3
1788860128.2388628,-1.2854532394421596,-2.5008799999999987,0.3
1788860128.4417763,-1.5854532394421597,-2.5008799999999987,0.3
1788860128.644538,-1.6427299976348877,-2.5008797645568848,0.3
1788860128.8527138,-1.6427299976348877,-2.5008797645568848,0.3
1788860129.0399756,-1.6427299976348877,-2.5008797645568848,0.3
1788860129.241921,-1.6427299976348877,-2.5008797645568848,0.3
1788860129.4367502,-1.6427299976348877,-2.5008797645568848,0.3
1788860129.631538,-1.6427299976348877,-2.5008797645568848,0.3
1788860129.843287,-1.6427299976348877,-2.5008797645568848,0.3
1788860130.0322952,-1.6427299976348877,-2.5008797645568848,0.3
1788860130.2333229,-1.6427299976348877,-2.5008797645568848,0.3
1788860130.4332569,-1.6427299976348877,-2.5008797645568848,0.3
1788860130.6394854,-1.6427299976348877,-2.5008797645568848,0.3
1788860130.8617988,-1.6427299976348877,-2.5008797645568848,0.3
1788860131.0422015,-1.6427299976348877,-2.5008797645568848,0.3
1788860131.2423964,-1.6427299976348877,-2.5008797645568848,0.3
1788860131.4401968,-1.6427299976348877,-2.5008797645568848,0.3
1788860131.6419752,-1.6427299976348877,-2.5008797645568848,0.3
1788860131.8694642,-1.6427299976348877,-2.5008797645568848,0.3
1788860132.0436764,-1.6427299976348877,-2.5008797645568848,0.3
1788860132.2415857,-1.6427299976348877,-2.5008797645568848,0.3
1788860132.4353364,-1.6427299976348877,-2.5008797645568848,0.3
1788860132.6363204,-1.6427299976348877,-2.5008797645568848,0.3
1788860132.8652313,-1.6427299976348877,-2.5008797645568848,0.3
1788860133.0465658,-1.6427299976348877,-2.5008797645568848,0.3
1788860133.2420058,-1.6427299976348877,-2.5008797645568848,0.3
1788860133.4320111,-1.6427299976348877,-2.5008797645568848,0.3
1788860133.6370053,-1.6427299976348877,-2.5008797645568848,0.3
1788860133.8534071,-1.6427299976348877,-2.5008797645568848,0.3
1788860134.0367277,-1.6427299976348877,-2.5008797645568848,0.3
1788860134.2442498,-1.6427299976348877,-2.5008797645568848,0.3
1788860134.433906,-1.6427299976348877,-2.5008797645568848,0.3
1788860134.6341186,-1.6427299976348877,-2.5008797645568848,0.3
1788860134.85172,-1.6427299976348877,-2.5008797645568848,0.3
1788860135.0328848,-1.6427299976348877,-2.5008797645568848,0.3
1788860135.2414956,-1.6427299976348877,-2.5008797645568848,0.3
1788860135.4352822,-1.6427299976348877,-2.5008797645568848,0.3
1788860135.6352952,-1.6427299976348877,-2.5008797645568848,0.3
1788860135.8658042,-1.6427299976348877,-2.5008797645568848,0.3
1788860136.040131,-1.6427299976348877,-2.5008797645568848,0.3
1788860136.243308,-1.6427299976348877,-2.5008797645568848,0.3
1788860136.432855,-1.6427299976348877,-2.5008797645568848,0.3
1788860136.6374474,-1.6427299976348877,-2.5008797645568848,0.3
1788860136.8551278,-1.6427299976348877,-2.5008797645568848,0.3
1788860137.0372689,-1.6427299976348877,-2.5008797645568848,0.3
1788860137.2418547,-1.6427299976348877,-2.5008797645568848,0.3
1788860137.4336233,-1.6427299976348877,-2.5008797645568848,0.3
1788860137.646503,-1.6427299976348877,-2.5008797645568848,0.3
1788860137.8653445,-1.6427299976348877,-2.5008797645568848,0.3
1788860138.0389047,-1.6427299976348877,-2.5008797645568848,0.3
1788860138.234045,-1.6427299976348877,-2.5008797645568848,0.3
1788860138.434444,-1.6427299976348877,-2.5008797645568848,0.3
1788860138.6389663,-1.6427299976348877,-2.5008797645568848,0.3
1788860138.8661454,-1.6427299976348877,-2.5008797645568848,0.3
1788860139.0391588,-1.6427299976348877,-2.5008797645568848,0.3
1788860139.2412438,-1.6427299976348877,-2.5008797645568848,0.3
1788860139.43944,-1.6427299976348877,-2.5008797645568848,0.3
1788860139.642511,-1.6427299976348877,-2.5008797645568848,0.3
1788860139.8561516,-1.6427299976348877,-2.5008797645568848,0.3
1788860140.0435848,-1.6427299976348877,-2.5008797645568848,0.3
1788860140.2444484,-1.6427299976348877,-2.5008797645568848,0.3
1788860140.4392815,-1.6427299976348877,-2.5008797645568848,0.3
1788860140.641324,-1.6427299976348877,-2.5008797645568848,0.3
1788860140.8670871,-1.6427299976348877,-2.5008797645568848,0.3
1788860141.03719,-1.6427299976348877,-2.5008797645568848,0.3
1788860141.2397265,-1.6427299976348877,-2.5008797645568848,0.3
1788860141.434654,-1.6427299976348877,-2.5008797645568848,0.3
1788860141.633124,-1.6427299976348877,-2.5008797645568848,0.3
1788860141.8659189,-1.6427299976348877,-2.5008797645568848,0.3
1788860142.0415843,-1.6427299976348877,-2.5008797645568848,0.3
1788860142.2439864,-1.6427299976348877,-2.5008797645568848,0.3
1788860142.4383864,-1.6427299976348877,-2.5008797645568848,0.3
1788860142.6397634,-1.6427299976348877,-2.5008797645568848,0.3
1788860142.8435328,-1.6427299976348877,-2.5008797645568848,0.3
1788860143.033023,-1.6427299976348877,-2.5008797645568848,0.3
1788860143.232189,-1.6427299976348877,-2.5008797645568848,0.3
1788860143.435008,-1.6427299976348877,-2.5008797645568848,0.3
1788860143.6325693,-1.6427299976348877,-2.5008797645568848,0.3
1788860143.8570986,-1.6427299976348877,-2.5008797645568848,0.3
1788860144.0426366,-1.6427299976348877,-2.5008797645568848,0.3
1788860144.2393143,-1.6427299976348877,-2.5008797645568848,0.3
1788860144.448054,-1.6427299976348877,-2.5008797645568848,0.3
1788860144.6357112,-1.6427299976348877,-2.5008797645568848,0.3
1788860144.842165,-1.942729764545007,-2.5008799999999987,0.3
1788860145.041336,-2.242729764545007,-2.5008799999999987,0.3
1788860145.2354643,-2.542729764545007,-2.5008799999999987,0.3
1788860145.4393578,-2.5427300930023193,-2.5008797645568848,0.3
1788860145.6380618,-2.5427300930023193,-2.5008797645568848,0.3
1788860145.8543708,-2.5427300930023193,-2.5008797645568848,0.3
1788860146.0443575,-2.5427300930023193,-2.5008797645568848,0.3
1788860146.2361033,-2.5427300930023193,-2.5008797645568848,0.3
1788860146.444253,-2.5427300930023193,-2.5008797645568848,0.3
1788860146.6422036,-2.5427300930023193,-2.5008797645568848,0.3
1788860146.8410008,-2.5427300930023193,-2.5008797645568848,0.3
1788860147.0410914,-2.5427300930023193,-2.5008797645568848,0.3
1788860147.2415614,-2.5427300930023193,-2.5008797645568848,0.3
1788860147.4442844,-2.5427300930023193,-2.5008797645568848,0.3
1788860147.638264,-2.5427300930023193,-2.5008797645568848,0.3
1788860147.856942,-2.5427300930023193,-2.5008797645568848,0.3
1788860148.0382373,-2.5427300930023193,-2.5008797645568848,0.3
1788860148.2364106,-2.5427300930023193,-2.5008797645568848,0.3
1788860148.442647,-2.5427300930023193,-2.5008797645568848,0.3
1788860148.6425679,-2.5427300930023193,-2.5008797645568848,0.3
1788860148.860741,-2.5427300930023193,-2.5008797645568848,0.3
1788860149.0421531,-2.5427300930023193,-2.5008797645568848,0.3
1788860149.2421124,-2.5427300930023193,-2.5008797645568848,0.3
1788860149.4431016,-2.5427300930023193,-2.5008797645568848,0.3
1788860149.6329691,-2.5427300930023193,-2.5008797645568848,0.3
1788860149.8546693,-2.5427300930023193,-2.5008797645568848,0.3
1788860150.0475485,-2.5427300930023193,-2.5008797645568848,0.3
1788860150.2404733,-2.5427300930023193,-2.5008797645568848,0.3
1788860150.443488,-2.5427300930023193,-2.5008797645568848,0.3
1788860150.6407475,-2.5427300930023193,-2.5008797645568848,0.3
1788860150.8651493,-2.5427300930023193,-2.5008797645568848,0.3
1788860151.0403802,-2.5427300930023193,-2.5008797645568848,0.3
1788860151.2417417,-2.5427300930023193,-2.5008797645568848,0.3
1788860151.4438255,-2.5427300930023193,-2.5008797645568848,0.3
1788860151.6400514,-2.5427300930023193,-2.5008797645568848,0.3
1788860151.8696523,-2.5427300930023193,-2.5008797645568848,0.3
1788860152.037354,-2.5427300930023193,-2.5008797645568848,0.3
1788860152.2453306,-2.5427300930023193,-2.5008797645568848,0.3
1788860152.4415324,-2.5427300930023193,-2.5008797645568848,0.3
1788860152.6445532,-2.5427300930023193,-2.5008797645568848,0.3
1788860152.8570678,-2.5427300930023193,-2.5008797645568848,0.3
1788860153.0327618,-2.5427300930023193,-2.5008797645568848,0.3
1788860153.2429154,-2.5427300930023193,-2.5008797645568848,0.3
1788860153.4337919,-2.5427300930023193,-2.5008797645568848,0.3
1788860153.6342804,-2.5427300930023193,-2.5008797645568848,0.3
1788860153.8436525,-2.5427300930023193,-2.5008797645568848,0.3
1788860154.039532,-2.5427300930023193,-2.5008797645568848,0.3
1788860154.2427762,-2.5427300930023193,-2.5008797645568848,0.3
1788860154.443673,-2.5427300930023193,-2.5008797645568848,0.3
1788860154.6335208,-2.5427300930023193,-2.5008797645568848,0.3
1788860154.854769,-2.5427300930023193,-2.5008797645568848,0.3
1788860155.0366821,-2.5427300930023193,-2.5008797645568848,0.3
1788860155.2431142,-2.5427300930023193,-2.5008797645568848,0.3
1788860155.4342995,-2.5427300930023193,-2.5008797645568848,0.3
1788860155.6359413,-2.5427300930023193,-2.5008797645568848,0.3
1788860155.8657982,-2.5427300930023193,-2.5008797645568848,0.3
1788860156.0382695,-2.5427300930023193,-2.5008797645568848,0.3
1788860156.2335548,-2.5427300930023193,-2.5008797645568848,0.3
1788860156.4331965,-2.5427300930023193,-2.5008797645568848,0.3
1788860156.6367798,-2.5427300930023193,-2.5008797645568848,0.3
1788860156.867474,-2.5427300930023193,-2.5008797645568848,0.3
1788860157.0480037,-2.5427300930023193,-2.5008797645568848,0.3
1788860157.2321641,-2.5427300930023193,-2.5008797645568848,0.3
1788860157.4359171,-2.5427300930023193,-2.5008797645568848,0.3
1788860157.6416314,-2.5427300930023193,-2.5008797645568848,0.3
1788860157.8580122,-2.5427300930023193,-2.5008797645568848,0.3
1788860158.0374784,-2.5427300930023193,-2.5008797645568848,0.3
1788860158.238721,-2.5427300930023193,-2.5008797645568848,0.3
1788860158.4333205,-2.5427300930023193,-2.5008797645568848,0.3
1788860158.6410928,-2.5427300930023193,-2.5008797645568848,0.3
1788860158.856249,-2.5427300930023193,-2.5008797645568848,0.3
1788860159.0375142,-2.5427300930023193,-2.5008797645568848,0.3
1788860159.2401006,-2.5427300930023193,-2.5008797645568848,0.3
1788860159.434369,-2.5427300930023193,-2.5008797645568848,0.3
1788860159.6334176,-2.5427300930023193,-2.5008797645568848,0.3
1788860159.856751,-2.5427300930023193,-2.5008797645568848,0.3
1788860160.0350037,-2.5427300930023193,-2.5008797645568848,0.3
1788860160.239382,-2.5427300930023193,-2.5008797645568848,0.3
1788860160.4333005,-2.5427300930023193,-2.5008797645568848,0.3
1788860160.6332405,-2.5427300930023193,-2.5008797645568848,0.3
1788860160.8578746,-2.5427300930023193,-2.5008797645568848,0.3
1788860161.0430403,-2.5427300930023193,-2.5008797645568848,0.3
1788860161.2424781,-2.5427300930023193,-2.5008797645568848,0.3
1788860161.4323244,-2.5427300930023193,-2.5008797645568848,0.3
1788860161.6333947,-2.8427297468540114,-2.5008799999999987,0.3
1788860161.863645,-3.142729746854011,-2.5008799999999987,0.3
1788860162.0360544,-3.442729746854011,-2.5008799999999987,0.3
1788860162.245349,-3.442730188369751,-2.5008797645568848,0.3
1788860162.4319634,-3.442730188369751,-2.5008797645568848,0.3
1788860162.6333826,-3.442730188369751,-2.5008797645568848,0.3
1788860162.8534706,-3.442730188369751,-2.5008797645568848,0.3
1788860163.042098,-3.442730188369751,-2.5008797645568848,0.3
1788860163.2366514,-3.442730188369751,-2.5008797645568848,0.3
1788860163.4343777,-3.442730188369751,-2.5008797645568848,0.3
1788860163.6436188,-3.442730188369751,-2.5008797645568848,0.3
1788860163.856404,-3.442730188369751,-2.5008797645568848,0.3
1788860164.0357792,-3.442730188369751,-2.5008797645568848,0.3
1788860164.2427816,-3.442730188369751,-2.5008797645568848,0.3
1788860164.4336574,-3.442730188369751,-2.5008797645568848,0.3
1788860164.650155,-3.442730188369751,-2.5008797645568848,0.3
1788860164.8561516,-3.442730188369751,-2.5008797645568848,0.3
1788860165.0391755,-3.442730188369751,-2.5008797645568848,0.3
1788860165.2435062,-3.442730188369751,-2.5008797645568848,0.3
1788860165.4331346,-3.442730188369751,-2.5008797645568848,0.3
1788860165.637265,-3.442730188369751,-2.5008797645568848,0.3
1788860165.855951,-3.442730188369751,-2.5008797645568848,0.3
1788860166.033902,-3.442730188369751,-2.5008797645568848,0.3
1788860166.2335763,-3.442730188369751,-2.5008797645568848,0.3
1788860166.4386377,-3.442730188369751,-2.5008797645568848,0.3
1788860166.6405466,-3.442730188369751,-2.5008797645568848,0.3
1788860166.8582504,-3.442730188369751,-2.5008797645568848,0.3
1788860167.03703,-3.442730188369751,-2.5008797645568848,0.3
1788860167.233115,-3.442730188369751,-2.5008797645568848,0.3
1788860167.4411597,-3.442730188369751,-2.5008797645568848,0.3
1788860167.6425426,-3.442730188369751,-2.5008797645568848,0.3
1788860167.8536024,-3.442730188369751,-2.5008797645568848,0.3
1788860168.0401175,-3.442730188369751,-2.5008797645568848,0.3
1788860168.2411344,-3.442730188369751,-2.5008797645568848,0.3
1788860168.4365938,-3.442730188369751,-2.5008797645568848,0.3
1788860168.6335013,-3.442730188369751,-2.5008797645568848,0.3
1788860168.8547344,-3.442730188369751,-2.5008797645568848,0.3
1788860169.0422533,-3.442730188369751,-2.5008797645568848,0.3
1788860169.2380316,-3.442730188369751,-2.5008797645568848,0.3
1788860169.4362643,-3.442730188369751,-2.5008797645568848,0.3
1788860169.6331434,-3.442730188369751,-2.5008797645568848,0.3
1788860169.8531625,-3.442730188369751,-2.5008797645568848,0.3
1788860170.0365012,-3.442730188369751,-2.5008797645568848,0.3
1788860170.2407868,-3.442730188369751,-2.5008797645568848,0.3
1788860170.4339817,-3.442730188369751,-2.5008797645568848,0.3
1788860170.6335409,-3.442730188369751,-2.5008797645568848,0.3
1788860170.8535502,-3.442730188369751,-2.5008797645568848,0.3
1788860171.041991,-3.442730188369751,-2.5008797645568848,0.3
1788860171.232608,-3.442730188369751,-2.5008797645568848,0.3
1788860171.4380774,-3.442730188369751,-2.5008797645568848,0.3
1788860171.6383536,-3.442730188369751,-2.5008797645568848,0.3
1788860171.8600004,-3.442730188369751,-2.5008797645568848,0.3
1788860172.0392168,-3.442730188369751,-2.5008797645568848,0.3
1788860172.2424614,-3.442730188369751,-2.5008797645568848,0.3
1788860172.4424253,-3.442730188369751,-2.5008797645568848,0.3
1788860172.6410556,-3.442730188369751,-2.5008797645568848,0.3
1788860172.8510869,-3.442730188369751,-2.5008797645568848,0.3
1788860173.0389953,-3.442730188369751,-2.5008797645568848,0.3
1788860173.2413232,-3.442730188369751,-2.5008797645568848,0.3
1788860173.4387634,-3.442730188369751,-2.5008797645568848,0.3
1788860173.6442873,-3.442730188369751,-2.5008797645568848,0.3
1788860173.8526046,-3.442730188369751,-2.5008797645568848,0.3
1788860174.0411985,-3.442730188369751,-2.5008797645568848,0.3
1788860174.236204,-3.442730188369751,-2.5008797645568848,0.3
1788860174.4401324,-3.442730188369751,-2.5008797645568848,0.3
1788860174.642632,-3.442730188369751,-2.5008797645568848,0.3
1788860174.8430657,-3.442730188369751,-2.5008797645568848,0.3
1788860175.0398557,-3.442730188369751,-2.5008797645568848,0.3
1788860175.239596,-3.442730188369751,-2.5008797645568848,0.3
1788860175.440634,-3.442730188369751,-2.5008797645568848,0.3
1788860175.6410415,-3.442730188369751,-2.5008797645568848,0.3
1788860175.8549297,-3.442730188369751,-2.5008797645568848,0.3
1788860176.0436578,-3.442730188369751,-2.5008797645568848,0.3
1788860176.232983,-3.442730188369751,-2.5008797645568848,0.3
1788860176.440799,-3.442730188369751,-2.5008797645568848,0.3
1788860176.6367147,-3.442730188369751,-2.5008797645568848,0.3
1788860176.8553057,-3.442730188369751,-2.5008797645568848,0.3
1788860177.0438902,-3.442730188369751,-2.5008797645568848,0.3
1788860177.2395763,-3.442730188369751,-2.5008797645568848,0.3
1788860177.4421556,-3.442730188369751,-2.5008797645568848,0.3
1788860177.6347382,-3.442730188369751,-2.5008797645568848,0.3
1788860177.841007,-3.442730188369751,-2.5008797645568848,0.3
1788860178.0350158,-3.442730188369751,-2.5008797645568848,0.3
1788860178.2424254,-3.442730188369751,-2.5008797645568848,0.3
1788860178.4433346,-3.442730188369751,-2.5008797645568848,0.3
1788860178.635121,-3.442730188369751,-2.5008797645568848,0.3
1788860178.854761,-3.44273,-2.2008803015238336,0.3
1788860179.038724,-3.654861821146416,-1.9887481788535828,0.3
1788860179.233361,-3.742730140686035,-1.9008798599243164,0.3
1788860179.4336853,-3.742730140686035,-1.9008798599243164,0.3
1788860179.6331017,-3.742730140686035,-1.9008798599243164,0.3
1788860179.8518593,-3.742730140686035,-1.9008798599243164,0.3
1788860180.0438244,-3.742730140686035,-1.9008798599243164,0.3
1788860180.2387867,-3.742730140686035,-1.9008798599243164,0.3
1788860180.434041,-3.742730140686035,-1.9008798599243164,0.3
1788860180.6429338,-3.742730140686035,-1.9008798599243164,0.3
1788860180.852464,-3.742730140686035,-1.9008798599243164,0.3
1788860181.041986,-3.742730140686035,-1.9008798599243164,0.3
1788860181.2359319,-3.742730140686035,-1.9008798599243164,0.3
1788860181.4415386,-3.742730140686035,-1.9008798599243164,0.3
1788860181.6359274,-3.742730140686035,-1.9008798599243164,0.3
1788860181.841739,-3.742730140686035,-1.9008798599243164,0.3
1788860182.0419648,-3.742730140686035,-1.9008798599243164,0.3
1788860182.2400289,-3.742730140686035,-1.9008798599243164,0.3
1788860182.440357,-3.742730140686035,-1.9008798599243164,0.3
1788860182.6410124,-3.742730140686035,-1.9008798599243164,0.3
1788860182.8533216,-3.742730140686035,-1.9008798599243164,0.3
1788860183.0336404,-3.742730140686035,-1.9008798599243164,0.3
1788860183.2330692,-3.742730140686035,-1.9008798599243164,0.3
1788860183.440763,-3.742730140686035,-1.9008798599243164,0.3
1788860183.6342578,-3.742730140686035,-1.9008798599243164,0.3
1788860183.8421068,-3.742730140686035,-1.9008798599243164,0.3
1788860184.0348754,-3.742730140686035,-1.9008798599243164,0.3
1788860184.2330897,-3.742730140686035,-1.9008798599243164,0.3
1788860184.4331782,-3.742730140686035,-1.9008798599243164,0.3
1788860184.6330526,-3.742730140686035,-1.9008798599243164,0.3
1788860184.8435752,-3.742730140686035,-1.9008798599243164,0.3
1788860185.0314407,-3.742730140686035,-1.9008798599243164,0.3
1788860185.2319458,-3.742730140686035,-1.9008798599243164,0.3
1788860185.439186,-3.742730140686035,-1.9008798599243164,0.3
1788860185.6418886,-3.742730140686035,-1.9008798599243164,0.3
1788860185.866661,-3.742730140686035,-1.9008798599243164,0.3
1788860186.0410156,-3.742730140686035,-1.9008798599243164,0.3
1788860186.2387235,-3.742730140686035,-1.9008798599243164,0.3
1788860186.4333026,-3.742730140686035,-1.9008798599243164,0.3
1788860186.634283,-3.742730140686035,-1.9008798599243164,0.3
1788860186.8546114,-3.742730140686035,-1.9008798599243164,0.3
1788860187.0339634,-3.742730140686035,-1.9008798599243164,0.3
1788860187.2330894,-3.742730140686035,-1.9008798599243164,0.3
1788860187.4330568,-3.742730140686035,-1.9008798599243164,0.3
1788860187.6361034,-3.742730140686035,-1.9008798599243164,0.3
1788860187.848224,-3.742730140686035,-1.9008798599243164,0.3
1788860188.0392754,-3.742730140686035,-1.9008798599243164,0.3
1788860188.2330337,-3.742730140686035,-1.9008798599243164,0.3
1788860188.4330375,-3.742730140686035,-1.9008798599243164,0.3
1788860188.6356683,-3.742730140686035,-1.9008798599243164,0.3
1788860188.842747,-3.742730140686035,-1.9008798599243164,0.3
1788860189.0355132,-3.742730140686035,-1.9008798599243164,0.3
1788860189.2332964,-3.742730140686035,-1.9008798599243164,0.3
1788860189.4324203,-3.742730140686035,-1.9008798599243164,0.3
1788860189.6435897,-3.742730140686035,-1.9008798599243164,0.3
1788860189.8585513,-3.742730140686035,-1.9008798599243164,0.3
1788860190.0327356,-3.742730140686035,-1.9008798599243164,0.3
1788860190.2392075,-3.742730140686035,-1.9008798599243164,0.3
1788860190.4344082,-3.742730140686035,-1.9008798599243164,0.3
1788860190.6360414,-3.742730140686035,-1.9008798599243164,0.3
1788860190.85268,-3.742730140686035,-1.9008798599243164,0.3
1788860191.0351944,-3.742730140686035,-1.9008798599243164,0.3
1788860191.2347555,-3.742730140686035,-1.9008798599243164,0.3
1788860191.4349098,-3.742730140686035,-1.9008798599243164,0.3
1788860191.6441457,-3.742730140686035,-1.9008798599243164,0.3
1788860191.8445926,-3.742730140686035,-1.9008798599243164,0.3
1788860192.0327122,-3.742730140686035,-1.9008798599243164,0.3
1788860192.2410882,-3.742730140686035,-1.9008798599243164,0.3
1788860192.434083,-3.742730140686035,-1.9008798599243164,0.3
1788860192.6323586,-3.742730140686035,-1.9008798599243164,0.3
1788860192.855086,-3.742730140686035,-1.9008798599243164,0.3
1788860193.0439734,-3.742730140686035,-1.9008798599243164,0.3
1788860193.23908,-3.742730140686035,-1.9008798599243164,0.3
1788860193.439143,-3.742730140686035,-1.9008798599243164,0.3
1788860193.6463068,-3.742730140686035,-1.9008798599243164,0.3
1788860193.8547826,-3.742730140686035,-1.9008798599243164,0.3
1788860194.0422251,-3.742730140686035,-1.9008798599243164,0.3
1788860194.2432244,-3.742730140686035,-1.9008798599243164,0.3
1788860194.4396558,-3.742730140686035,-1.9008798599243164,0.3
1788860194.6436489,-3.742730140686035,-1.9008798599243164,0.3
1788860194.855397,-3.742730140686035,-1.9008798599243164,0.3
1788860195.0334287,-3.742730140686035,-1.9008798599243164,0.3
1788860195.2406263,-3.742730140686035,-1.9008798599243164,0.3
1788860195.4385478,-3.4427301985289835,-1.900879999999999,0.3
1788860195.6381147,-3.1427301985289837,-1.900879999999999,0.3
1788860195.8533092,-2.842730198528984,-1.900879999999999,0.3
1788860196.0336006,-2.542730198528984,-1.900879999999999,0.3
1788860196.2352903,-2.2427301985289843,-1.900879999999999,0.3
1788860196.4322793,-1.9427301985289842,-1.900879999999999,0.3
1788860196.639328,-1.7305981060252267,-2.113011893974772,0.3
1788860196.8422544,-1.5184660716692622,-2.325143928330736,0.3
1788860197.0320683,-1.306334037313298,-2.5372759626867003,0.3
1788860197.2316055,-1.094202002957334,-2.749407997042665,0.3
1788860197.4325006,-0.8820699686013698,-2.9615400313986293,0.3
1788860197.6405265,-0.7427301406860352,-3.100879669189453,0.3
1788860197.8543084,-0.7427301406860352,-3.100879669189453,0.3
1788860198.0384555,-0.7427301406860352,-3.100879669189453,0.3
1788860198.2355244,-0.7427301406860352,-3.100879669189453,0.3
1788860198.4356287,-0.7427301406860352,-3.100879669189453,0.3
1788860198.646317,-0.7427301406860352,-3.100879669189453,0.3
1788860198.8566442,-0.7427301406860352,-3.100879669189453,0.3
1788860199.0392544,-0.7427301406860352,-3.100879669189453,0.3
1788860199.241768,-0.7427301406860352,-3.100879669189453,0.3
1788860199.4339542,-0.7427301406860352,-3.100879669189453,0.3
1788860199.642937,-0.7427301406860352,-3.100879669189453,0.3
1788860199.8530207,-0.7427301406860352,-3.100879669189453,0.3
1788860200.0447917,-0.7427301406860352,-3.100879669189453,0.3
1788860200.2414172,-0.7427301406860352,-3.100879669189453,0.3
1788860200.4351192,-0.7427301406860352,-3.100879669189453,0.3
1788860200.6409526,-0.7427301406860352,-3.100879669189453,0.3
1788860200.8539958,-0.7427301406860352,-3.100879669189453,0.3
1788860201.0376713,-0.7427301406860352,-3.100879669189453,0.3
1788860201.2410128,-0.7427301406860352,-3.100879669189453,0.3
1788860201.4314592,-0.7427301406860352,-3.100879669189453,0.3
1788860201.641309,-0.7427301406860352,-3.100879669189453,0.3
1788860201.8425682,-0.7427301406860352,-3.100879669189453,0.3
1788860202.0441692,-0.7427301406860352,-3.100879669189453,0.3
1788860202.2452993,-0.7427301406860352,-3.100879669189453,0.3
1788860202.43339,-0.7427301406860352,-3.100879669189453,0.3
1788860202.6350272,-0.7427301406860352,-3.100879669189453,0.3
1788860202.865054,-0.7427301406860352,-3.100879669189453,0.3
1788860203.0416005,-0.7427301406860352,-3.100879669189453,0.3
1788860203.2412112,-0.7427301406860352,-3.100879669189453,0.3
1788860203.434159,-0.7427301406860352,-3.100879669189453,0.3
1788860203.6337247,-0.7427301406860352,-3.100879669189453,0.3
1788860203.8662534,-0.7427301406860352,-3.100879669189453,0.3
1788860204.0365796,-0.7427301406860352,-3.100879669189453,0.3
1788860204.243166,-0.7427301406860352,-3.100879669189453,0.3
1788860204.4360607,-0.7427301406860352,-3.100879669189453,0.3
1788860204.6394756,-0.7427301406860352,-3.100879669189453,0.3
1788860204.8570366,-0.7427301406860352,-3.100879669189453,0.3
1788860205.0441546,-0.7427301406860352,-3.100879669189453,0.3
1788860205.2451134,-0.7427301406860352,-3.100879669189453,0.3
1788860205.4331145,-0.7427301406860352,-3.100879669189453,0.3
1788860205.6355731,-0.7427301406860352,-3.100879669189453,0.3
1788860205.8685288,-0.7427301406860352,-3.100879669189453,0.3
1788860206.0370615,-0.7427301406860352,-3.100879669189453,0.3
1788860206.2375333,-0.7427301406860352,-3.100879669189453,0.3
1788860206.4367242,-0.7427301406860352,-3.100879669189453,0.3
1788860206.6458998,-0.7427301406860352,-3.100879669189453,0.3
1788860206.8516126,-0.7427301406860352,-3.100879669189453,0.3
1788860207.0420613,-0.7427301406860352,-3.100879669189453,0.3
1788860207.232211,-0.7427301406860352,-3.100879669189453,0.3
1788860207.4352834,-0.7427301406860352,-3.100879669189453,0.3
1788860207.6429245,-0.7427301406860352,-3.100879669189453,0.3
1788860207.8712676,-0.7427301406860352,-3.100879669189453,0.3
1788860208.0323625,-0.7427301406860352,-3.100879669189453,0.3
1788860208.2325845,-0.7427301406860352,-3.100879669189453,0.3
1788860208.4335124,-0.7427301406860352,-3.100879669189453,0.3
1788860208.6341965,-0.7427301406860352,-3.100879669189453,0.3
1788860208.8436742,-0.7427301406860352,-3.100879669189453,0.3
1788860209.035182,-0.7427301406860352,-3.100879669189453,0.3
1788860209.241289,-0.7427301406860352,-3.100879669189453,0.3
1788860209.4441764,-0.7427301406860352,-3.100879669189453,0.3
1788860209.6410336,-0.7427301406860352,-3.100879669189453,0.3
1788860209.85478,-0.7427301406860352,-3.100879669189453,0.3
1788860210.0382905,-0.7427301406860352,-3.100879669189453,0.3
1788860210.2453384,-0.7427301406860352,-3.100879669189453,0.3
1788860210.4416268,-0.7427301406860352,-3.100879669189453,0.3
1788860210.6444914,-0.7427301406860352,-3.100879669189453,0.3
1788860210.853144,-0.7427301406860352,-3.100879669189453,0.3
1788860211.0391557,-0.7427301406860352,-3.100879669189453,0.3
1788860211.2434313,-0.7427301406860352,-3.100879669189453,0.3
1788860211.4442186,-0.7427301406860352,-3.100879669189453,0.3
1788860211.6422734,-0.7427301406860352,-3.100879669189453,0.3
1788860211.8421226,-0.7427301406860352,-3.100879669189453,0.3
1788860212.0402987,-0.7427301406860352,-3.100879669189453,0.3
1788860212.2385256,-0.7427301406860352,-3.100879669189453,0.3
1788860212.4370217,-0.7427301406860352,-3.100879669189453,0.3
1788860212.6411426,-0.7427301406860352,-3.100879669189453,0.3
1788860212.8532338,-0.7427301406860352,-3.100879669189453,0.3
1788860213.041676,-0.7427301406860352,-3.100879669189453,0.3
1788860213.2417552,-0.7427301406860352,-3.100879669189453,0.3
1788860213.4408529,-0.7427301406860352,-3.100879669189453,0.3
1788860213.6422217,-0.7427301406860352,-3.100879669189453,0.3
1788860213.8407545,-0.7427299999999999,-2.800880359483209,0.3
1788860214.0343297,-0.9548617801629486,-2.5887482198370497,0.3
1788860214.234767,-1.0427298545837402,-2.5008797645568848,0.3
1788860214.434616,-1.0427298545837402,-2.5008797645568848,0.3
1788860214.632983,-1.0427298545837402,-2.5008797645568848,0.3
1788860214.8443148,-1.0427298545837402,-2.5008797645568848,0.3
1788860215.0330508,-1.0427298545837402,-2.5008797645568848,0.3
1788860215.232057,-1.0427298545837402,-2.5008797645568848,0.3
1788860215.4331686,-1.0427298545837402,-2.5008797645568848,0.3
1788860215.6365998,-1.0427298545837402,-2.5008797645568848,0.3
1788860215.8686519,-1.0427298545837402,-2.5008797645568848,0.3
1788860216.041646,-1.0427298545837402,-2.5008797645568848,0.3
1788860216.2442386,-1.0427298545837402,-2.5008797645568848,0.3
1788860216.432445,-1.0427298545837402,-2.5008797645568848,0.3
1788860216.6332688,-1.0427298545837402,-2.5008797645568848,0.3
1788860216.854699,-1.0427298545837402,-2.5008797645568848,0.3
1788860217.0371032,-1.0427298545837402,-2.5008797645568848,0.3
1788860217.237877,-1.0427298545837402,-2.5008797645568848,0.3
1788860217.4334943,-1.0427298545837402,-2.5008797645568848,0.3
1788860217.634321,-1.0427298545837402,-2.5008797645568848,0.3
1788860217.857121,-1.0427298545837402,-2.5008797645568848,0.3
1788860218.0323431,-1.0427298545837402,-2.5008797645568848,0.3
1788860218.2446208,-1.0427298545837402,-2.5008797645568848,0.3
1788860218.4341152,-1.0427298545837402,-2.5008797645568848,0.3
1788860218.6421201,-1.0427298545837402,-2.5008797645568848,0.3
1788860218.8553371,-1.0427298545837402,-2.5008797645568848,0.3
1788860219.0424376,-1.0427298545837402,-2.5008797645568848,0.3
1788860219.238463,-1.0427298545837402,-2.5008797645568848,0.3
1788860219.4343905,-1.0427298545837402,-2.5008797645568848,0.3
1788860219.6402547,-1.0427298545837402,-2.5008797645568848,0.3
1788860219.8544726,-1.0427298545837402,-2.5008797645568848,0.3
1788860220.0370867,-1.0427298545837402,-2.5008797645568848,0.3
1788860220.2377672,-1.0427298545837402,-2.5008797645568848,0.3
1788860220.43371,-1.0427298545837402,-2.5008797645568848,0.3
1788860220.6409116,-1.0427298545837402,-2.5008797645568848,0.3
1788860220.8531356,-1.0427298545837402,-2.5008797645568848,0.3
1788860221.0382526,-1.0427298545837402,-2.5008797645568848,0.3
1788860221.241165,-1.0427298545837402,-2.5008797645568848,0.3
1788860221.434719,-1.0427298545837402,-2.5008797645568848,0.3
1788860221.6372406,-1.0427298545837402,-2.5008797645568848,0.3
1788860221.8534124,-1.0427298545837402,-2.5008797645568848,0.3
1788860222.0336246,-1.0427298545837402,-2.5008797645568848,0.3
1788860222.2326925,-1.0427298545837402,-2.5008797645568848,0.3
1788860222.4360979,-1.0427298545837402,-2.5008797645568848,0.3
1788860222.6391656,-1.0427298545837402,-2.5008797645568848,0.3
1788860222.8540757,-1.0427298545837402,-2.5008797645568848,0.3
1788860223.036048,-1.0427298545837402,-2.5008797645568848,0.3
1788860223.2380521,-1.0427298545837402,-2.5008797645568848,0.3
1788860223.4331803,-1.0427298545837402,-2.5008797645568848,0.3
1788860223.641171,-1.0427298545837402,-2.5008797645568848,0.3
1788860223.854623,-1.0427298545837402,-2.5008797645568848,0.3
1788860224.0403833,-1.0427298545837402,-2.5008797645568848,0.3
1788860224.2383807,-1.0427298545837402,-2.5008797645568848,0.3
1788860224.4335775,-1.0427298545837402,-2.5008797645568848,0.3
1788860224.6405716,-1.0427298545837402,-2.5008797645568848,0.3
1788860224.8534343,-1.0427298545837402,-2.5008797645568848,0.3
1788860225.0386968,-1.0427298545837402,-2.5008797645568848,0.3
1788860225.2390132,-1.0427298545837402,-2.5008797645568848,0.3
1788860225.4359612,-1.0427298545837402,-2.5008797645568848,0.3
1788860225.6404746,-1.0427298545837402,-2.5008797645568848,0.3
1788860225.856421,-1.0427298545837402,-2.5008797645568848,0.3
1788860226.042794,-1.0427298545837402,-2.5008797645568848,0.3
1788860226.2391546,-1.0427298545837402,-2.5008797645568848,0.3
1788860226.4349086,-1.0427298545837402,-2.5008797645568848,0.3
1788860226.6379936,-1.0427298545837402,-2.5008797645568848,0.3
1788860226.8440568,-1.0427298545837402,-2.5008797645568848,0.3
1788860227.0337186,-1.0427298545837402,-2.5008797645568848,0.3
1788860227.2372568,-1.0427298545837402,-2.5008797645568848,0.3
1788860227.4336145,-1.0427298545837402,-2.5008797645568848,0.3
1788860227.6332097,-1.0427298545837402,-2.5008797645568848,0.3
1788860227.8444126,-1.0427298545837402,-2.5008797645568848,0.3
1788860228.0374246,-1.0427298545837402,-2.5008797645568848,0.3
1788860228.242571,-1.0427298545837402,-2.5008797645568848,0.3
1788860228.4339602,-1.0427298545837402,-2.5008797645568848,0.3
1788860228.633066,-1.0427298545837402,-2.5008797645568848,0.3
1788860228.8549802,-1.0427298545837402,-2.5008797645568848,0.3
1788860229.0387523,-1.0427298545837402,-2.5008797645568848,0.3
1788860229.2402394,-1.0427298545837402,-2.5008797645568848,0.3
1788860229.433963,-1.0427298545837402,-2.5008797645568848,0.3
1788860229.6334693,-1.0427298545837402,-2.5008797645568848,0.3
1788860229.8542318,-1.0427298545837402,-2.5008797645568848,0.3
1788860230.0335226,-1.0427298545837402,-2.5008797645568848,0.3
1788860230.2381124,-1.0427298545837402,-2.5008797645568848,0.3
1788860230.4453638,-1.0427298545837402,-2.5008797645568848,0.3
1788860230.6352,-1.0427298545837402,-2.5008797645568848,0.3
1788860230.852973,-1.3427297232702609,-2.5008799999999987,0.3
1788860231.0324237,-1.642729723270261,-2.5008799999999987,0.3
1788860231.2401812,-1.942729723270261,-2.5008799999999987,0.3
1788860231.4312408,-2.2427297232702608,-2.5008799999999987,0.3
1788860231.6361678,-2.5427297232702606,-2.5008799999999987,0.3
1788860231.8537574,-2.8427297232702604,-2.5008799999999987,0.3
1788860232.0361037,-3.1427297232702602,-2.5008799999999987,0.3
1788860232.2399411,-3.44272972327026,-2.5008799999999987,0.3
1788860232.4327579,-3.74272972327026,-2.5008799999999987,0.3
1788860232.6373537,-3.9548618386784886,-2.7130118386784874,0.3
1788860232.8539214,-4.042730331420898,-2.800879955291748,0.3
1788860233.0355904,-4.042730331420898,-2.800879955291748,0.3
1788860233.2371817,-4.042730331420898,-2.800879955291748,0.3
1788860233.431942,-4.042730331420898,-2.800879955291748,0.3
1788860233.6390781,-4.042730331420898,-2.800879955291748,0.3
1788860233.8413346,-4.042730331420898,-2.800879955291748,0.3
1788860234.0386066,-4.042730331420898,-2.800879955291748,0.3
1788860234.236526,-4.042730331420898,-2.800879955291748,0.3
1788860234.4345398,-4.042730331420898,-2.800879955291748,0.3
1788860234.64179,-4.042730331420898,-2.800879955291748,0.3
1788860234.850711,-4.042730331420898,-2.800879955291748,0.3
1788860235.0329723,-4.042730331420898,-2.800879955291748,0.3
1788860235.2382922,-4.042730331420898,-2.800879955291748,0.3
1788860235.4305677,-4.042730331420898,-2.800879955291748,0.3
1788860235.639741,-4.042730331420898,-2.800879955291748,0.3
1788860235.841371,-4.042730331420898,-2.800879955291748,0.3
1788860236.0300124,-4.042730331420898,-2.800879955291748,0.3
1788860236.235156,-4.042730331420898,-2.800879955291748,0.3
1788860236.4306424,-4.042730331420898,-2.800879955291748,0.3
1788860236.6377704,-4.042730331420898,-2.800879955291748,0.3
1788860236.8502343,-4.042730331420898,-2.800879955291748,0.3
1788860237.0345082,-4.042730331420898,-2.800879955291748,0.3
1788860237.233728,-4.042730331420898,-2.800879955291748,0.3
1788860237.433209,-4.042730331420898,-2.800879955291748,0.3
1788860237.6351979,-4.042730331420898,-2.800879955291748,0.3
1788860237.8532052,-4.042730331420898,-2.800879955291748,0.3
1788860238.033536,-4.042730331420898,-2.800879955291748,0.3
1788860238.231525,-4.042730331420898,-2.800879955291748,0.3
1788860238.433386,-4.042730331420898,-2.800879955291748,0.3
1788860238.63471,-4.042730331420898,-2.800879955291748,0.3
1788860238.8637302,-4.042730331420898,-2.800879955291748,0.3
1788860239.0307403,-4.042730331420898,-2.800879955291748,0.3
1788860239.2302058,-4.042730331420898,-2.800879955291748,0.3
1788860239.430484,-4.042730331420898,-2.800879955291748,0.3
1788860239.6315942,-4.042730331420898,-2.800879955291748,0.3
1788860239.852367,-4.042730331420898,-2.800879955291748,0.3
1788860240.032267,-4.042730331420898,-2.800879955291748,0.3
1788860240.2355132,-4.042730331420898,-2.800879955291748,0.3
1788860240.4335332,-4.042730331420898,-2.800879955291748,0.3
1788860240.6427112,-4.042730331420898,-2.800879955291748,0.3
1788860240.8522444,-4.042730331420898,-2.800879955291748,0.3
1788860241.0353904,-4.042730331420898,-2.800879955291748,0.3
1788860241.231278,-4.042730331420898,-2.800879955291748,0.3
1788860241.434791,-4.042730331420898,-2.800879955291748,0.3
1788860241.6429684,-4.042730331420898,-2.800879955291748,0.3
1788860241.8423808,-4.042730331420898,-2.800879955291748,0.3
1788860242.0337067,-4.042730331420898,-2.800879955291748,0.3
1788860242.232479,-4.042730331420898,-2.800879955291748,0.3
1788860242.4320612,-4.042730331420898,-2.800879955291748,0.3
1788860242.6372452,-4.042730331420898,-2.800879955291748,0.3
1788860242.8514316,-4.042730331420898,-2.800879955291748,0.3
1788860243.0304558,-4.042730331420898,-2.800879955291748,0.3
1788860243.2380245,-4.042730331420898,-2.800879955291748,0.3
1788860243.433794,-4.042730331420898,-2.800879955291748,0.3
1788860243.6382217,-4.042730331420898,-2.800879955291748,0.3
1788860243.8550532,-4.042730331420898,-2.800879955291748,0.3
1788860244.0365634,-4.042730331420898,-2.800879955291748,0.3
1788860244.2362413,-4.042730331420898,-2.800879955291748,0.3
1788860244.4361942,-4.042730331420898,-2.800879955291748,0.3
1788860244.634136,-4.042730331420898,-2.800879955291748,0.3
1788860244.8554635,-4.042730331420898,-2.800879955291748,0.3
1788860245.0345008,-4.042730331420898,-2.800879955291748,0.3
1788860245.2353616,-4.042730331420898,-2.800879955291748,0.3
1788860245.4354138,-4.042730331420898,-2.800879955291748,0.3
1788860245.6371627,-4.042730331420898,-2.800879955291748,0.3
1788860245.8511794,-4.042730331420898,-2.800879955291748,0.3
1788860246.03451,-4.042730331420898,-2.800879955291748,0.3
1788860246.238347,-4.042730331420898,-2.800879955291748,0.3
1788860246.4371133,-4.042730331420898,-2.800879955291748,0.3
1788860246.631535,-4.042730331420898,-2.800879955291748,0.3
1788860246.8507025,-4.042730331420898,-2.800879955291748,0.3
1788860247.0349472,-4.042730331420898,-2.800879955291748,0.3
1788860247.2326162,-4.042730331420898,-2.800879955291748,0.3
1788860247.4324455,-4.042730331420898,-2.800879955291748,0.3
1788860247.6314192,-4.042730331420898,-2.800879955291748,0.3
1788860247.8417563,-4.042730331420898,-2.800879955291748,0.3
1788860248.0316021,-4.042730331420898,-2.800879955291748,0.3
1788860248.2311676,-4.042730331420898,-2.800879955291748,0.3
1788860248.432425,-4.042730331420898,-2.800879955291748,0.3
1788860248.6309893,-4.042730331420898,-2.800879955291748,0.3
1788860248.8408744,-4.042730331420898,-2.800879955291748,0.3
1788860249.034492,-3.8305982021166978,-3.0130117978833018,0.3
1788860249.2335663,-3.6184661677607335,-3.2251438322392656,0.3
1788860249.4310691,-3.442730188369751,-3.4008798599243164,0.3
1788860249.6325874,-3.442730188369751,-3.4008798599243164,0.3
1788860249.8516417,-3.442730188369751,-3.4008798599243164,0.3
1788860250.0323646,-3.442730188369751,-3.4008798599243164,0.3
1788860250.2384377,-3.442730188369751,-3.4008798599243164,0.3
1788860250.4330661,-3.442730188369751,-3.4008798599243164,0.3
1788860250.6343234,-3.442730188369751,-3.4008798599243164,0.3
1788860250.853803,-3.442730188369751,-3.4008798599243164,0.3
1788860251.0326025,-3.442730188369751,-3.4008798599243164,0.3
1788860251.2331986,-3.442730188369751,-3.4008798599243164,0.3
1788860251.4342597,-3.442730188369751,-3.4008798599243164,0.3
1788860251.6455607,-3.442730188369751,-3.4008798599243164,0.3
1788860251.8652139,-3.442730188369751,-3.4008798599243164,0.3
1788860252.0297172,-3.442730188369751,-3.4008798599243164,0.3
1788860252.2304475,-3.442730188369751,-3.4008798599243164,0.3
1788860252.4310372,-3.442730188369751,-3.4008798599243164,0.3
1788860252.6304007,-3.442730188369751,-3.4008798599243164,0.3
1788860252.8683662,-3.442730188369751,-3.4008798599243164,0.3
1788860253.0355263,-3.442730188369751,-3.4008798599243164,0.3
1788860253.2321725,-3.442730188369751,-3.4008798599243164,0.3
1788860253.431755,-3.442730188369751,-3.4008798599243164,0.3
1788860253.6310682,-3.442730188369751,-3.4008798599243164,0.3
1788860253.8681173,-3.442730188369751,-3.4008798599243164,0.3
1788860254.0397105,-3.442730188369751,-3.4008798599243164,0.3
1788860254.2332773,-3.442730188369751,-3.4008798599243164,0.3
1788860254.4352043,-3.442730188369751,-3.4008798599243164,0.3
1788860254.6389096,-3.442730188369751,-3.4008798599243164,0.3
1788860254.866311,-3.442730188369751,-3.4008798599243164,0.3
1788860255.0346172,-3.442730188369751,-3.4008798599243164,0.3
1788860255.2407994,-3.442730188369751,-3.4008798599243164,0.3
1788860255.4333262,-3.442730188369751,-3.4008798599243164,0.3
1788860255.638453,-3.442730188369751,-3.4008798599243164,0.3
1788860255.8673558,-3.442730188369751,-3.4008798599243164,0.3
1788860256.0350459,-3.442730188369751,-3.4008798599243164,0.3
1788860256.2399635,-3.442730188369751,-3.4008798599243164,0.3
1788860256.4327586,-3.442730188369751,-3.4008798599243164,0.3
1788860256.6387758,-3.442730188369751,-3.4008798599243164,0.3
1788860256.8530188,-3.442730188369751,-3.4008798599243164,0.3
1788860257.0363307,-3.442730188369751,-3.4008798599243164,0.3
1788860257.2372403,-3.442730188369751,-3.4008798599243164,0.3
1788860257.431655,-3.442730188369751,-3.4008798599243164,0.3
1788860257.6354597,-3.442730188369751,-3.4008798599243164,0.3
1788860257.8533092,-3.442730188369751,-3.4008798599243164,0.3
1788860258.034772,-3.442730188369751,-3.4008798599243164,0.3
1788860258.2363029,-3.442730188369751,-3.4008798599243164,0.3
1788860258.4338696,-3.442730188369751,-3.4008798599243164,0.3
1788860258.6424382,-3.442730188369751,-3.4008798599243164,0.3
1788860258.854089,-3.442730188369751,-3.4008798599243164,0.3
1788860259.0377452,-3.442730188369751,-3.4008798599243164,0.3
1788860259.2393947,-3.442730188369751,-3.4008798599243164,0.3
1788860259.4323807,-3.442730188369751,-3.4008798599243164,0.3
1788860259.6400716,-3.442730188369751,-3.4008798599243164,0.3
1788860259.8637223,-3.442730188369751,-3.4008798599243164,0.3
1788860260.0366075,-3.442730188369751,-3.4008798599243164,0.3
1788860260.2383277,-3.442730188369751,-3.4008798599243164,0.3
1788860260.4317474,-3.442730188369751,-3.4008798599243164,0.3
1788860260.6406658,-3.442730188369751,-3.4008798599243164,0.3
1788860260.8684113,-3.442730188369751,-3.4008798599243164,0.3
1788860261.0364876,-3.442730188369751,-3.4008798599243164,0.3
1788860261.234947,-3.442730188369751,-3.4008798599243164,0.3
1788860261.4321892,-3.442730188369751,-3.4008798599243164,0.3
1788860261.6405177,-3.442730188369751,-3.4008798599243164,0.3
1788860261.851557,-3.442730188369751,-3.4008798599243164,0.3
1788860262.0355859,-3.442730188369751,-3.4008798599243164,0.3
1788860262.2306561,-3.442730188369751,-3.4008798599243164,0.3
1788860262.4313354,-3.442730188369751,-3.4008798599243164,0.3
1788860262.638013,-3.442730188369751,-3.4008798599243164,0.3
1788860262.8553205,-3.442730188369751,-3.4008798599243164,0.3
1788860263.0396748,-3.442730188369751,-3.4008798599243164,0.3
1788860263.2411675,-3.442730188369751,-3.4008798599243164,0.3
1788860263.4315464,-3.442730188369751,-3.4008798599243164,0.3
1788860263.6389594,-3.442730188369751,-3.4008798599243164,0.3
1788860263.8516383,-3.442730188369751,-3.4008798599243164,0.3
1788860264.0416582,-3.442730188369751,-3.4008798599243164,0.3
1788860264.239303,-3.442730188369751,-3.4008798599243164,0.3
1788860264.4313457,-3.442730188369751,-3.4008798599243164,0.3
1788860264.6406832,-3.442730188369751,-3.4008798599243164,0.3
1788860264.8536959,-3.442730188369751,-3.4008798599243164,0.3
1788860265.0359328,-3.442730188369751,-3.4008798599243164,0.3
1788860265.2315018,-3.442730188369751,-3.4008798599243164,0.3
1788860265.4313192,-3.442730188369751,-3.4008798599243164,0.3
1788860265.6342723,-3.742729765256821,-3.400879999999999,0.3
1788860265.8521402,-4.042729765256821,-3.400879999999999,0.3
1788860266.0354536,-4.042730331420898,-3.4008798599243164,0.3
1788860266.240973,-4.042730331420898,-3.4008798599243164,0.3
1788860266.4310853,-4.042730331420898,-3.4008798599243164,0.3
1788860266.6327364,-4.042730331420898,-3.4008798599243164,0.3
1788860266.865311,-4.042730331420898,-3.4008798599243164,0.3
1788860267.0439785,-4.042730331420898,-3.4008798599243164,0.3
1788860267.2382991,-4.042730331420898,-3.4008798599243164,0.3
1788860267.4316394,-4.042730331420898,-3.4008798599243164,0.3
1788860267.6389377,-4.042730331420898,-3.4008798599243164,0.3
1788860267.866475,-4.042730331420898,-3.4008798599243164,0.3
1788860268.0399785,-4.042730331420898,-3.4008798599243164,0.3
1788860268.2376573,-4.042730331420898,-3.4008798599243164,0.3
1788860268.4411247,-4.042730331420898,-3.4008798599243164,0.3
1788860268.6400766,-4.042730331420898,-3.4008798599243164,0.3
1788860268.8637564,-4.042730331420898,-3.4008798599243164,0.3
1788860269.0377128,-4.042730331420898,-3.4008798599243164,0.3
1788860269.2351656,-4.042730331420898,-3.4008798599243164,0.3
1788860269.4310727,-4.042730331420898,-3.4008798599243164,0.3
1788860269.6317449,-4.042730331420898,-3.4008798599243164,0.3
1788860269.8654292,-4.042730331420898,-3.4008798599243164,0.3
1788860270.0364451,-4.042730331420898,-3.4008798599243164,0.3
1788860270.2395508,-4.042730331420898,-3.4008798599243164,0.3
1788860270.43927,-4.042730331420898,-3.4008798599243164,0.3
1788860270.6455984,-4.042730331420898,-3.4008798599243164,0.3
1788860270.851871,-4.042730331420898,-3.4008798599243164,0.3
1788860271.0322783,-4.042730331420898,-3.4008798599243164,0.3
1788860271.240195,-4.042730331420898,-3.4008798599243164,0.3
1788860271.436986,-4.042730331420898,-3.4008798599243164,0.3
1788860271.6401715,-4.042730331420898,-3.4008798599243164,0.3
1788860271.851672,-4.042730331420898,-3.4008798599243164,0.3
1788860272.032077,-4.042730331420898,-3.4008798599243164,0.3
1788860272.235745,-4.042730331420898,-3.4008798599243164,0.3
1788860272.4384787,-4.042730331420898,-3.4008798599243164,0.3
1788860272.630078,-4.042730331420898,-3.4008798599243164,0.3
1788860272.8561668,-4.042730331420898,-3.4008798599243164,0.3
1788860273.0373588,-4.042730331420898,-3.4008798599243164,0.3
1788860273.2423208,-4.042730331420898,-3.4008798599243164,0.3
1788860273.4336908,-4.042730331420898,-3.4008798599243164,0.3
1788860273.6355739,-4.042730331420898,-3.4008798599243164,0.3
1788860273.8637335,-4.042730331420898,-3.4008798599243164,0.3
1788860274.0309937,-4.042730331420898,-3.4008798599243164,0.3
1788860274.2323024,-4.042730331420898,-3.4008798599243164,0.3
1788860274.4371948,-4.042730331420898,-3.4008798599243164,0.3
1788860274.6340823,-4.042730331420898,-3.4008798599243164,0.3
1788860274.8520446,-4.042730331420898,-3.4008798599243164,0.3
1788860275.0484748,-4.042730331420898,-3.4008798599243164,0.3
1788860275.2381902,-4.042730331420898,-3.4008798599243164,0.3
1788860275.4393237,-4.042730331420898,-3.4008798599243164,0.3
1788860275.6327963,-4.042730331420898,-3.4008798599243164,0.3
1788860275.8631086,-4.042730331420898,-3.4008798599243164,0.3
1788860276.0393553,-4.042730331420898,-3.4008798599243164,0.3
1788860276.238459,-4.042730331420898,-3.4008798599243164,0.3
1788860276.4320052,-4.042730331420898,-3.4008798599243164,0.3
1788860276.6360707,-4.042730331420898,-3.4008798599243164,0.3
1788860276.853216,-4.042730331420898,-3.4008798599243164,0.3
1788860277.0342145,-4.042730331420898,-3.4008798599243164,0.3
1788860277.2414486,-4.042730331420898,-3.4008798599243164,0.3
1788860277.4415717,-4.042730331420898,-3.4008798599243164,0.3
1788860277.6352541,-4.042730331420898,-3.4008798599243164,0.3
1788860277.8649986,-4.042730331420898,-3.4008798599243164,0.3
1788860278.0343606,-4.042730331420898,-3.4008798599243164,0.3
1788860278.233848,-4.042730331420898,-3.4008798599243164,0.3
1788860278.4332774,-4.042730331420898,-3.4008798599243164,0.3
1788860278.632607,-4.042730331420898,-3.4008798599243164,0.3
1788860278.8420396,-4.042730331420898,-3.4008798599243164,0.3
1788860279.0314355,-4.042730331420898,-3.4008798599243164,0.3
1788860279.2527347,-4.042730331420898,-3.4008798599243164,0.3
1788860279.4321282,-4.042730331420898,-3.4008798599243164,0.3
1788860279.6411428,-4.042730331420898,-3.4008798599243164,0.3
1788860279.852794,-4.042730331420898,-3.4008798599243164,0.3
1788860280.0355012,-4.042730331420898,-3.4008798599243164,0.3
1788860280.235224,-4.042730331420898,-3.4008798599243164,0.3
1788860280.437793,-4.042730331420898,-3.4008798599243164,0.3
1788860280.6347296,-4.042730331420898,-3.4008798599243164,0.3
1788860280.8524666,-4.042730331420898,-3.4008798599243164,0.3
1788860281.0315952,-4.042730331420898,-3.4008798599243164,0.3
1788860281.240971,-4.042730331420898,-3.4008798599243164,0.3
1788860281.4432135,-4.042730331420898,-3.4008798599243164,0.3
1788860281.6406264,-4.042730331420898,-3.4008798599243164,0.3
1788860281.8543093,-4.042730331420898,-3.4008798599243164,0.3
1788860282.037742,-4.042730331420898,-3.4008798599243164,0.3
1788860282.2443101,-4.042730331420898,-3.4008798599243164,0.3
1788860282.4389162,-4.042730331420898,-3.4008798599243164,0.3
1788860282.635452,-4.042730000000001,-3.1008803598069035,0.3
1788860282.8537788,-4.042730000000001,-2.8008803598069036,0.3
1788860283.0352602,-4.042730000000001,-2.500880359806904,0.3
1788860283.235405,-4.042730000000001,-2.200880359806904,0.3
1788860283.4331245,-4.042730000000001,-1.900880359806904,0.3
1788860283.6406908,-3.8305982200659385,-1.6887482200659374,0.3
1788860283.852329,-3.6184661857099742,-1.476616185709973,0.3
1788860284.0381036,-3.4063341513540104,-1.2644841513540086,0.3
1788860284.243781,-3.1942021169980457,-1.0523521169980445,0.3
1788860284.4302588,-3.142730236053467,-1.0008797645568848,0.3
1788860284.6404822,-3.142730236053467,-1.0008797645568848,0.3
1788860284.8653913,-3.142730236053467,-1.0008797645568848,0.3
1788860285.031429,-3.142730236053467,-1.0008797645568848,0.3
1788860285.241027,-3.142730236053467,-1.0008797645568848,0.3
1788860285.4328327,-3.142730236053467,-1.0008797645568848,0.3
1788860285.639278,-3.142730236053467,-1.0008797645568848,0.3
1788860285.8629103,-3.142730236053467,-1.0008797645568848,0.3
1788860286.0352273,-3.142730236053467,-1.0008797645568848,0.3
1788860286.2386909,-3.142730236053467,-1.0008797645568848,0.3
1788860286.4369261,-3.142730236053467,-1.0008797645568848,0.3
1788860286.6395195,-3.142730236053467,-1.0008797645568848,0.3
1788860286.8651903,-3.142730236053467,-1.0008797645568848,0.3
1788860287.0400057,-3.142730236053467,-1.0008797645568848,0.3
1788860287.2404063,-3.142730236053467,-1.0008797645568848,0.3
1788860287.4336317,-3.142730236053467,-1.0008797645568848,0.3
1788860287.6327653,-3.142730236053467,-1.0008797645568848,0.3
1788860287.8522568,-3.142730236053467,-1.0008797645568848,0.3
1788860288.0402374,-3.142730236053467,-1.0008797645568848,0.3
1788860288.2414625,-3.142730236053467,-1.0008797645568848,0.3
1788860288.43205,-3.142730236053467,-1.0008797645568848,0.3
1788860288.6408646,-3.142730236053467,-1.0008797645568848,0.3
1788860288.8548455,-3.142730236053467,-1.0008797645568848,0.3
1788860289.0392623,-3.142730236053467,-1.0008797645568848,0.3
1788860289.2390199,-3.142730236053467,-1.0008797645568848,0.3
1788860289.4384139,-3.142730236053467,-1.0008797645568848,0.3
1788860289.6382904,-3.142730236053467,-1.0008797645568848,0.3
1788860289.8416524,-3.142730236053467,-1.0008797645568848,0.3
1788860290.0368986,-3.142730236053467,-1.0008797645568848,0.3
1788860290.2382023,-3.142730236053467,-1.0008797645568848,0.3
1788860290.435148,-3.142730236053467,-1.0008797645568848,0.3
1788860290.6417694,-3.142730236053467,-1.0008797645568848,0.3
1788860290.8532505,-3.142730236053467,-1.0008797645568848,0.3
1788860291.0336595,-3.142730236053467,-1.0008797645568848,0.3
1788860291.2313848,-3.142730236053467,-1.0008797645568848,0.3
1788860291.4344044,-3.142730236053467,-1.0008797645568848,0.3
1788860291.635438,-3.142730236053467,-1.0008797645568848,0.3
1788860291.853562,-3.142730236053467,-1.0008797645568848,0.3
1788860292.03674,-3.142730236053467,-1.0008797645568848,0.3
1788860292.2343128,-3.142730236053467,-1.0008797645568848,0.3
1788860292.4340801,-3.142730236053467,-1.0008797645568848,0.3
1788860292.6361337,-3.142730236053467,-1.0008797645568848,0.3
1788860292.8527021,-3.142730236053467,-1.0008797645568848,0.3
1788860293.0383754,-3.142730236053467,-1.0008797645568848,0.3
1788860293.2310517,-3.142730236053467,-1.0008797645568848,0.3
1788860293.4359155,-3.142730236053467,-1.0008797645568848,0.3
1788860293.6346276,-3.142730236053467,-1.0008797645568848,0.3
1788860293.8525379,-3.142730236053467,-1.0008797645568848,0.3
1788860294.0429363,-3.142730236053467,-1.0008797645568848,0.3
1788860294.241204,-3.142730236053467,-1.0008797645568848,0.3
1788860294.4355214,-3.142730236053467,-1.0008797645568848,0.3
1788860294.639182,-3.142730236053467,-1.0008797645568848,0.3
1788860294.8522754,-3.142730236053467,-1.0008797645568848,0.3
1788860295.039126,-3.142730236053467,-1.0008797645568848,0.3
1788860295.2395093,-3.142730236053467,-1.0008797645568848,0.3
1788860295.4334297,-3.142730236053467,-1.0008797645568848,0.3
1788860295.637871,-3.142730236053467,-1.0008797645568848,0.3
1788860295.863865,-3.142730236053467,-1.0008797645568848,0.3
1788860296.0393531,-3.142730236053467,-1.0008797645568848,0.3
1788860296.2358928,-3.142730236053467,-1.0008797645568848,0.3
1788860296.4347386,-3.142730236053467,-1.0008797645568848,0.3
1788860296.6374512,-3.142730236053467,-1.0008797645568848,0.3
1788860296.8648791,-3.142730236053467,-1.0008797645568848,0.3
1788860297.0395968,-3.142730236053467,-1.0008797645568848,0.3
1788860297.2403204,-3.142730236053467,-1.0008797645568848,0.3
1788860297.4284532,-3.142730236053467,-1.0008797645568848,0.3
1788860297.6371293,-3.142730236053467,-1.0008797645568848,0.3
1788860297.8500555,-3.142730236053467,-1.0008797645568848,0.3
1788860298.0322247,-3.142730236053467,-1.0008797645568848,0.3
1788860298.2330794,-3.142730236053467,-1.0008797645568848,0.3
1788860298.4311206,-3.142730236053467,-1.0008797645568848,0.3
1788860298.636158,-3.142730236053467,-1.0008797645568848,0.3
1788860298.8541825,-3.142730236053467,-1.0008797645568848,0.3
1788860299.0361886,-3.142730236053467,-1.0008797645568848,0.3
1788860299.2280204,-3.142730236053467,-1.0008797645568848,0.3
1788860299.4289594,-3.142730236053467,-1.0008797645568848,0.3
1788860299.629291,-3.142730236053467,-1.0008797645568848,0.3
1788860299.838388,-3.142730236053467,-1.0008797645568848,0.3
1788860300.0376258,-3.142730236053467,-1.0008797645568848,0.3
1788860300.229486,-3.142730236053467,-1.0008797645568848,0.3
1788860300.4297583,-3.142730236053467,-1.0008797645568848,0.3
1788860300.6290848,-3.14273,-1.3008796666012896,0.3
1788860300.8407726,-3.14273,-1.6008796666012897,0.3
1788860301.03477,-3.142730236053467,-1.6008796691894531,0.3
1788860301.2371902,-3.142730236053467,-1.6008796691894531,0.3
1788860301.4285333,-3.142730236053467,-1.6008796691894531,0.3
1788860301.6351385,-3.142730236053467,-1.6008796691894531,0.3
1788860301.8617744,-3.142730236053467,-1.6008796691894531,0.3
1788860302.0342307,-3.142730236053467,-1.6008796691894531,0.3
1788860302.2410874,-3.142730236053467,-1.6008796691894531,0.3
1788860302.4301372,-3.142730236053467,-1.6008796691894531,0.3
1788860302.6364784,-3.142730236053467,-1.6008796691894531,0.3
1788860302.84963,-3.142730236053467,-1.6008796691894531,0.3
1788860303.0323114,-3.142730236053467,-1.6008796691894531,0.3
1788860303.228651,-3.142730236053467,-1.6008796691894531,0.3
1788860303.4346302,-3.142730236053467,-1.6008796691894531,0.3
1788860303.6307824,-3.142730236053467,-1.6008796691894531,0.3
1788860303.8617568,-3.142730236053467,-1.6008796691894531,0.3
1788860304.030212,-3.142730236053467,-1.6008796691894531,0.3
1788860304.2356114,-3.142730236053467,-1.6008796691894531,0.3
1788860304.43133,-3.142730236053467,-1.6008796691894531,0.3
1788860304.636247,-3.142730236053467,-1.6008796691894531,0.3
1788860304.8496432,-3.142730236053467,-1.6008796691894531,0.3
1788860305.034395,-3.142730236053467,-1.6008796691894531,0.3
1788860305.236255,-3.142730236053467,-1.6008796691894531,0.3
1788860305.4332938,-3.142730236053467,-1.6008796691894531,0.3
1788860305.628406,-3.142730236053467,-1.6008796691894531,0.3
1788860305.8510728,-3.142730236053467,-1.6008796691894531,0.3
1788860306.0313437,-3.142730236053467,-1.6008796691894531,0.3
1788860306.2313347,-3.142730236053467,-1.6008796691894531,0.3
1788860306.4325576,-3.142730236053467,-1.6008796691894531,0.3
1788860306.6349792,-3.142730236053467,-1.6008796691894531,0.3
1788860306.8379571,-3.142730236053467,-1.6008796691894531,0.3
1788860307.034854,-3.142730236053467,-1.6008796691894531,0.3
1788860307.2364984,-3.142730236053467,-1.6008796691894531,0.3
1788860307.436355,-3.142730236053467,-1.6008796691894531,0.3
1788860307.6299677,-3.142730236053467,-1.6008796691894531,0.3
1788860307.8517213,-3.142730236053467,-1.6008796691894531,0.3
1788860308.035167,-3.142730236053467,-1.6008796691894531,0.3
1788860308.2365196,-3.142730236053467,-1.6008796691894531,0.3
1788860308.4360867,-3.142730236053467,-1.6008796691894531,0.3
1788860308.637039,-3.142730236053467,-1.6008796691894531,0.3
1788860308.8392947,-3.142730236053467,-1.6008796691894531,0.3
1788860309.030281,-3.142730236053467,-1.6008796691894531,0.3
1788860309.2395287,-3.142730236053467,-1.6008796691894531,0.3
1788860309.4296079,-3.142730236053467,-1.6008796691894531,0.3
1788860309.6347053,-3.142730236053467,-1.6008796691894531,0.3
1788860309.851194,-3.142730236053467,-1.6008796691894531,0.3
1788860310.0297818,-3.142730236053467,-1.6008796691894531,0.3
1788860310.2376738,-3.142730236053467,-1.6008796691894531,0.3
1788860310.4316869,-3.142730236053467,-1.6008796691894531,0.3
1788860310.636931,-3.142730236053467,-1.6008796691894531,0.3
1788860310.8500164,-3.142730236053467,-1.6008796691894531,0.3
1788860311.032925,-3.142730236053467,-1.6008796691894531,0.3
1788860311.2352667,-3.142730236053467,-1.6008796691894531,0.3
1788860311.4294863,-3.142730236053467,-1.6008796691894531,0.3
1788860311.6403987,-3.142730236053467,-1.6008796691894531,0.3
1788860311.848554,-3.142730236053467,-1.6008796691894531,0.3
1788860312.028503,-3.142730236053467,-1.6008796691894531,0.3
1788860312.2293525,-3.142730236053467,-1.6008796691894531,0.3
1788860312.4290187,-3.142730236053467,-1.6008796691894531,0.3
1788860312.6300802,-3.142730236053467,-1.6008796691894531,0.3
1788860312.84142,-3.142730236053467,-1.6008796691894531,0.3
1788860313.0296729,-3.142730236053467,-1.6008796691894531,0.3
1788860313.2286453,-3.142730236053467,-1.6008796691894531,0.3
1788860313.428646,-3.142730236053467,-1.6008796691894531,0.3
1788860313.6288087,-3.142730236053467,-1.6008796691894531,0.3
1788860313.851803,-3.142730236053467,-1.6008796691894531,0.3
1788860314.0303087,-3.142730236053467,-1.6008796691894531,0.3
1788860314.229668,-3.142730236053467,-1.6008796691894531,0.3
1788860314.428798,-3.142730236053467,-1.6008796691894531,0.3
1788860314.6286612,-3.142730236053467,-1.6008796691894531,0.3
1788860314.839732,-3.142730236053467,-1.6008796691894531,0.3
1788860315.0333123,-3.142730236053467,-1.6008796691894531,0.3
1788860315.2417767,-3.142730236053467,-1.6008796691894531,0.3
1788860315.4310486,-3.142730236053467,-1.6008796691894531,0.3
1788860315.641966,-3.142730236053467,-1.6008796691894531,0.3
1788860315.851754,-3.142730236053467,-1.6008796691894531,0.3
1788860316.0337374,-3.142730236053467,-1.6008796691894531,0.3
1788860316.2354615,-3.142730236053467,-1.6008796691894531,0.3
1788860316.4305394,-3.142730236053467,-1.6008796691894531,0.3
1788860316.6375916,-3.142730236053467,-1.6008796691894531,0.3
1788860316.8624127,-3.142730236053467,-1.6008796691894531,0.3
1788860317.0347934,-3.142730236053467,-1.6008796691894531,0.3
1788860317.2383833,-2.8427304063949514,-1.6008799999999992,0.3
1788860317.4309237,-2.630598253008662,-1.3887482530086608,0.3
1788860317.632135,-2.4184662186526977,-1.1766162186526965,0.3
1788860317.8560717,-2.242730140686035,-1.0008797645568848,0.3
1788860318.038541,-2.242730140686035,-1.0008797645568848,0.3
1788860318.2384725,-2.242730140686035,-1.0008797645568848,0.3
1788860318.4352987,-2.242730140686035,-1.0008797645568848,0.3
1788860318.6390452,-2.242730140686035,-1.0008797645568848,0.3
1788860318.8382478,-2.242730140686035,-1.0008797645568848,0.3
1788860319.028628,-2.242730140686035,-1.0008797645568848,0.3
1788860319.2297008,-2.242730140686035,-1.0008797645568848,0.3
1788860319.4284618,-2.242730140686035,-1.0008797645568848,0.3
1788860319.6314974,-2.242730140686035,-1.0008797645568848,0.3
1788860319.8494759,-2.242730140686035,-1.0008797645568848,0.3
1788860320.0285764,-2.242730140686035,-1.0008797645568848,0.3
1788860320.2296524,-2.242730140686035,-1.0008797645568848,0.3
1788860320.4293106,-2.242730140686035,-1.0008797645568848,0.3
1788860320.6291528,-2.242730140686035,-1.0008797645568848,0.3
1788860320.8407507,-2.242730140686035,-1.0008797645568848,0.3
1788860321.0322177,-2.242730140686035,-1.0008797645568848,0.3
1788860321.2287652,-2.242730140686035,-1.0008797645568848,0.3
1788860321.4300735,-2.242730140686035,-1.0008797645568848,0.3
1788860321.6369243,-2.242730140686035,-1.0008797645568848,0.3
1788860321.8536484,-2.242730140686035,-1.0008797645568848,0.3
1788860322.0385168,-2.242730140686035,-1.0008797645568848,0.3
1788860322.2364504,-2.242730140686035,-1.0008797645568848,0.3
1788860322.4326572,-2.242730140686035,-1.0008797645568848,0.3
1788860322.6343567,-2.242730140686035,-1.0008797645568848,0.3
1788860322.8525214,-2.242730140686035,-1.0008797645568848,0.3
1788860323.0383723,-2.242730140686035,-1.0008797645568848,0.3
1788860323.231355,-2.242730140686035,-1.0008797645568848,0.3
1788860323.4345124,-2.242730140686035,-1.0008797645568848,0.3
1788860323.637189,-2.242730140686035,-1.0008797645568848,0.3
1788860323.8499548,-2.242730140686035,-1.0008797645568848,0.3
1788860324.0334964,-2.242730140686035,-1.0008797645568848,0.3
1788860324.2307184,-2.242730140686035,-1.0008797645568848,0.3
1788860324.4314163,-2.242730140686035,-1.0008797645568848,0.3
1788860324.6287532,-2.242730140686035,-1.0008797645568848,0.3
1788860324.8490312,-2.242730140686035,-1.0008797645568848,0.3
1788860325.0351722,-2.242730140686035,-1.0008797645568848,0.3
1788860325.2334013,-2.242730140686035,-1.0008797645568848,0.3
1788860325.4329846,-2.242730140686035,-1.0008797645568848,0.3
1788860325.6386266,-2.242730140686035,-1.0008797645568848,0.3
1788860325.8492556,-2.242730140686035,-1.0008797645568848,0.3
1788860326.0359557,-2.242730140686035,-1.0008797645568848,0.3
1788860326.2372494,-2.242730140686035,-1.0008797645568848,0.3
1788860326.428792,-2.242730140686035,-1.0008797645568848,0.3
1788860326.6351523,-2.242730140686035,-1.0008797645568848,0.3
1788860326.8486946,-2.242730140686035,-1.0008797645568848,0.3
1788860327.0375166,-2.242730140686035,-1.0008797645568848,0.3
1788860327.2351985,-2.242730140686035,-1.0008797645568848,0.3
1788860327.4292343,-2.242730140686035,-1.0008797645568848,0.3
1788860327.6386368,-2.242730140686035,-1.0008797645568848,0.3
1788860327.8486729,-2.242730140686035,-1.0008797645568848,0.3
1788860328.0324588,-2.242730140686035,-1.0008797645568848,0.3
1788860328.2354195,-2.242730140686035,-1.0008797645568848,0.3
1788860328.4297576,-2.242730140686035,-1.0008797645568848,0.3
1788860328.632306,-2.242730140686035,-1.0008797645568848,0.3
1788860328.8491638,-2.242730140686035,-1.0008797645568848,0.3
1788860329.034866,-2.242730140686035,-1.0008797645568848,0.3
1788860329.2342157,-2.242730140686035,-1.0008797645568848,0.3
1788860329.428482,-2.242730140686035,-1.0008797645568848,0.3
1788860329.6351955,-2.242730140686035,-1.0008797645568848,0.3
1788860329.8485672,-2.242730140686035,-1.0008797645568848,0.3
1788860330.0341733,-2.242730140686035,-1.0008797645568848,0.3
1788860330.2325652,-2.242730140686035,-1.0008797645568848,0.3
1788860330.4284904,-2.242730140686035,-1.0008797645568848,0.3
1788860330.6322565,-2.242730140686035,-1.0008797645568848,0.3
1788860330.85137,-2.242730140686035,-1.0008797645568848,0.3
1788860331.0292711,-2.242730140686035,-1.0008797645568848,0.3
1788860331.2341032,-2.242730140686035,-1.0008797645568848,0.3
1788860331.4301355,-2.242730140686035,-1.0008797645568848,0.3
1788860331.633203,-2.242730140686035,-1.0008797645568848,0.3
1788860331.8482852,-2.242730140686035,-1.0008797645568848,0.3
1788860332.0320086,-2.242730140686035,-1.0008797645568848,0.3
1788860332.2426522,-2.242730140686035,-1.0008797645568848,0.3
1788860332.4292946,-2.242730140686035,-1.0008797645568848,0.3
1788860332.6360593,-2.242730140686035,-1.0008797645568848,0.3
1788860332.8604333,-2.242730140686035,-1.0008797645568848,0.3
1788860333.031487,-2.242730140686035,-1.0008797645568848,0.3
1788860333.2280345,-2.242730140686035,-1.0008797645568848,0.3
1788860333.4285302,-2.242730140686035,-1.0008797645568848,0.3
1788860333.6371498,-2.242730140686035,-1.0008797645568848,0.3
1788860333.837797,-2.242730140686035,-1.0008797645568848,0.3
1788860334.0392244,-2.242730140686035,-1.0008797645568848,0.3
1788860334.2333856,-2.24273,-1.3008797257263756,0.3
1788860334.4290054,-2.0305981595847746,-1.5130118404152242,0.3
1788860334.6335871,-1.942730188369751,-1.6008796691894531,0.3
1788860334.84769,-1.942730188369751,-1.6008796691894531,0.3
1788860335.03315,-1.942730188369751,-1.6008796691894531,0.3
1788860335.2363133,-1.942730188369751,-1.6008796691894531,0.3
1788860335.4311364,-1.942730188369751,-1.6008796691894531,0.3
1788860335.6353054,-1.942730188369751,-1.6008796691894531,0.3
1788860335.852049,-1.942730188369751,-1.6008796691894531,0.3
1788860336.032628,-1.942730188369751,-1.6008796691894531,0.3
1788860336.2299767,-1.942730188369751,-1.6008796691894531,0.3
1788860336.4354284,-1.942730188369751,-1.6008796691894531,0.3
1788860336.632312,-1.942730188369751,-1.6008796691894531,0.3
1788860336.8520298,-1.942730188369751,-1.6008796691894531,0.3
1788860337.028021,-1.942730188369751,-1.6008796691894531,0.3
1788860337.2276986,-1.942730188369751,-1.6008796691894531,0.3
1788860337.4283252,-1.942730188369751,-1.6008796691894531,0.3
1788860337.6344602,-1.942730188369751,-1.6008796691894531,0.3
1788860337.8492737,-1.942730188369751,-1.6008796691894531,0.3
1788860338.0338614,-1.942730188369751,-1.6008796691894531,0.3
1788860338.2355459,-1.942730188369751,-1.6008796691894531,0.3
1788860338.4345248,-1.942730188369751,-1.6008796691894531,0.3
1788860338.6354394,-1.942730188369751,-1.6008796691894531,0.3
1788860338.849551,-1.942730188369751,-1.6008796691894531,0.3
1788860339.0332353,-1.942730188369751,-1.6008796691894531,0.3
1788860339.2349524,-1.942730188369751,-1.6008796691894531,0.3
1788860339.4297826,-1.942730188369751,-1.6008796691894531,0.3
1788860339.6317878,-1.942730188369751,-1.6008796691894531,0.3
1788860339.8375018,-1.942730188369751,-1.6008796691894531,0.3
1788860340.038575,-1.942730188369751,-1.6008796691894531,0.3
1788860340.2397459,-1.942730188369751,-1.6008796691894531,0.3
1788860340.428408,-1.942730188369751,-1.6008796691894531,0.3
1788860340.6368434,-1.942730188369751,-1.6008796691894531,0.3
1788860340.8491619,-1.942730188369751,-1.6008796691894531,0.3
1788860341.0355308,-1.942730188369751,-1.6008796691894531,0.3
1788860341.2333062,-1.942730188369751,-1.6008796691894531,0.3
1788860341.4288259,-1.942730188369751,-1.6008796691894531,0.3
1788860341.6354308,-1.942730188369751,-1.6008796691894531,0.3
1788860341.8602195,-1.942730188369751,-1.6008796691894531,0.3
1788860342.0367455,-1.942730188369751,-1.6008796691894531,0.3
1788860342.2345889,-1.942730188369751,-1.6008796691894531,0.3
1788860342.4307828,-1.942730188369751,-1.6008796691894531,0.3
1788860342.6360035,-1.942730188369751,-1.6008796691894531,0.3
1788860342.8496625,-1.942730188369751,-1.6008796691894531,0.3
1788860343.0332296,-1.942730188369751,-1.6008796691894531,0.3
1788860343.2362413,-1.942730188369751,-1.6008796691894531,0.3
1788860343.4305408,-1.942730188369751,-1.6008796691894531,0.3
1788860343.6325357,-1.942730188369751,-1.6008796691894531,0.3
1788860343.8631616,-1.942730188369751,-1.6008796691894531,0.3
1788860344.0435655,-1.942730188369751,-1.6008796691894531,0.3
1788860344.2372446,-1.942730188369751,-1.6008796691894531,0.3
1788860344.4284925,-1.942730188369751,-1.6008796691894531,0.3
1788860344.630246,-1.942730188369751,-1.6008796691894531,0.3
1788860344.8384776,-1.942730188369751,-1.6008796691894531,0.3
1788860345.0331073,-1.942730188369751,-1.6008796691894531,0.3
1788860345.2368796,-1.942730188369751,-1.6008796691894531,0.3
1788860345.4333684,-1.942730188369751,-1.6008796691894531,0.3
1788860345.631233,-1.942730188369751,-1.6008796691894531,0.3
1788860345.8493867,-1.942730188369751,-1.6008796691894531,0.3
1788860346.032462,-1.942730188369751,-1.6008796691894531,0.3
1788860346.2356315,-1.942730188369751,-1.6008796691894531,0.3
1788860346.433248,-1.942730188369751,-1.6008796691894531,0.3
1788860346.6330187,-1.942730188369751,-1.6008796691894531,0.3
1788860346.8506331,-1.942730188369751,-1.6008796691894531,0.3
1788860347.033227,-1.942730188369751,-1.6008796691894531,0.3
1788860347.2380443,-1.942730188369751,-1.6008796691894531,0.3
1788860347.4283323,-1.942730188369751,-1.6008796691894531,0.3
1788860347.6361713,-1.942730188369751,-1.6008796691894531,0.3
1788860347.8489034,-1.942730188369751,-1.6008796691894531,0.3
1788860348.0359302,-1.942730188369751,-1.6008796691894531,0.3
1788860348.237783,-1.942730188369751,-1.6008796691894531,0.3
1788860348.4302123,-1.942730188369751,-1.6008796691894531,0.3
1788860348.6324074,-1.942730188369751,-1.6008796691894531,0.3
1788860348.8487802,-1.942730188369751,-1.6008796691894531,0.3
1788860349.028673,-1.942730188369751,-1.6008796691894531,0.3
1788860349.2373266,-1.942730188369751,-1.6008796691894531,0.3
1788860349.4289572,-1.942730188369751,-1.6008796691894531,0.3
