cell_index,x,y,wind_x,wind_y
30,-7.1000003814697266,-7.4300003051757812,-3.3050011616353459e-09,-5.1415511848063034e-08
31,-6.8000001907348633,-7.4300003051757812,-3.937422832223092e-09,-4.7538271985558822e-08
32,-6.5,-7.4300003051757812,0,0
33,-6.2000002861022949,-7.4300003051757812,0,0
34,-5.9000000953674316,-7.4300003051757812,0,0
35,-5.6000003814697266,-7.4300003051757812,3.5758791483431196e-08,-6.1791115513187833e-07
36,-5.3000001907348633,-7.4300003051757812,2.8494426373981696e-08,-6.1465584622055758e-07
37,-5,-7.4300003051757812,3.4364479262194436e-08,-6.0856842765133479e-07
40,-4.1000003814697266,-7.4300003051757812,0,0
41,-3.7999999523162842,-7.4300003051757812,0,0
42,-3.5,-7.4300003051757812,0,0
43,-3.1999998092651367,-7.4300003051757812,0,0
44,-2.9000000953674316,-7.4300003051757812,0,0
49,-1.4000000953674316,-7.4300003051757812,2.8522632078420429e-07,-1.0209184438281227e-05
50,-1.0999999046325684,-7.4300003051757812,3.6264066238800297e-07,-1.2462814083846752e-05
51,-0.79999971389770508,-7.4300003051757812,1.0658571625299373e-07,-1.5131606232898775e-05
52,-0.5,-7.4300003051757812,1.5483551862871536e-07,-1.6022120689740404e-05
53,-0.19999980926513672,-7.4300003051757812,0,0
54,0.099999904632568359,-7.4300003051757812,0,0
55,0.40000009536743164,-7.4300003051757812,0,0
56,0.69999980926513672,-7.4300003051757812,0,0
59,-7.1000003814697266,-7.130000114440918,-8.6902325335813657e-09,-6.0523881018070824e-08
60,-6.8000001907348633,-7.130000114440918,0,0
61,-6.5,-7.130000114440918,0,0
62,-6.2000002861022949,-7.130000114440918,0,0
63,-5.9000000953674316,-7.130000114440918,0,0
64,-5.6000003814697266,-7.130000114440918,4.7364228095148064e-08,-6.3492609569948399e-07
65,-5.3000001907348633,-7.130000114440918,4.6805489262169431e-08,-6.156294602988055e-07
66,-5,-7.130000114440918,3.849047658377458e-08,-5.9116541706316639e-07
69,-4.1000003814697266,-7.130000114440918,0,0
70,-3.7999999523162842,-7.130000114440918,0,0
71,-3.5,-7.130000114440918,0,0
72,-3.1999998092651367,-7.130000114440918,0,0
73,-2.9000000953674316,-7.130000114440918,0,0
74,-2.5999999046325684,-7.130000114440918,0,0
78,-1.4000000953674316,-7.130000114440918,0,0
79,-1.0999999046325684,-7.130000114440918,0,0
80,-0.79999971389770508,-7.130000114440918,5.8110344980377704e-08,-1.655091364227701e-05
81,-0.5,-7.130000114440918,2.2543439115452202e-07,-1.6824227714096196e-05
82,-0.19999980926513672,-7.130000114440918,0,0
83,0.099999904632568359,-7.130000114440918,0,0
84,0.40000009536743164,-7.130000114440918,0,0
85,0.69999980926513672,-7.130000114440918,0,0
88,-7.1000003814697266,-6.8299999237060547,-1.0613804946046912e-08,-5.4383701098004167e-08
89,-6.8000001907348633,-6.8299999237060547,-1.2828681228427286e-08,-6.0513691835240024e-08
90,-6.5,-6.8299999237060547,1.7879889790961556e-09,-7.9024879084954591e-08
91,-6.2000002861022949,-6.8299999237060547,0,0
92,-5.9000000953674316,-6.8299999237060547,-2.3319580932934514e-08,-5.0394407935527852e-07
93,-5.6000003814697266,-6.8299999237060547,2.8524878459279535e-08,-6.0510950561365462e-07
94,-5.3000001907348633,-6.8299999237060547,5.152736193281271e-08,-6.4186315285041928e-07
95,-5,-6.8299999237060547,3.8003594937663365e-08,-6.0814386415586341e-07
98,-4.1000003814697266,-6.8299999237060547,0,0
99,-3.7999999523162842,-6.8299999237060547,0,0
100,-3.5,-6.8299999237060547,0,0
103,-2.5999999046325684,-6.8299999237060547,0,0
104,-2.3000001907348633,-6.8299999237060547,8.003574407666747e-07,-5.0016915338346735e-06
107,-1.4000000953674316,-6.8299999237060547,0,0
110,-0.5,-6.8299999237060547,6.7914072587882401e-07,-1.7719401512295008e-05
111,-0.19999980926513672,-6.8299999237060547,0,0
112,0.099999904632568359,-6.8299999237060547,0,0
113,0.40000009536743164,-6.8299999237060547,0,0
114,0.69999980926513672,-6.8299999237060547,0,0
117,-7.1000003814697266,-6.5300002098083496,-5.715045769960625e-09,-5.7754718341129774e-08
118,-6.8000001907348633,-6.5300002098083496,-8.9042053730281623e-09,-7.2604031231549016e-08
119,-6.5,-6.5300002098083496,-6.3306265785101346e-10,-1.2890984635305358e-07
120,-6.2000002861022949,-6.5300002098083496,-1.1436208424697725e-08,-2.7113060241390485e-07
121,-5.9000000953674316,-6.5300002098083496,-3.2723747267482395e-08,-4.6139501819197903e-07
122,-5.6000003814697266,-6.5300002098083496,-1.3673046694862023e-08,-6.6958352817891864e-07
123,-5.3000001907348633,-6.5300002098083496,2.3757841915994504e-08,-7.5062308724227478e-07
124,-5,-6.5300002098083496,0,0
127,-4.1000003814697266,-6.5300002098083496,0,0
128,-3.7999999523162842,-6.5300002098083496,0,0
129,-3.5,-6.5300002098083496,0,0
130,-3.1999998092651367,-6.5300002098083496,-1.0055855454993434e-06,-4.4668145164905582e-06
131,-2.9000000953674316,-6.5300002098083496,-3.5661196307046339e-07,-4.5001283979217988e-06
132,-2.5999999046325684,-6.5300002098083496,1.3686317856809183e-07,-4.6424934225797188e-06
133,-2.3000001907348633,-6.5300002098083496,5.6919702728919219e-07,-4.8394208533864003e-06
136,-1.4000000953674316,-6.5300002098083496,0,0
137,-1.0999999046325684,-6.5300002098083496,0,0
138,-0.79999971389770508,-6.5300002098083496,1.2068688874933287e-06,-1.8358961824560538e-05
139,-0.5,-6.5300002098083496,1.5296726587621379e-06,-1.8369068129686639e-05
140,-0.19999980926513672,-6.5300002098083496,0,0
141,0.099999904632568359,-6.5300002098083496,0,0
142,0.40000009536743164,-6.5300002098083496,0,0
143,0.69999980926513672,-6.5300002098083496,0,0
146,-7.1000003814697266,-6.2300000190734863,0,0
147,-6.8000001907348633,-6.2300000190734863,0,0
148,-6.5,-6.2300000190734863,0,0
149,-6.2000002861022949,-6.2300000190734863,0,0
150,-5.9000000953674316,-6.2300000190734863,0,0
151,-5.6000003814697266,-6.2300000190734863,-5.9901800852912856e-08,-8.6714527469666791e-07
152,-5.3000001907348633,-6.2300000190734863,-1.3244608076945497e-08,-8.7552075456187595e-07
153,-5,-6.2300000190734863,0,0
156,-4.1000003814697266,-6.2300000190734863,0,0
157,-3.7999999523162842,-6.2300000190734863,0,0
158,-3.5,-6.2300000190734863,0,0
159,-3.1999998092651367,-6.2300000190734863,-9.4298815156435012e-07,-4.3287313928885851e-06
160,-2.9000000953674316,-6.2300000190734863,-4.5753350264021719e-07,-4.4187208914081566e-06
161,-2.5999999046325684,-6.2300000190734863,-1.207028645922037e-07,-4.7191779231070541e-06
162,-2.3000001907348633,-6.2300000190734863,2.3677448268699663e-07,-5.0053931772708893e-06
165,-1.4000000953674316,-6.2300000190734863,0,0
166,-1.0999999046325684,-6.2300000190734863,0,0
167,-0.79999971389770508,-6.2300000190734863,2.6927746148430742e-06,-1.9560389773687348e-05
168,-0.5,-6.2300000190734863,3.0130336199363228e-06,-1.9093618902843446e-05
169,-0.19999980926513672,-6.2300000190734863,0,0
170,0.099999904632568359,-6.2300000190734863,0,0
171,0.40000009536743164,-6.2300000190734863,0,0
172,0.69999980926513672,-6.2300000190734863,0,0
175,-7.1000003814697266,-5.9300003051757812,0,0
176,-6.8000001907348633,-5.9300003051757812,0,0
177,-6.5,-5.9300003051757812,0,0
178,-6.2000002861022949,-5.9300003051757812,0,0
179,-5.9000000953674316,-5.9300003051757812,0,0
180,-5.6000003814697266,-5.9300003051757812,-1.0271156014596272e-07,-9.9177509582659695e-07
181,-5.3000001907348633,-5.9300003051757812,-5.0337440882231022e-08,-9.7846589142136509e-07
182,-5,-5.9300003051757812,0,0
185,-4.1000003814697266,-5.9300003051757812,0,0
186,-3.7999999523162842,-5.9300003051757812,0,0
187,-3.5,-5.9300003051757812,0,0
188,-3.1999998092651367,-5.9300003051757812,-9.8930991043744143e-07,-4.8020342546806205e-06
189,-2.9000000953674316,-5.9300003051757812,-7.1885858687892323e-07,-5.1735992201429326e-06
190,-2.5999999046325684,-5.9300003051757812,-4.7567627348144015e-07,-5.5697660172882024e-06
191,-2.3000001907348633,-5.9300003051757812,-1.1435049884767068e-07,-5.77289347347687e-06
194,-1.4000000953674316,-5.9300003051757812,0,0
195,-1.0999999046325684,-5.9300003051757812,0,0
196,-0.79999971389770508,-5.9300003051757812,5.5417108342226129e-06,-1.9576884369598702e-05
197,-0.5,-5.9300003051757812,4.9080676944868173e-06,-1.770386916177813e-05
198,-0.19999980926513672,-5.9300003051757812,0,0
199,0.099999904632568359,-5.9300003051757812,0,0
200,0.40000009536743164,-5.9300003051757812,0,0
201,0.69999980926513672,-5.9300003051757812,0,0
204,-7.1000003814697266,-5.630000114440918,0,0
205,-6.8000001907348633,-5.630000114440918,0,0
206,-6.5,-5.630000114440918,0,0
207,-6.2000002861022949,-5.630000114440918,0,0
208,-5.9000000953674316,-5.630000114440918,0,0
209,-5.6000003814697266,-5.630000114440918,-1.7860828904758819e-07,-1.1065485523431562e-06
210,-5.3000001907348633,-5.630000114440918,-1.2346706057542178e-07,-1.0823608818100183e-06
211,-5,-5.630000114440918,0,0
214,-4.1000003814697266,-5.630000114440918,-1.5310125718315248e-06,-1.7766443534128484e-06
215,-3.7999999523162842,-5.630000114440918,-1.6586383253525128e-06,-2.3411348593072034e-06
216,-3.5,-5.630000114440918,-1.6279699366350542e-06,-3.3117194107035175e-06
217,-3.1999998092651367,-5.630000114440918,-1.3952361541669234e-06,-4.6112045311019756e-06
218,-2.9000000953674316,-5.630000114440918,-1.174265207737335e-06,-5.6876660892157815e-06
219,-2.5999999046325684,-5.630000114440918,-8.0623641451893491e-07,-6.3802854128880426e-06
220,-2.3000001907348633,-5.630000114440918,-3.8982940964160662e-07,-6.6442962634027936e-06
223,-1.4000000953674316,-5.630000114440918,4.1159159991366323e-06,-3.1913856219034642e-05
224,-1.0999999046325684,-5.630000114440918,8.5196061263559386e-06,-2.8672448024735786e-05
225,-0.79999971389770508,-5.630000114440918,8.2505121099529788e-06,-2.1318744984455407e-05
226,-0.5,-5.630000114440918,5.6669100558792707e-06,-1.7387761545251124e-05
227,-0.19999980926513672,-5.630000114440918,3.7422412333398825e-06,-1.5430307030328549e-05
228,0.099999904632568359,-5.630000114440918,3.1208992368192412e-06,-1.4583010852220468e-05
229,0.40000009536743164,-5.630000114440918,2.9068451112834737e-06,-1.4027388715476263e-05
230,0.69999980926513672,-5.630000114440918,2.8999388632655609e-06,-1.3752328413829673e-05
233,-7.1000003814697266,-5.3299999237060547,0,0
234,-6.8000001907348633,-5.3299999237060547,0,0
235,-6.5,-5.3299999237060547,0,0
236,-6.2000002861022949,-5.3299999237060547,0,0
237,-5.9000000953674316,-5.3299999237060547,0,0
238,-5.6000003814697266,-5.3299999237060547,-3.3358767836944025e-07,-1.2202267498651054e-06
239,-5.3000001907348633,-5.3299999237060547,-2.7605767627392197e-07,-1.1872904224219383e-06
240,-5,-5.3299999237060547,0,0
243,-4.1000003814697266,-5.3299999237060547,-1.3824587767885532e-06,-1.2985198054593639e-06
244,-3.7999999523162842,-5.3299999237060547,-1.6313775859089219e-06,-1.8343951069255127e-06
245,-3.5,-5.3299999237060547,-1.8454685459801112e-06,-2.9339894354052376e-06
246,-3.1999998092651367,-5.3299999237060547,-2.0077216049685376e-06,-4.6568829930038191e-06
247,-2.9000000953674316,-5.3299999237060547,-1.8134664969693404e-06,-6.4771511461003684e-06
248,-2.5999999046325684,-5.3299999237060547,-1.168805965789943e-06,-7.4694612521852832e-06
249,-2.3000001907348633,-5.3299999237060547,-6.6317528535364545e-07,-7.7479035098804161e-06
252,-1.4000000953674316,-5.3299999237060547,3.6099063436267897e-06,-3.3231750421691686e-05
253,-1.0999999046325684,-5.3299999237060547,7.3852661444107071e-06,-3.2716150599298999e-05
262,-7.1000003814697266,-5.0299997329711914,0,0
263,-6.8000001907348633,-5.0299997329711914,0,0
264,-6.5,-5.0299997329711914,0,0
265,-6.2000002861022949,-5.0299997329711914,0,0
266,-5.9000000953674316,-5.0299997329711914,0,0
267,-5.6000003814697266,-5.0299997329711914,-6.4918589259832515e-07,-1.3284595752338646e-06
268,-5.3000001907348633,-5.0299997329711914,-5.7787883633864112e-07,-1.3186265732656466e-06
269,-5,-5.0299997329711914,0,0
272,-4.1000003814697266,-5.0299997329711914,-1.2644251228266512e-06,-1.5180673926806776e-06
273,-3.7999999523162842,-5.0299997329711914,-1.5871123650867958e-06,-2.2031997559679439e-06
274,-3.5,-5.0299997329711914,-2.0696309093182208e-06,-3.4032302664854797e-06
275,-3.1999998092651367,-5.0299997329711914,-2.6287834771210328e-06,-5.3531662160821725e-06
276,-2.9000000953674316,-5.0299997329711914,-2.5425240437471075e-06,-8.0009449447970837e-06
277,-2.5999999046325684,-5.0299997329711914,-1.5662342320865719e-06,-9.013356248033233e-06
278,-2.3000001907348633,-5.0299997329711914,-9.8077111942984629e-07,-9.0757885118364356e-06
281,-1.4000000953674316,-5.0299997329711914,3.1296694942284375e-06,-4.0444698242936283e-05
282,-1.0999999046325684,-5.0299997329711914,6.1175692280812655e-06,-3.9143455069279298e-05
291,-7.1000003814697266,-4.7300000190734863,0,0
292,-6.8000001907348633,-4.7300000190734863,0,0
293,-6.5,-4.7300000190734863,0,0
294,-6.2000002861022949,-4.7300000190734863,0,0
295,-5.9000000953674316,-4.7300000190734863,0,0
296,-5.6000003814697266,-4.7300000190734863,-1.1961717518715886e-06,-1.3715635986955022e-06
297,-5.3000001907348633,-4.7300000190734863,-1.1017626775355893e-06,-1.4048695220481022e-06
298,-5,-4.7300000190734863,0,0
305,-2.9000000953674316,-4.7300000190734863,-3.2371826819144189e-06,-1.0467345418874174e-05
306,-2.5999999046325684,-4.7300000190734863,-2.1574635411525378e-06,-1.0826827747223433e-05
307,-2.3000001907348633,-4.7300000190734863,-1.5379119986391743e-06,-1.0263408512400929e-05
310,-1.4000000953674316,-4.7300000190734863,3.6305275443737628e-06,-4.5511133066611364e-05
320,-7.1000003814697266,-4.4300003051757812,-1.836419301071146e-06,-5.1907210263379966e-07
321,-6.8000001907348633,-4.4300003051757812,-1.8017130969383288e-06,-5.1295410230522975e-07
322,-6.5,-4.4300003051757812,-2.0714760466944426e-06,-5.7995822544398834e-07
323,-6.2000002861022949,-4.4300003051757812,-2.2153653844725341e-06,-7.5899851026406395e-07
324,-5.9000000953674316,-4.4300003051757812,-2.2328674731397768e-06,-9.8642613011179492e-07
325,-5.6000003814697266,-4.4300003051757812,-1.9803180748567684e-06,-1.2633216783797252e-06
326,-5.3000001907348633,-4.4300003051757812,-1.9311573851155117e-06,-1.4451879906118847e-06
327,-5,-4.4300003051757812,-2.4266144009743584e-06,-1.5475231975869974e-06
334,-2.9000000953674316,-4.4300003051757812,-4.2189831219729967e-06,-1.250555578735657e-05
335,-2.5999999046325684,-4.4300003051757812,-4.0767695281829219e-06,-1.4785230632696766e-05
336,-2.3000001907348633,-4.4300003051757812,-2.2131696368887788e-06,-1.2742637409246527e-05
339,-1.4000000953674316,-4.4300003051757812,3.7235170111671323e-06,-5.4595970141235739e-05
349,-7.1000003814697266,-4.130000114440918,-1.7967973917620839e-06,-2.4184231506296783e-07
350,-6.8000001907348633,-4.130000114440918,-1.7652537280810066e-06,-2.7439432415121701e-07
351,-6.5,-4.130000114440918,-2.0959728317393456e-06,-3.8177881833689753e-07
352,-6.2000002861022949,-4.130000114440918,-2.3357958980341209e-06,-6.024126832926413e-07
353,-5.9000000953674316,-4.130000114440918,-2.5152107809844892e-06,-9.4152045448936406e-07
354,-5.6000003814697266,-4.130000114440918,-2.5994208954216447e-06,-1.2760179970427998e-06
355,-5.3000001907348633,-4.130000114440918,-2.6829552552953828e-06,-1.5378097941720625e-06
356,-5,-4.130000114440918,-3.098750767094316e-06,-1.7430736534151947e-06
364,-2.5999999046325684,-4.130000114440918,-1.0076008948090021e-05,-2.2120622816146351e-05
368,-1.4000000953674316,-4.130000114440918,-4.3670965510500537e-07,-6.7614397266879678e-05
372,-0.19999980926513672,-4.130000114440918,1.0457119969942141e-05,-2.1755062334705144e-05
373,0.099999904632568359,-4.130000114440918,1.2902729395136703e-05,-1.9659515601233579e-05
378,-7.1000003814697266,-3.8299999237060547,-1.7713529132379335e-06,-6.3320648280296155e-08
379,-6.8000001907348633,-3.8299999237060547,-1.7768636553228134e-06,-1.7397130136487249e-07
380,-6.5,-3.8299999237060547,-2.119478267559316e-06,-3.5650649010676716e-07
381,-6.2000002861022949,-3.8299999237060547,-2.4731116354814731e-06,-6.0927828826606856e-07
382,-5.9000000953674316,-3.8299999237060547,-2.8607507829292445e-06,-9.9079818483005511e-07
383,-5.6000003814697266,-3.8299999237060547,-3.1691101867181715e-06,-1.2870468708570115e-06
384,-5.3000001907348633,-3.8299999237060547,-3.4612828585522948e-06,-1.4690568832520512e-06
385,-5,-3.8299999237060547,-4.2976721488230396e-06,-1.6403755580540746e-06
393,-2.5999999046325684,-3.8299999237060547,-1.5778814486111514e-05,-2.2807695131632499e-05
397,-1.4000000953674316,-3.8299999237060547,-4.1952489482355304e-06,-7.3429873737040907e-05
401,-0.19999980926513672,-3.8299999237060547,1.1468955563032068e-05,-2.0053199477843009e-05
402,0.099999904632568359,-3.8299999237060547,1.1824271496152505e-05,-1.6366870113415644e-05
412,-5.6000003814697266,-3.5299997329711914,-3.691445726872189e-06,-1.0255415645588073e-06
413,-5.3000001907348633,-3.5299997329711914,-3.9556789488415234e-06,-1.0557935183896916e-06
414,-5,-3.5299997329711914,-4.939583050145302e-06,-1.1045100336559699e-06
415,-4.6999998092651367,-3.5299997329711914,-5.9451758716022596e-06,-1.2385889931465499e-06
416,-4.4000000953674316,-3.5299997329711914,-7.3370047175558284e-06,-1.4034413879926433e-06
417,-4.1000003814697266,-3.5299997329711914,-9.3677845143247396e-06,-1.3876576758775627e-06
418,-3.7999999523162842,-3.5299997329711914,-1.0572985956969205e-05,-2.4064777335297549e-06
419,-3.5,-3.5299997329711914,-1.1506379451020621e-05,-3.9373821891786065e-06
420,-3.1999998092651367,-3.5299997329711914,-1.3016790035180748e-05,-6.7355426836002152e-06
421,-2.9000000953674316,-3.5299997329711914,-1.4473521332547534e-05,-1.138597508543171e-05
422,-2.5999999046325684,-3.5299997329711914,-1.6368187061743811e-05,-1.8916625776910223e-05
423,-2.3000001907348633,-3.5299997329711914,-1.9119011994916946e-05,-3.1612868042429909e-05
424,-2,-3.5299997329711914,-1.9333077943883836e-05,-5.1811835874104872e-05
425,-1.6999998092651367,-3.5299997329711914,-1.3882507118978538e-05,-7.4702729762066156e-05
426,-1.4000000953674316,-3.5299997329711914,-4.7559456106682774e-06,-8.306135714519769e-05
427,-1.0999999046325684,-3.5299997329711914,6.714816208841512e-06,-7.5072799518238753e-05
428,-0.79999971389770508,-3.5299997329711914,1.5142281881708186e-05,-5.0894188461825252e-05
429,-0.5,-3.5299997329711914,1.407199670211412e-05,-3.0256063837441616e-05
430,-0.19999980926513672,-3.5299997329711914,1.1508719580888283e-05,-1.9731965949176811e-05
431,0.099999904632568359,-3.5299997329711914,9.9244789453223348e-06,-1.3279266568133608e-05
432,0.40000009536743164,-3.5299997329711914,8.3440727394190617e-06,-8.1829357441165484e-06
433,0.69999980926513672,-3.5299997329711914,8.3113054643035866e-06,-6.4730284066172317e-06
441,-5.6000003814697266,-3.2300000190734863,-3.929794274881715e-06,-5.7288536936539458e-07
442,-5.3000001907348633,-3.2300000190734863,-4.1906750993803144e-06,-6.3845271824902738e-07
443,-5,-3.2300000190734863,-5.1957181312900502e-06,-7.190703854575986e-07
444,-4.6999998092651367,-3.2300000190734863,-6.2344829530047718e-06,-8.1661272588462452e-07
445,-4.4000000953674316,-3.2300000190734863,-7.5278644544596318e-06,-9.4248571258503944e-07
446,-4.1000003814697266,-3.2300000190734863,-8.8589658844284713e-06,-1.2094492376490962e-06
447,-3.7999999523162842,-3.2300000190734863,-9.7820466180564836e-06,-2.3730519842501963e-06
448,-3.5,-3.2300000190734863,-1.0758883036032785e-05,-4.5834312913939357e-06
449,-3.1999998092651367,-3.2300000190734863,-1.1975199413427617e-05,-8.0977943071047775e-06
450,-2.9000000953674316,-3.2300000190734863,-1.3372869943850674e-05,-1.3672295608557761e-05
451,-2.5999999046325684,-3.2300000190734863,-1.5471059668925591e-05,-2.2781043298891746e-05
452,-2.3000001907348633,-3.2300000190734863,-1.9929910195060074e-05,-3.7917146983090788e-05
453,-2,-3.2300000190734863,-2.4333341571036726e-05,-6.2587925640400499e-05
454,-1.6999998092651367,-3.2300000190734863,-1.9181907191523351e-05,-9.8574193543754518e-05
455,-1.4000000953674316,-3.2300000190734863,-3.998613465228118e-06,-0.00010751879744930193
456,-1.0999999046325684,-3.2300000190734863,1.070679172698874e-05,-9.5619798230472952e-05
457,-0.79999971389770508,-3.2300000190734863,1.7097836462198757e-05,-5.7635799748823047e-05
458,-0.5,-3.2300000190734863,1.4249108971853275e-05,-3.2978939998429269e-05
459,-0.19999980926513672,-3.2300000190734863,9.8160708148498088e-06,-2.0424115064088255e-05
460,0.099999904632568359,-3.2300000190734863,8.5519841377390549e-06,-1.2298996807658114e-05
461,0.40000009536743164,-3.2300000190734863,7.654019100300502e-06,-7.5731654760602396e-06
462,0.69999980926513672,-3.2300000190734863,7.5410475801618304e-06,-5.5137807066785172e-06
483,-1.6999998092651367,-2.929999828338623,-2.0733097699121572e-05,-0.00014189966896083206
484,-1.4000000953674316,-2.929999828338623,-4.1438379412284121e-06,-0.00014215036935638636
487,-0.5,-2.929999828338623,0,0
488,-0.19999980926513672,-2.929999828338623,7.6328515206114389e-06,-2.3961303668329492e-05
489,0.099999904632568359,-2.929999828338623,0,0
490,0.40000009536743164,-2.929999828338623,0,0
491,0.69999980926513672,-2.929999828338623,0,0
512,-1.6999998092651367,-2.630000114440918,-2.2423375412472524e-05,-0.00017682684119790792
513,-1.4000000953674316,-2.630000114440918,-5.468421022669645e-06,-0.00017449767619837075
523,-7.1000003814697266,-2.3299999237060547,-9.0187986643286422e-06,-1.4783142887608847e-06
524,-6.8000001907348633,-2.3299999237060547,-8.9515242507332005e-06,-2.2093718143878505e-06
525,-6.5,-2.3299999237060547,-8.4724806583835743e-06,-3.6120759432378691e-06
526,-6.2000002861022949,-2.3299999237060547,-7.0611772571282927e-06,-4.8743650040705688e-06
531,-4.6999998092651367,-2.3299999237060547,0,0
532,-4.4000000953674316,-2.3299999237060547,0,0
533,-4.1000003814697266,-2.3299999237060547,0,0
534,-3.7999999523162842,-2.3299999237060547,0,0
535,-3.5,-2.3299999237060547,0,0
536,-3.1999998092651367,-2.3299999237060547,0,0
537,-2.9000000953674316,-2.3299999237060547,0,0
538,-2.5999999046325684,-2.3299999237060547,0,0
541,-1.6999998092651367,-2.3299999237060547,-2.6606694518704899e-05,-0.00021056584955658764
542,-1.4000000953674316,-2.3299999237060547,-8.4622197391581722e-06,-0.0002061875129584223
552,-7.1000003814697266,-2.0299997329711914,-8.8788474386092275e-06,-1.4949957858334528e-06
553,-6.8000001907348633,-2.0299997329711914,-9.0186822490068153e-06,-2.2547026219399413e-06
554,-6.5,-2.0299997329711914,-8.8685474111116491e-06,-3.9627398109587375e-06
555,-6.2000002861022949,-2.0299997329711914,-7.353271939791739e-06,-6.2247499954537489e-06
556,-5.9000000953674316,-2.0299997329711914,-5.1472370614646934e-06,-5.4381348491006065e-06
557,-5.6000003814697266,-2.0299997329711914,-4.2224141907354351e-06,-3.5271016258775489e-06
559,-5,-2.0299997329711914,-3.1518488867732231e-06,-1.8339611642659293e-06
560,-4.6999998092651367,-2.0299997329711914,0,0
561,-4.4000000953674316,-2.0299997329711914,0,0
562,-4.1000003814697266,-2.0299997329711914,0,0
563,-3.7999999523162842,-2.0299997329711914,0,0
564,-3.5,-2.0299997329711914,0,0
565,-3.1999998092651367,-2.0299997329711914,0,0
566,-2.9000000953674316,-2.0299997329711914,0,0
567,-2.5999999046325684,-2.0299997329711914,0,0
570,-1.6999998092651367,-2.0299997329711914,-3.5193446819903329e-05,-0.00024610149557702243
571,-1.4000000953674316,-2.0299997329711914,-1.4196630218066275e-05,-0.00023802541545592248
581,-7.1000003814697266,-1.7300000190734863,0,0
582,-6.8000001907348633,-1.7300000190734863,0,0
583,-6.5,-1.7300000190734863,0,0
584,-6.2000002861022949,-1.7300000190734863,-8.1478665379108861e-06,-1.0023959475802258e-05
585,-5.9000000953674316,-1.7300000190734863,-5.9007411437050905e-06,-8.4165540101821534e-06
586,-5.6000003814697266,-1.7300000190734863,-5.3364083214546554e-06,-5.7199904404114932e-06
587,-5.3000001907348633,-1.7300000190734863,0,0
588,-5,-1.7300000190734863,0,0
589,-4.6999998092651367,-1.7300000190734863,-2.4383750769629842e-06,-2.4308410502271727e-06
590,-4.4000000953674316,-1.7300000190734863,-2.2761580567021156e-06,-2.2614322006120346e-06
591,-4.1000003814697266,-1.7300000190734863,-2.1241257854853757e-06,-2.1372541141317924e-06
592,-3.7999999523162842,-1.7300000190734863,-1.9575877558963839e-06,-2.0558234155032551e-06
593,-3.5,-1.7300000190734863,-1.9549536318663741e-06,-2.0155111997155473e-06
594,-3.1999998092651367,-1.7300000190734863,0,0
595,-2.9000000953674316,-1.7300000190734863,0,0
596,-2.5999999046325684,-1.7300000190734863,0,0
599,-1.6999998092651367,-1.7300000190734863,-5.1533468649722636e-05,-0.00028546774410642684
600,-1.4000000953674316,-1.7300000190734863,-2.4663382646394894e-05,-0.00027099702856503427
610,-7.1000003814697266,-1.429999828338623,0,0
611,-6.8000001907348633,-1.429999828338623,0,0
612,-6.5,-1.429999828338623,0,0
613,-6.2000002861022949,-1.429999828338623,-1.2105713722121436e-05,-1.3496767678589094e-05
614,-5.9000000953674316,-1.429999828338623,-9.8336886367178522e-06,-1.2815192349080462e-05
615,-5.6000003814697266,-1.429999828338623,0,0
616,-5.3000001907348633,-1.429999828338623,0,0
617,-5,-1.429999828338623,0,0
618,-4.6999998092651367,-1.429999828338623,0,0
619,-4.4000000953674316,-1.429999828338623,0,0
620,-4.1000003814697266,-1.429999828338623,0,0
621,-3.7999999523162842,-1.429999828338623,0,0
622,-3.5,-1.429999828338623,0,0
623,-3.1999998092651367,-1.429999828338623,0,0
624,-2.9000000953674316,-1.429999828338623,0,0
625,-2.5999999046325684,-1.429999828338623,0,0
628,-1.6999998092651367,-1.429999828338623,-8.1399361079093069e-05,-0.00032762088812887669
629,-1.4000000953674316,-1.429999828338623,-4.3234416807536036e-05,-0.00030046052415855229
639,-7.1000003814697266,-1.1299996376037598,0,0
640,-6.8000001907348633,-1.1299996376037598,0,0
641,-6.5,-1.1299996376037598,0,0
642,-6.2000002861022949,-1.1299996376037598,-2.0660861991927959e-05,-1.5681569493608549e-05
643,-5.9000000953674316,-1.1299996376037598,-1.8322047253604978e-05,-1.5534227713942528e-05
644,-5.6000003814697266,-1.1299996376037598,0,0
645,-5.3000001907348633,-1.1299996376037598,0,0
646,-5,-1.1299996376037598,0,0
647,-4.6999998092651367,-1.1299996376037598,-0.00010714723612181842,-3.6798122891923413e-05
648,-4.4000000953674316,-1.1299996376037598,0,0
649,-4.1000003814697266,-1.1299996376037598,0,0
650,-3.7999999523162842,-1.1299996376037598,0,0
651,-3.5,-1.1299996376037598,0,0
652,-3.1999998092651367,-1.1299996376037598,0,0
653,-2.9000000953674316,-1.1299996376037598,0,0
654,-2.5999999046325684,-1.1299996376037598,0,0
657,-1.6999998092651367,-1.1299996376037598,-0.00014681060565635562,-0.00038313015829771757
658,-1.4000000953674316,-1.1299996376037598,-9.599672193871811e-05,-0.00036442608688957989
668,-7.1000003814697266,-0.82999992370605469,0,0
669,-6.8000001907348633,-0.82999992370605469,0,0
670,-6.5,-0.82999992370605469,0,0
671,-6.2000002861022949,-0.82999992370605469,-3.3026204619091004e-05,-1.4203980754246004e-05
672,-5.9000000953674316,-0.82999992370605469,-3.3699354389682412e-05,-1.4700615793117322e-05
673,-5.6000003814697266,-0.82999992370605469,-4.8210535169346258e-05,-1.4978833860368468e-05
674,-5.3000001907348633,-0.82999992370605469,0,0
675,-5,-0.82999992370605469,0,0
676,-4.6999998092651367,-0.82999992370605469,-0.00010934934107353911,-2.5674607968539931e-05
677,-4.4000000953674316,-0.82999992370605469,-0.00011664281919365749,-2.4735811166465282e-05
678,-4.1000003814697266,-0.82999992370605469,-0.0001316139823757112,-2.8969829145353287e-05
679,-3.7999999523162842,-0.82999992370605469,-0.00013478481560014188,-3.4174991014879197e-05
680,-3.5,-0.82999992370605469,-0.00014171132352203131,-3.8914684409974143e-05
681,-3.1999998092651367,-0.82999992370605469,0,0
682,-2.9000000953674316,-0.82999992370605469,0,0
683,-2.5999999046325684,-0.82999992370605469,0,0
687,-1.4000000953674316,-0.82999992370605469,-0.00024428576580248773,-0.00045099662384018302
697,-7.1000003814697266,-0.52999973297119141,0,0
698,-6.8000001907348633,-0.52999973297119141,0,0
699,-6.5,-0.52999973297119141,0,0
700,-6.2000002861022949,-0.52999973297119141,-4.3961008486803621e-05,-8.3115819506929256e-06
701,-5.9000000953674316,-0.52999973297119141,-4.6471082896459848e-05,-9.5982886705314741e-06
702,-5.6000003814697266,-0.52999973297119141,-6.2962251831777394e-05,-1.1026116226275917e-05
703,-5.3000001907348633,-0.52999973297119141,-8.5185289208311588e-05,-9.9022254289593548e-06
704,-5,-0.52999973297119141,-0.00010060347995022312,-8.604637514508795e-06
705,-4.6999998092651367,-0.52999973297119141,-0.0001084900795831345,-1.3133254469721578e-05
706,-4.4000000953674316,-0.52999973297119141,-0.0001195255754282698,-1.7529073375044391e-05
707,-4.1000003814697266,-0.52999973297119141,-0.0001345964556094259,-2.275611404911615e-05
708,-3.7999999523162842,-0.52999973297119141,-0.00014348288823384792,-3.0349472581292503e-05
709,-3.5,-0.52999973297119141,-0.00015832898498047143,-4.0496270230505615e-05
710,-3.1999998092651367,-0.52999973297119141,-0.00018107790674548596,-4.9302616389468312e-05
711,-2.9000000953674316,-0.52999973297119141,-0.00017851854499895126,-5.2766270528081805e-05
712,-2.5999999046325684,-0.52999973297119141,-0.00018896015535574406,-5.388346835388802e-05
716,-1.4000000953674316,-0.52999973297119141,-0.0004720614233519882,-0.00044505656114779413
726,-7.1000003814697266,-0.23000001907348633,-3.8341353501891717e-05,-7.3181456627935404e-07
727,-6.8000001907348633,-0.23000001907348633,-3.8664609746774659e-05,-4.3848902464560524e-07
728,-6.5,-0.23000001907348633,0,0
729,-6.2000002861022949,-0.23000001907348633,-5.0789760280167684e-05,-6.7760225874735625e-07
730,-5.9000000953674316,-0.23000001907348633,-5.4939639085205272e-05,-1.9664314550027484e-06
731,-5.6000003814697266,-0.23000001907348633,-6.9524117861874402e-05,-3.3593128136999439e-06
732,-5.3000001907348633,-0.23000001907348633,-8.5328400018624961e-05,-2.837699867086485e-06
733,-5,-0.23000001907348633,-9.8966105724684894e-05,-2.6020857148978394e-06
734,-4.6999998092651367,-0.23000001907348633,-0.00011025754793081433,-6.3357424551213626e-06
735,-4.4000000953674316,-0.23000001907348633,-0.00012361905828583986,-1.2349443750281353e-05
736,-4.1000003814697266,-0.23000001907348633,-0.00013880571350455284,-1.8831266061170027e-05
737,-3.7999999523162842,-0.23000001907348633,-0.00015362042177002877,-2.653178307809867e-05
738,-3.5,-0.23000001907348633,-0.00017103766731452197,-3.5559267416829243e-05
739,-3.1999998092651367,-0.23000001907348633,-0.0001908791164169088,-4.4221633288543671e-05
740,-2.9000000953674316,-0.23000001907348633,-0.00019702287681866437,-5.6073917221510783e-05
741,-2.5999999046325684,-0.23000001907348633,-0.00021781663235742599,-6.9325913500506431e-05
744,-1.6999998092651367,-0.23000001907348633,-0.00049829547060653567,-0.00029652443481609225
745,-1.4000000953674316,-0.23000001907348633,-0.00058868248015642166,-0.00035228155320510268
746,-1.0999999046325684,-0.23000001907348633,-0.00084751914255321026,-0.00047973328037187457
747,-0.79999971389770508,-0.23000001907348633,-0.0012447634944692254,-0.00075762817868962884
748,-0.5,-0.23000001907348633,-0.0016366748604923487,-0.0012783646816387773
749,-0.19999980926513672,-0.23000001907348633,-0.0019093845039606094,-0.0020722025074064732
755,-7.1000003814697266,0.070000171661376953,-4.2552055674605072e-05,-2.8011277208861429e-07
756,-6.8000001907348633,0.070000171661376953,-4.3233794713160023e-05,-1.5002994757651322e-07
757,-6.5,0.070000171661376953,-5.0427606765879318e-05,2.5953170279535698e-06
758,-6.2000002861022949,0.070000171661376953,-5.2325540309539065e-05,4.3331019696779549e-06
759,-5.9000000953674316,0.070000171661376953,-5.7726068916963413e-05,4.4647090362559538e-06
760,-5.6000003814697266,0.070000171661376953,-7.0257505285553634e-05,4.2869664866884705e-06
761,-5.3000001907348633,0.070000171661376953,-8.500100375385955e-05,3.4613995012477972e-06
762,-5,0.070000171661376953,-9.8827862530015409e-05,1.0466983439982869e-06
763,-4.6999998092651367,0.070000171661376953,-0.00011215943959541619,-2.4584869606769644e-06
764,-4.4000000953674316,0.070000171661376953,-0.00012666135444305837,-6.6114594119426329e-06
765,-4.1000003814697266,0.070000171661376953,-0.00014263857156038284,-1.1537805221450981e-05
766,-3.7999999523162842,0.070000171661376953,-0.00016047808458097279,-1.7463960830355063e-05
767,-3.5,0.070000171661376953,-0.00018069101497530937,-2.4783101252978668e-05
768,-3.1999998092651367,0.070000171661376953,-0.00020482586114667356,-3.4134060115320608e-05
769,-2.9000000953674316,0.070000171661376953,-0.00023051811149343848,-4.8905476432992145e-05
770,-2.5999999046325684,0.070000171661376953,-0.00027824693825095892,-6.5803295001387596e-05
771,-2.3000001907348633,0.070000171661376953,-0.00036473164800554514,-8.0540754424873739e-05
772,-2,0.070000171661376953,-0.0004207402525935322,-0.00010760816076071933
773,-1.6999998092651367,0.070000171661376953,-0.00045954118832014501,-0.00018292920140083879
774,-1.4000000953674316,0.070000171661376953,-0.00054891442414373159,-0.00024845270672813058
775,-1.0999999046325684,0.070000171661376953,-0.00070503709139302373,-0.00032409958657808602
776,-0.79999971389770508,0.070000171661376953,-0.00095912476535886526,-0.00048408354632556438
777,-0.5,0.070000171661376953,-0.0014154749223962426,-0.00095318950479850173
778,-0.19999980926513672,0.070000171661376953,-0.0018291362794116139,-0.0019990094006061554
779,0.099999904632568359,0.070000171661376953,-0.0022769088391214609,-0.004399558063596487
780,0.40000009536743164,0.070000171661376953,-0.0017543574795126915,-0.0023348655086010695
781,0.69999980926513672,0.070000171661376953,-0.0016241122502833605,-0.0018426937749609351
782,1,0.070000171661376953,-0.0016621372196823359,-0.0016902529168874025
784,-7.1000003814697266,0.36999988555908203,-4.4408930989447981e-05,-7.1769255782783148e-07
785,-6.8000001907348633,0.36999988555908203,-4.3867374188266695e-05,3.558233743206074e-07
786,-6.5,0.36999988555908203,-4.7282785089919344e-05,3.0564765438612085e-06
787,-6.2000002861022949,0.36999988555908203,-4.8624879127601162e-05,5.9549902289290912e-06
788,-5.9000000953674316,0.36999988555908203,-5.3242070862324908e-05,8.5777073763892986e-06
789,-5.6000003814697266,0.36999988555908203,-6.527429650304839e-05,1.0542698873905465e-05
790,-5.3000001907348633,0.36999988555908203,-8.4457460616249591e-05,9.648219020164106e-06
791,-5,0.36999988555908203,-9.9147371656727046e-05,7.0422606768261176e-06
792,-4.6999998092651367,0.36999988555908203,-0.00011273644486209378,3.7495317428692942e-06
793,-4.4000000953674316,0.36999988555908203,-0.00012774410424754024,-9.0442590305883641e-08
794,-4.1000003814697266,0.36999988555908203,-0.00014442445535678416,-4.6000504880794324e-06
795,-3.7999999523162842,0.36999988555908203,-0.0001634895452298224,-9.9001445050816983e-06
796,-3.5,0.36999988555908203,-0.00018572498811408877,-1.6291396605083719e-05
797,-3.1999998092651367,0.36999988555908203,-0.00021328014554455876,-2.4105476768454537e-05
798,-2.9000000953674316,0.36999988555908203,-0.00024778858642093837,-3.4137734473915771e-05
799,-2.5999999046325684,0.36999988555908203,-0.00029514558264054358,-4.4901982619194314e-05
800,-2.3000001907348633,0.36999988555908203,-0.00035659503191709518,-5.6174332712544128e-05
801,-2,0.36999988555908203,-0.00039572533569298685,-8.4304956544656307e-05
802,-1.6999998092651367,0.36999988555908203,-0.00038532132748514414,-0.0001360556052532047
803,-1.4000000953674316,0.36999988555908203,-0.00042905024020001292,-0.00018314574845135212
804,-1.0999999046325684,0.36999988555908203,-0.0004867629031650722,-0.00024786413996480405
805,-0.79999971389770508,0.36999988555908203,-0.00060872547328472137,-0.00034745843731798232
806,-0.5,0.36999988555908203,0,0
807,-0.19999980926513672,0.36999988555908203,0,0
808,0.099999904632568359,0.36999988555908203,0,0
809,0.40000009536743164,0.36999988555908203,-0.0014512977795675397,-0.0021042169537395239
810,0.69999980926513672,0.36999988555908203,-0.0016299652634188533,-0.0019041348714381456
811,1,0.36999988555908203,-0.001762659172527492,-0.0017167434561997652
813,-7.1000003814697266,0.67000007629394531,-4.3645020923577249e-05,1.4746468650628231e-06
814,-6.8000001907348633,0.67000007629394531,-4.2832773033296689e-05,2.2592209916183492e-06
815,-6.5,0.67000007629394531,-4.3988937250105664e-05,3.8203065741981845e-06
816,-6.2000002861022949,0.67000007629394531,-3.9750248106429353e-05,6.7225191742181778e-06
817,-5.9000000953674316,0.67000007629394531,-4.139737575314939e-05,9.8219425126444548e-06
818,-5.6000003814697266,0.67000007629394531,-5.2718249207828194e-05,1.2265788427612279e-05
831,-1.6999998092651367,0.67000007629394531,-0.00027033878723159432,-0.00012283989053685218
832,-1.4000000953674316,0.67000007629394531,-0.00029756699223071337,-0.00015146190708037466
833,-1.0999999046325684,0.67000007629394531,-0.00038242965820245445,-0.00024464397574774921
834,-0.79999971389770508,0.67000007629394531,-0.00049856922123581171,-0.00033660614280961454
835,-0.5,0.67000007629394531,0,0
836,-0.19999980926513672,0.67000007629394531,0,0
837,0.099999904632568359,0.67000007629394531,0,0
838,0.40000009536743164,0.67000007629394531,-0.0011741650523617864,-0.0021177164744585752
839,0.69999980926513672,0.67000007629394531,-0.001444372464902699,-0.0020724800415337086
846,-5.9000000953674316,0.97000026702880859,-2.3950045942910947e-05,8.713205716048833e-06
861,-1.4000000953674316,0.97000026702880859,-0.00016156710626091808,-0.00010323882452212274
875,-5.9000000953674316,1.2700004577636719,-1.2259907634870615e-05,6.0882148318341933e-06
890,-1.4000000953674316,1.2700004577636719,-9.2203663371037692e-05,-7.2078590164892375e-05
901,-6.8000001907348633,1.5700006484985352,-6.9875122790108435e-06,4.1106277421931736e-06
902,-6.5,1.5700006484985352,-8.2815295172622427e-06,5.1249276111775544e-06
903,-6.2000002861022949,1.5700006484985352,-8.2791066233767197e-06,5.3047579058329575e-06
904,-5.9000000953674316,1.5700006484985352,-7.2768680183799006e-06,4.1460248212388251e-06
905,-5.6000003814697266,1.5700006484985352,-7.86090186011279e-06,3.1117574508243706e-06
908,-4.6999998092651367,1.5700006484985352,0,0
909,-4.4000000953674316,1.5700006484985352,0,0
910,-4.1000003814697266,1.5700006484985352,0,0
911,-3.7999999523162842,1.5700006484985352,0,0
912,-3.5,1.5700006484985352,0,0
913,-3.1999998092651367,1.5700006484985352,-4.4278054701862857e-05,-8.7835278463899158e-06
914,-2.9000000953674316,1.5700006484985352,-4.0467297367285937e-05,-9.8439104476710781e-06
915,-2.5999999046325684,1.5700006484985352,-4.4757587602362037e-05,-1.1258408449066337e-05
916,-2.3000001907348633,1.5700006484985352,-5.0927461415994912e-05,-1.3799416592519265e-05
917,-2,1.5700006484985352,-5.5299460655078292e-05,-2.1686300897272304e-05
918,-1.6999998092651367,1.5700006484985352,-5.9809433878399432e-05,-3.9334536268142983e-05
919,-1.4000000953674316,1.5700006484985352,-6.4285966800525784e-05,-5.6111239246092737e-05
930,-6.8000001907348633,1.869999885559082,-5.2200534810253885e-06,4.3720328903873451e-06
931,-6.5,1.869999885559082,-5.8373034335090779e-06,4.5907977437309455e-06
932,-6.2000002861022949,1.869999885559082,-5.6778426369419321e-06,4.3975696826237254e-06
933,-5.9000000953674316,1.869999885559082,-4.9127497732115444e-06,3.6111177905695513e-06
934,-5.6000003814697266,1.869999885559082,-5.3714270507043693e-06,2.9127379548299359e-06
937,-4.6999998092651367,1.869999885559082,0,0
938,-4.4000000953674316,1.869999885559082,0,0
939,-4.1000003814697266,1.869999885559082,-6.2818103288009297e-06,2.4033533918554895e-06
940,-3.7999999523162842,1.869999885559082,-7.6710430221282877e-06,3.8186099118320271e-06
941,-3.5,1.869999885559082,-1.0593654224066995e-05,6.4593523347866721e-06
942,-3.1999998092651367,1.869999885559082,0,0
943,-2.9000000953674316,1.869999885559082,-3.5216151445638388e-05,-8.8303295342484489e-06
944,-2.5999999046325684,1.869999885559082,-3.7078581954119727e-05,-1.0574419320619199e-05
945,-2.3000001907348633,1.869999885559082,-4.2313349695177749e-05,-1.4039277630217839e-05
946,-2,1.869999885559082,-4.5632335968548432e-05,-2.1501118681044318e-05
947,-1.6999998092651367,1.869999885559082,-4.951757364324294e-05,-3.2591728086117655e-05
948,-1.4000000953674316,1.869999885559082,-5.3263174777384847e-05,-4.268946941010654e-05
959,-6.8000001907348633,2.1700000762939453,-3.9083683986973483e-06,4.1340645111631602e-06
960,-6.5,2.1700000762939453,-4.2257483983121347e-06,4.0098393583321013e-06
961,-6.2000002861022949,2.1700000762939453,-4.0263639675686136e-06,3.6796650420001242e-06
962,-5.9000000953674316,2.1700000762939453,-3.4413242246955633e-06,3.0871451599523425e-06
963,-5.6000003814697266,2.1700000762939453,-3.731008064278285e-06,2.6076049834955484e-06
966,-4.6999998092651367,2.1700000762939453,0,0
967,-4.4000000953674316,2.1700000762939453,-7.062445547489915e-06,1.9381100173632149e-06
968,-4.1000003814697266,2.1700000762939453,-5.8960381466022227e-06,2.2446590719482629e-06
969,-3.7999999523162842,2.1700000762939453,-6.1964051383256447e-06,2.8277213459659833e-06
970,-3.5,2.1700000762939453,0,0
971,-3.1999998092651367,2.1700000762939453,0,0
972,-2.9000000953674316,2.1700000762939453,-2.9748825909337029e-05,-4.5660494834010024e-06
973,-2.5999999046325684,2.1700000762939453,-3.0774630431551486e-05,-6.8264525907579809e-06
974,-2.3000001907348633,2.1700000762939453,-3.6328285204945132e-05,-1.1083737263106741e-05
975,-2,2.1700000762939453,-3.982744601671584e-05,-1.7320298866252415e-05
976,-1.6999998092651367,2.1700000762939453,-4.3934480345342308e-05,-2.4766672140685841e-05
977,-1.4000000953674316,2.1700000762939453,-4.8381960368715227e-05,-3.0675222660647705e-05
978,-1.0999999046325684,2.1700000762939453,-5.3471889259526506e-05,-3.0729384889127687e-05
979,-0.79999971389770508,2.1700000762939453,-5.5350588809233159e-05,-2.2617839931626804e-05
980,-0.5,2.1700000762939453,-5.1451705076033249e-05,-1.2155840522609651e-05
981,-0.19999980926513672,2.1700000762939453,-4.5537959522334859e-05,-4.6143768486217596e-06
988,-6.8000001907348633,2.4700002670288086,-3.0388830509764375e-06,3.7895138120802585e-06
989,-6.5,2.4700002670288086,-3.2050372738012811e-06,3.5223476970713818e-06
990,-6.2000002861022949,2.4700002670288086,-2.9919522148702526e-06,3.1513623071077745e-06
991,-5.9000000953674316,2.4700002670288086,-2.5215488221874693e-06,2.677326847333461e-06
992,-5.6000003814697266,2.4700002670288086,-2.6748984964797273e-06,2.3262396098289173e-06
995,-4.6999998092651367,2.4700002670288086,0,0
996,-4.4000000953674316,2.4700002670288086,0,0
997,-4.1000003814697266,2.4700002670288086,-5.8302712204749696e-06,2.1809007648698753e-06
998,-3.7999999523162842,2.4700002670288086,-6.0429356381064281e-06,2.081229695249931e-06
999,-3.5,2.4700002670288086,0,0
1000,-3.1999998092651367,2.4700002670288086,0,0
1001,-2.9000000953674316,2.4700002670288086,-2.3402990336762741e-05,-4.2308920455980115e-07
1002,-2.5999999046325684,2.4700002670288086,-2.7412497729528695e-05,-4.5779393076372799e-06
1003,-2.3000001907348633,2.4700002670288086,-3.3197029551956803e-05,-1.0308795935998205e-05
1004,-2,2.4700002670288086,-3.710762393893674e-05,-1.6608508303761482e-05
1005,-1.6999998092651367,2.4700002670288086,-4.1518254874972627e-05,-2.3069214876159094e-05
1006,-1.4000000953674316,2.4700002670288086,-4.6246233978308737e-05,-2.7612113626673818e-05
1007,-1.0999999046325684,2.4700002670288086,-5.050844993093051e-05,-2.7918309569940902e-05
1008,-0.79999971389770508,2.4700002670288086,-5.2284765843069181e-05,-2.3461016098735854e-05
1009,-0.5,2.4700002670288086,-4.976390118827112e-05,-1.7482234397903085e-05
1010,-0.19999980926513672,2.4700002670288086,-4.7476740292040631e-05,-1.4195413314155303e-05
1011,0.099999904632568359,2.4700002670288086,0,0
1017,-6.8000001907348633,2.7700004577636719,-2.5758513402251992e-06,3.2170128179132007e-06
1018,-6.5,2.7700004577636719,-2.6075313144247048e-06,2.8741803816956235e-06
1019,-6.2000002861022949,2.7700004577636719,-2.374398945903522e-06,2.5238575744879199e-06
1020,-5.9000000953674316,2.7700004577636719,-1.9648919078463223e-06,2.1538025976042263e-06
1021,-5.6000003814697266,2.7700004577636719,-1.9979795524704969e-06,1.9245790099375881e-06
1025,-4.4000000953674316,2.7700004577636719,-6.7580781433207449e-06,1.0841316679943702e-06
1026,-4.1000003814697266,2.7700004577636719,-6.8663525780721102e-06,1.4928230029909173e-06
1027,-3.7999999523162842,2.7700004577636719,-7.5791622293763794e-06,1.2939950693180435e-06
1028,-3.5,2.7700004577636719,-1.0114737051480915e-05,1.2484513263189001e-06
1029,-3.1999998092651367,2.7700004577636719,-1.1543654181878082e-05,2.2113290469860658e-06
1030,-2.9000000953674316,2.7700004577636719,-1.4777001524635125e-05,2.2943911517359084e-06
1031,-2.5999999046325684,2.7700004577636719,0,0
1032,-2.3000001907348633,2.7700004577636719,0,0
1033,-2,2.7700004577636719,0,0
1034,-1.6999998092651367,2.7700004577636719,0,0
1035,-1.4000000953674316,2.7700004577636719,0,0
1036,-1.0999999046325684,2.7700004577636719,0,0
1037,-0.79999971389770508,2.7700004577636719,0,0
1038,-0.5,2.7700004577636719,0,0
1039,-0.19999980926513672,2.7700004577636719,0,0
1040,0.099999904632568359,2.7700004577636719,0,0
1041,0.40000009536743164,2.7700004577636719,0,0
1042,0.69999980926513672,2.7700004577636719,0,0
1046,-6.8000001907348633,3.0700006484985352,-2.4538005618524039e-06,3.3708067803672748e-06
1047,-6.5,3.0700006484985352,-2.3420586785505293e-06,2.9338900731090689e-06
1048,-6.2000002861022949,3.0700006484985352,-2.0896225123578915e-06,2.5341098535136553e-06
1049,-5.9000000953674316,3.0700006484985352,-1.7227979469680577e-06,2.1288276457198663e-06
1050,-5.6000003814697266,3.0700006484985352,-1.6558304878344643e-06,1.8586264332043356e-06
1054,-4.4000000953674316,3.0700006484985352,-6.7668961492017843e-06,1.7252441466553137e-06
1055,-4.1000003814697266,3.0700006484985352,-7.4341373874631245e-06,1.83028214451042e-06
1056,-3.7999999523162842,3.0700006484985352,-8.2554706750670448e-06,1.7825508393798373e-06
1057,-3.5,3.0700006484985352,-9.7813899628818035e-06,1.985868948395364e-06
1058,-3.1999998092651367,3.0700006484985352,-1.0229204235656653e-05,2.3734457954560639e-06
1059,-2.9000000953674316,3.0700006484985352,-1.1715632354025729e-05,2.1875425773032475e-06
1060,-2.5999999046325684,3.0700006484985352,0,0
1062,-2,3.0700006484985352,0,0
1063,-1.6999998092651367,3.0700006484985352,0,0
1065,-1.0999999046325684,3.0700006484985352,0,0
1066,-0.79999971389770508,3.0700006484985352,0,0
1067,-0.5,3.0700006484985352,0,0
1068,-0.19999980926513672,3.0700006484985352,0,0
1069,0.099999904632568359,3.0700006484985352,0,0
1070,0.40000009536743164,3.0700006484985352,0,0
1071,0.69999980926513672,3.0700006484985352,0,0
