t_sim_s,step,x,y,z,yaw,is_moving,seed
0.200000,1,-3.1700,-1.7500,0.3000,0.0000,0,12
0.400000,2,-3.1700,-1.7500,0.3000,0.0000,0,12
0.600000,3,-3.1700,-1.7500,0.3000,0.0000,0,12
0.800000,4,-3.1700,-1.7500,0.3000,0.0000,0,12
1.000000,5,-3.1700,-1.7500,0.3000,0.0000,0,12
1.200000,6,-3.1700,-1.7500,0.3000,0.0000,0,12
1.400000,7,-3.1700,-1.7500,0.3000,0.0000,0,12
1.600000,8,-3.1700,-1.7500,0.3000,0.0000,0,12
1.800000,9,-3.1700,-1.7500,0.3000,0.0000,0,12
2.000000,10,-3.1700,-1.7500,0.3000,0.0000,0,12
2.200000,11,-3.1700,-1.7500,0.3000,0.0000,0,12
2.400000,12,-3.1700,-1.7500,0.3000,0.0000,0,12
2.600000,13,-3.1700,-1.7500,0.3000,0.0000,0,12
2.800000,14,-3.1700,-1.7500,0.3000,0.0000,0,12
3.000000,15,-3.1700,-1.7500,0.3000,0.0000,0,12
3.200000,16,-3.1700,-1.7500,0.3000,0.0000,0,12
3.400000,17,-3.1700,-1.7500,0.3000,0.0000,0,12
3.600000,18,-3.1700,-1.7500,0.3000,0.0000,0,12
3.800000,19,-3.1700,-1.7500,0.3000,0.0000,0,12
4.000000,20,-3.1700,-1.7500,0.3000,0.0000,0,12
4.200000,21,-3.1700,-1.7500,0.3000,0.0000,0,12
4.400000,22,-3.1700,-1.7500,0.3000,0.0000,0,12
4.600000,23,-3.1700,-1.7500,0.3000,0.0000,0,12
4.800000,24,-3.1700,-1.7500,0.3000,0.0000,0,12
5.000000,25,-3.1700,-1.7500,0.3000,0.0000,0,12
5.200000,26,-3.1700,-1.7500,0.3000,0.0000,0,12
5.400000,27,-3.1700,-1.7500,0.3000,0.0000,0,12
5.600000,28,-3.1700,-1.7500,0.3000,0.0000,0,12
5.800000,29,-3.1700,-1.7500,0.3000,0.0000,0,12
6.000000,30,-3.1700,-1.7500,0.3000,0.0000,0,12
6.200000,31,-3.1700,-1.7500,0.3000,0.0000,0,12
6.400000,32,-3.1700,-1.7500,0.3000,0.0000,0,12
6.600000,33,-3.1700,-1.7500,0.3000,0.0000,0,12
6.800000,34,-3.1700,-1.7500,0.3000,0.0000,0,12
7.000000,35,-3.1700,-1.7500,0.3000,0.0000,0,12
7.200000,36,-3.1700,-1.7500,0.3000,0.0000,0,12
7.400000,37,-3.1700,-1.7500,0.3000,0.0000,0,12
7.600000,38,-3.1700,-1.7500,0.3000,0.0000,0,12
7.800000,39,-3.1700,-1.7500,0.3000,0.0000,0,12
8.000000,40,-3.1700,-1.7500,0.3000,0.0000,0,12
8.200000,41,-3.1700,-1.7500,0.3000,0.0000,0,12
8.400000,42,-3.1700,-1.7500,0.3000,0.0000,0,12
8.600000,43,-3.1700,-1.7500,0.3000,0.0000,0,12
8.800000,44,-3.1700,-1.7500,0.3000,0.0000,0,12
9.000000,45,-3.1700,-1.7500,0.3000,0.0000,0,12
9.200000,46,-3.1700,-1.7500,0.3000,0.0000,0,12
9.400000,47,-3.1700,-1.7500,0.3000,0.0000,0,12
9.600000,48,-3.1700,-1.7500,0.3000,0.0000,0,12
9.800000,49,-3.1700,-1.7500,0.3000,0.0000,0,12
10.000000,50,-3.1700,-1.7500,0.3000,0.0000,0,12
10.200000,51,-3.1700,-1.7500,0.3000,0.0000,0,12
10.400000,52,-3.1700,-1.7500,0.3000,0.0000,0,12
10.600000,53,-3.1700,-1.7500,0.3000,0.0000,0,12
10.800000,54,-3.1700,-1.7500,0.3000,0.0000,0,12
11.000000,55,-3.1700,-1.7500,0.3000,0.0000,0,12
11.200000,56,-3.1700,-1.7500,0.3000,0.0000,0,12
11.400000,57,-3.1700,-1.7500,0.3000,0.0000,0,12
11.600000,58,-3.1700,-1.7500,0.3000,0.0000,0,12
11.800000,59,-3.1700,-1.7500,0.3000,0.0000,0,12
12.000000,60,-3.1700,-1.7500,0.3000,0.0000,0,12
12.200000,61,-3.1700,-1.7500,0.3000,0.0000,0,12
12.400000,62,-3.1700,-1.7500,0.3000,0.0000,0,12
12.600000,63,-3.1700,-1.7500,0.3000,0.0000,0,12
12.800000,64,-3.1700,-1.7500,0.3000,0.0000,0,12
13.000000,65,-3.1700,-1.7500,0.3000,0.0000,0,12
13.200000,66,-3.1700,-1.7500,0.3000,0.0000,0,12
13.400000,67,-3.1700,-1.7500,0.3000,0.0000,0,12
13.600000,68,-3.1700,-1.7500,0.3000,0.0000,0,12
13.800000,69,-3.1700,-1.7500,0.3000,0.0000,0,12
14.000000,70,-3.1700,-1.7500,0.3000,0.0000,0,12
14.200000,71,-3.1700,-1.7500,0.3000,0.0000,0,12
14.400000,72,-3.1700,-1.7500,0.3000,0.0000,0,12
14.600000,73,-3.1700,-1.7500,0.3000,0.0000,0,12
14.800000,74,-3.1700,-1.7500,0.3000,0.0000,0,12
15.000000,75,-3.1700,-1.7500,0.3000,0.0000,0,12
15.200000,76,-3.1700,-1.7500,0.3000,0.0000,0,12
15.400000,77,-3.1700,-1.7500,0.3000,0.0000,0,12
15.600000,78,-3.1700,-1.7500,0.3000,0.0000,0,12
15.800000,79,-3.1700,-1.7500,0.3000,0.0000,0,12
16.000000,80,-3.1700,-1.7500,0.3000,0.0000,0,12
16.200000,81,-3.1700,-1.7500,0.3000,0.0000,0,12
16.400000,82,-3.1700,-1.7500,0.3000,0.0000,0,12
16.600000,83,-3.1700,-1.7500,0.3000,0.0000,0,12
16.800000,84,-3.1700,-1.7500,0.3000,0.0000,0,12
17.000000,85,-3.1700,-1.7500,0.3000,0.0000,0,12
17.200000,86,-3.1700,-1.7500,0.3000,0.0000,0,12
17.400000,87,-3.1700,-1.7500,0.3000,0.0000,0,12
17.600000,88,-3.1700,-1.7500,0.3000,0.0000,0,12
17.800000,89,-3.1700,-1.7500,0.3000,0.0000,0,12
18.000000,90,-3.1700,-1.7500,0.3000,0.0000,0,12
18.200000,91,-3.1700,-1.7500,0.3000,0.0000,0,12
18.400000,92,-3.1700,-1.7500,0.3000,0.0000,0,12
18.600000,93,-3.1700,-1.7500,0.3000,0.0000,0,12
18.800000,94,-3.1700,-1.7500,0.3000,0.0000,0,12
19.000000,95,-3.1700,-1.7500,0.3000,0.0000,0,12
19.200000,96,-3.1700,-1.7500,0.3000,0.0000,0,12
19.400000,97,-3.1700,-1.7500,0.3000,0.0000,0,12
19.600000,98,-3.1700,-1.7500,0.3000,0.0000,0,12
19.800000,99,-3.4639,-1.7300,0.3000,3.1416,1,12
20.000000,100,-3.6866,-1.5434,0.3000,2.3562,1,12
20.200000,101,-3.8988,-1.3312,0.3000,2.3562,1,12
20.400000,102,-4.1000,-1.1300,0.3000,2.3818,1,12
20.600000,103,-4.1000,-1.1300,0.3000,2.3818,0,12
20.800000,104,-4.1000,-1.1300,0.3000,2.3818,0,12
21.000000,105,-4.1000,-1.1300,0.3000,2.3818,0,12
21.200000,106,-4.1000,-1.1300,0.3000,2.3818,0,12
21.400000,107,-4.1000,-1.1300,0.3000,2.3818,0,12
21.600000,108,-4.1000,-1.1300,0.3000,2.3818,0,12
21.800000,109,-4.1000,-1.1300,0.3000,2.3818,0,12
22.000000,110,-4.1000,-1.1300,0.3000,2.3818,0,12
22.200000,111,-4.1000,-1.1300,0.3000,2.3818,0,12
22.400000,112,-4.1000,-1.1300,0.3000,2.3818,0,12
22.600000,113,-4.1000,-1.1300,0.3000,2.3818,0,12
22.800000,114,-4.1000,-1.1300,0.3000,2.3818,0,12
23.000000,115,-4.1000,-1.1300,0.3000,2.3818,0,12
23.200000,116,-4.1000,-1.1300,0.3000,2.3818,0,12
23.400000,117,-4.1000,-1.1300,0.3000,2.3818,0,12
23.600000,118,-4.1000,-1.1300,0.3000,2.3818,0,12
23.800000,119,-4.1000,-1.1300,0.3000,2.3818,0,12
24.000000,120,-4.1000,-1.1300,0.3000,2.3818,0,12
24.200000,121,-4.1000,-1.1300,0.3000,2.3818,0,12
24.400000,122,-4.1000,-1.1300,0.3000,2.3818,0,12
24.600000,123,-4.1000,-1.1300,0.3000,2.3818,0,12
24.800000,124,-4.1000,-1.1300,0.3000,2.3818,0,12
25.000000,125,-4.1000,-1.1300,0.3000,2.3818,0,12
25.200000,126,-4.1000,-1.1300,0.3000,2.3818,0,12
25.400000,127,-4.1000,-1.1300,0.3000,2.3818,0,12
25.600000,128,-4.1000,-1.1300,0.3000,2.3818,0,12
25.800000,129,-4.1000,-1.1300,0.3000,2.3818,0,12
26.000000,130,-4.1000,-1.1300,0.3000,2.3818,0,12
26.200000,131,-4.1000,-1.1300,0.3000,2.3818,0,12
26.400000,132,-4.1000,-1.1300,0.3000,2.3818,0,12
26.600000,133,-4.1000,-1.1300,0.3000,2.3818,0,12
26.800000,134,-4.1000,-1.1300,0.3000,2.3818,0,12
27.000000,135,-4.1000,-1.1300,0.3000,2.3818,0,12
27.200000,136,-4.1000,-1.1300,0.3000,2.3818,0,12
27.400000,137,-4.1000,-1.1300,0.3000,2.3818,0,12
27.600000,138,-4.1000,-1.1300,0.3000,2.3818,0,12
27.800000,139,-4.1000,-1.1300,0.3000,2.3818,0,12
28.000000,140,-4.1000,-1.1300,0.3000,2.3818,0,12
28.200000,141,-4.1000,-1.1300,0.3000,2.3818,0,12
28.400000,142,-4.1000,-1.1300,0.3000,2.3818,0,12
28.600000,143,-4.1000,-1.1300,0.3000,2.3818,0,12
28.800000,144,-4.1000,-1.1300,0.3000,2.3818,0,12
29.000000,145,-4.1000,-1.1300,0.3000,2.3818,0,12
29.200000,146,-4.1000,-1.1300,0.3000,2.3818,0,12
29.400000,147,-4.1000,-1.1300,0.3000,2.3818,0,12
29.600000,148,-4.1000,-1.1300,0.3000,2.3818,0,12
29.800000,149,-4.1000,-1.1300,0.3000,2.3818,0,12
30.000000,150,-4.1000,-1.1300,0.3000,2.3818,0,12
30.200000,151,-4.1000,-1.1300,0.3000,2.3818,0,12
30.400000,152,-4.1000,-1.1300,0.3000,2.3818,0,12
30.600000,153,-4.1000,-1.1300,0.3000,2.3818,0,12
30.800000,154,-4.1000,-1.1300,0.3000,2.3818,0,12
31.000000,155,-4.1000,-1.1300,0.3000,2.3818,0,12
31.200000,156,-4.1000,-1.1300,0.3000,2.3818,0,12
31.400000,157,-4.1000,-1.1300,0.3000,2.3818,0,12
31.600000,158,-4.1000,-1.1300,0.3000,2.3818,0,12
31.800000,159,-4.1000,-1.1300,0.3000,2.3818,0,12
32.000000,160,-4.1000,-1.1300,0.3000,2.3818,0,12
32.200000,161,-4.1000,-1.1300,0.3000,2.3818,0,12
32.400000,162,-4.1000,-1.1300,0.3000,2.3818,0,12
32.600000,163,-4.1000,-1.1300,0.3000,2.3818,0,12
32.800000,164,-4.1000,-1.1300,0.3000,2.3818,0,12
33.000000,165,-4.1000,-1.1300,0.3000,2.3818,0,12
33.200000,166,-4.1000,-1.1300,0.3000,2.3818,0,12
33.400000,167,-4.1000,-1.1300,0.3000,2.3818,0,12
33.600000,168,-4.1000,-1.1300,0.3000,2.3818,0,12
33.800000,169,-4.1000,-1.1300,0.3000,2.3818,0,12
34.000000,170,-4.1000,-1.1300,0.3000,2.3818,0,12
34.200000,171,-4.1000,-1.1300,0.3000,2.3818,0,12
34.400000,172,-4.1000,-1.1300,0.3000,2.3818,0,12
34.600000,173,-4.1000,-1.1300,0.3000,2.3818,0,12
34.800000,174,-4.1000,-1.1300,0.3000,2.3818,0,12
35.000000,175,-4.1000,-1.1300,0.3000,2.3818,0,12
35.200000,176,-4.1000,-1.1300,0.3000,2.3818,0,12
35.400000,177,-4.1000,-1.1300,0.3000,2.3818,0,12
35.600000,178,-4.1000,-1.1300,0.3000,2.3818,0,12
35.800000,179,-4.1000,-1.1300,0.3000,2.3818,0,12
36.000000,180,-4.1000,-1.1300,0.3000,2.3818,0,12
36.200000,181,-4.1000,-1.1300,0.3000,2.3818,0,12
36.400000,182,-4.1000,-1.1300,0.3000,2.3818,0,12
36.600000,183,-4.4000,-1.1300,0.3000,3.1416,1,12
36.800000,184,-4.7000,-1.1300,0.3000,3.1416,1,12
37.000000,185,-4.9121,-0.9179,0.3000,2.3562,1,12
37.200000,186,-5.0000,-0.8300,0.3000,1.5708,1,12
37.400000,187,-5.0000,-0.8300,0.3000,1.5708,0,12
37.600000,188,-5.0000,-0.8300,0.3000,1.5708,0,12
37.800000,189,-5.0000,-0.8300,0.3000,1.5708,0,12
38.000000,190,-5.0000,-0.8300,0.3000,1.5708,0,12
38.200000,191,-5.0000,-0.8300,0.3000,1.5708,0,12
38.400000,192,-5.0000,-0.8300,0.3000,1.5708,0,12
38.600000,193,-5.0000,-0.8300,0.3000,1.5708,0,12
38.800000,194,-5.0000,-0.8300,0.3000,1.5708,0,12
39.000000,195,-5.0000,-0.8300,0.3000,1.5708,0,12
39.200000,196,-5.0000,-0.8300,0.3000,1.5708,0,12
39.400000,197,-5.0000,-0.8300,0.3000,1.5708,0,12
39.600000,198,-5.0000,-0.8300,0.3000,1.5708,0,12
39.800000,199,-5.0000,-0.8300,0.3000,1.5708,0,12
40.000000,200,-5.0000,-0.8300,0.3000,1.5708,0,12
40.200000,201,-5.0000,-0.8300,0.3000,1.5708,0,12
40.400000,202,-5.0000,-0.8300,0.3000,1.5708,0,12
40.600000,203,-5.0000,-0.8300,0.3000,1.5708,0,12
40.800000,204,-5.0000,-0.8300,0.3000,1.5708,0,12
41.000000,205,-5.0000,-0.8300,0.3000,1.5708,0,12
41.200000,206,-5.0000,-0.8300,0.3000,1.5708,0,12
41.400000,207,-5.0000,-0.8300,0.3000,1.5708,0,12
41.600000,208,-5.0000,-0.8300,0.3000,1.5708,0,12
41.800000,209,-5.0000,-0.8300,0.3000,1.5708,0,12
42.000000,210,-5.0000,-0.8300,0.3000,1.5708,0,12
42.200000,211,-5.0000,-0.8300,0.3000,1.5708,0,12
42.400000,212,-5.0000,-0.8300,0.3000,1.5708,0,12
42.600000,213,-5.0000,-0.8300,0.3000,1.5708,0,12
42.800000,214,-5.0000,-0.8300,0.3000,1.5708,0,12
43.000000,215,-5.0000,-0.8300,0.3000,1.5708,0,12
43.200000,216,-5.0000,-0.8300,0.3000,1.5708,0,12
43.400000,217,-5.0000,-0.8300,0.3000,1.5708,0,12
43.600000,218,-5.0000,-0.8300,0.3000,1.5708,0,12
43.800000,219,-5.0000,-0.8300,0.3000,1.5708,0,12
44.000000,220,-5.0000,-0.8300,0.3000,1.5708,0,12
44.200000,221,-5.0000,-0.8300,0.3000,1.5708,0,12
44.400000,222,-5.0000,-0.8300,0.3000,1.5708,0,12
44.600000,223,-5.0000,-0.8300,0.3000,1.5708,0,12
44.800000,224,-5.0000,-0.8300,0.3000,1.5708,0,12
45.000000,225,-5.0000,-0.8300,0.3000,1.5708,0,12
45.200000,226,-5.0000,-0.8300,0.3000,1.5708,0,12
45.400000,227,-5.0000,-0.8300,0.3000,1.5708,0,12
45.600000,228,-5.0000,-0.8300,0.3000,1.5708,0,12
45.800000,229,-5.0000,-0.8300,0.3000,1.5708,0,12
46.000000,230,-5.0000,-0.8300,0.3000,1.5708,0,12
46.200000,231,-5.0000,-0.8300,0.3000,1.5708,0,12
46.400000,232,-5.0000,-0.8300,0.3000,1.5708,0,12
46.600000,233,-5.0000,-0.8300,0.3000,1.5708,0,12
46.800000,234,-5.0000,-0.8300,0.3000,1.5708,0,12
47.000000,235,-5.0000,-0.8300,0.3000,1.5708,0,12
47.200000,236,-5.0000,-0.8300,0.3000,1.5708,0,12
47.400000,237,-5.0000,-0.8300,0.3000,1.5708,0,12
47.600000,238,-5.0000,-0.8300,0.3000,1.5708,0,12
47.800000,239,-5.0000,-0.8300,0.3000,1.5708,0,12
48.000000,240,-5.0000,-0.8300,0.3000,1.5708,0,12
48.200000,241,-5.0000,-0.8300,0.3000,1.5708,0,12
48.400000,242,-5.0000,-0.8300,0.3000,1.5708,0,12
48.600000,243,-5.0000,-0.8300,0.3000,1.5708,0,12
48.800000,244,-5.0000,-0.8300,0.3000,1.5708,0,12
49.000000,245,-5.0000,-0.8300,0.3000,1.5708,0,12
49.200000,246,-5.0000,-0.8300,0.3000,1.5708,0,12
49.400000,247,-5.0000,-0.8300,0.3000,1.5708,0,12
49.600000,248,-5.0000,-0.8300,0.3000,1.5708,0,12
49.800000,249,-5.0000,-0.8300,0.3000,1.5708,0,12
50.000000,250,-5.0000,-0.8300,0.3000,1.5708,0,12
50.200000,251,-5.0000,-0.8300,0.3000,1.5708,0,12
50.400000,252,-5.0000,-0.8300,0.3000,1.5708,0,12
50.600000,253,-5.0000,-0.8300,0.3000,1.5708,0,12
50.800000,254,-5.0000,-0.8300,0.3000,1.5708,0,12
51.000000,255,-5.0000,-0.8300,0.3000,1.5708,0,12
51.200000,256,-5.0000,-0.8300,0.3000,1.5708,0,12
51.400000,257,-5.0000,-0.8300,0.3000,1.5708,0,12
51.600000,258,-5.0000,-0.8300,0.3000,1.5708,0,12
51.800000,259,-5.0000,-0.8300,0.3000,1.5708,0,12
52.000000,260,-5.0000,-0.8300,0.3000,1.5708,0,12
52.200000,261,-5.0000,-0.8300,0.3000,1.5708,0,12
52.400000,262,-5.0000,-0.8300,0.3000,1.5708,0,12
52.600000,263,-5.0000,-0.8300,0.3000,1.5708,0,12
52.800000,264,-5.0000,-0.8300,0.3000,1.5708,0,12
53.000000,265,-5.0000,-0.8300,0.3000,1.5708,0,12
53.200000,266,-5.0000,-0.8300,0.3000,1.5708,0,12
53.400000,267,-5.3000,-0.8300,0.3000,3.1416,1,12
53.600000,268,-5.6000,-0.8300,0.3000,3.1416,1,12
53.800000,269,-5.9000,-0.8300,0.3000,3.1416,1,12
54.000000,270,-5.9000,-0.8300,0.3000,2.4669,1,12
54.200000,271,-5.9000,-0.8300,0.3000,2.4669,0,12
54.400000,272,-5.9000,-0.8300,0.3000,2.4669,0,12
54.600000,273,-5.9000,-0.8300,0.3000,2.4669,0,12
54.800000,274,-5.9000,-0.8300,0.3000,2.4669,0,12
55.000000,275,-5.9000,-0.8300,0.3000,2.4669,0,12
55.200000,276,-5.9000,-0.8300,0.3000,2.4669,0,12
55.400000,277,-5.9000,-0.8300,0.3000,2.4669,0,12
55.600000,278,-5.9000,-0.8300,0.3000,2.4669,0,12
55.800000,279,-5.9000,-0.8300,0.3000,2.4669,0,12
56.000000,280,-5.9000,-0.8300,0.3000,2.4669,0,12
56.200000,281,-5.9000,-0.8300,0.3000,2.4669,0,12
56.400000,282,-5.9000,-0.8300,0.3000,2.4669,0,12
56.600000,283,-5.9000,-0.8300,0.3000,2.4669,0,12
56.800000,284,-5.9000,-0.8300,0.3000,2.4669,0,12
57.000000,285,-5.9000,-0.8300,0.3000,2.4669,0,12
57.200000,286,-5.9000,-0.8300,0.3000,2.4669,0,12
57.400000,287,-5.9000,-0.8300,0.3000,2.4669,0,12
57.600000,288,-5.9000,-0.8300,0.3000,2.4669,0,12
57.800000,289,-5.9000,-0.8300,0.3000,2.4669,0,12
58.000000,290,-5.9000,-0.8300,0.3000,2.4669,0,12
58.200000,291,-5.9000,-0.8300,0.3000,2.4669,0,12
58.400000,292,-5.9000,-0.8300,0.3000,2.4669,0,12
58.600000,293,-5.9000,-0.8300,0.3000,2.4669,0,12
58.800000,294,-5.9000,-0.8300,0.3000,2.4669,0,12
59.000000,295,-5.9000,-0.8300,0.3000,2.4669,0,12
59.200000,296,-5.9000,-0.8300,0.3000,2.4669,0,12
59.400000,297,-5.9000,-0.8300,0.3000,2.4669,0,12
59.600000,298,-5.9000,-0.8300,0.3000,2.4669,0,12
59.800000,299,-5.9000,-0.8300,0.3000,2.4669,0,12
60.000000,300,-5.9000,-0.8300,0.3000,2.4669,0,12
60.200000,301,-5.9000,-0.8300,0.3000,2.4669,0,12
60.400000,302,-5.9000,-0.8300,0.3000,2.4669,0,12
60.600000,303,-5.9000,-0.8300,0.3000,2.4669,0,12
60.800000,304,-5.9000,-0.8300,0.3000,2.4669,0,12
61.000000,305,-5.9000,-0.8300,0.3000,2.4669,0,12
61.200000,306,-5.9000,-0.8300,0.3000,2.4669,0,12
61.400000,307,-5.9000,-0.8300,0.3000,2.4669,0,12
61.600000,308,-5.9000,-0.8300,0.3000,2.4669,0,12
61.800000,309,-5.9000,-0.8300,0.3000,2.4669,0,12
62.000000,310,-5.9000,-0.8300,0.3000,2.4669,0,12
62.200000,311,-5.9000,-0.8300,0.3000,2.4669,0,12
62.400000,312,-5.9000,-0.8300,0.3000,2.4669,0,12
62.600000,313,-5.9000,-0.8300,0.3000,2.4669,0,12
62.800000,314,-5.9000,-0.8300,0.3000,2.4669,0,12
63.000000,315,-5.9000,-0.8300,0.3000,2.4669,0,12
63.200000,316,-5.9000,-0.8300,0.3000,2.4669,0,12
63.400000,317,-5.9000,-0.8300,0.3000,2.4669,0,12
63.600000,318,-5.9000,-0.8300,0.3000,2.4669,0,12
63.800000,319,-5.9000,-0.8300,0.3000,2.4669,0,12
64.000000,320,-5.9000,-0.8300,0.3000,2.4669,0,12
64.200000,321,-5.9000,-0.8300,0.3000,2.4669,0,12
64.400000,322,-5.9000,-0.8300,0.3000,2.4669,0,12
64.600000,323,-5.9000,-0.8300,0.3000,2.4669,0,12
64.800000,324,-5.9000,-0.8300,0.3000,2.4669,0,12
65.000000,325,-5.9000,-0.8300,0.3000,2.4669,0,12
65.200000,326,-5.9000,-0.8300,0.3000,2.4669,0,12
65.400000,327,-5.9000,-0.8300,0.3000,2.4669,0,12
65.600000,328,-5.9000,-0.8300,0.3000,2.4669,0,12
65.800000,329,-5.9000,-0.8300,0.3000,2.4669,0,12
66.000000,330,-5.9000,-0.8300,0.3000,2.4669,0,12
66.200000,331,-5.9000,-0.8300,0.3000,2.4669,0,12
66.400000,332,-5.9000,-0.8300,0.3000,2.4669,0,12
66.600000,333,-5.9000,-0.8300,0.3000,2.4669,0,12
66.800000,334,-5.9000,-0.8300,0.3000,2.4669,0,12
67.000000,335,-5.9000,-0.8300,0.3000,2.4669,0,12
67.200000,336,-5.9000,-0.8300,0.3000,2.4669,0,12
67.400000,337,-5.9000,-0.8300,0.3000,2.4669,0,12
67.600000,338,-5.9000,-0.8300,0.3000,2.4669,0,12
67.800000,339,-5.9000,-0.8300,0.3000,2.4669,0,12
68.000000,340,-5.9000,-0.8300,0.3000,2.4669,0,12
68.200000,341,-5.9000,-0.8300,0.3000,2.4669,0,12
68.400000,342,-5.9000,-0.8300,0.3000,2.4669,0,12
68.600000,343,-5.9000,-0.8300,0.3000,2.4669,0,12
68.800000,344,-5.9000,-0.8300,0.3000,2.4669,0,12
69.000000,345,-5.9000,-0.8300,0.3000,2.4669,0,12
69.200000,346,-5.9000,-0.8300,0.3000,2.4669,0,12
69.400000,347,-5.9000,-0.8300,0.3000,2.4669,0,12
69.600000,348,-5.9000,-0.8300,0.3000,2.4669,0,12
69.800000,349,-5.9000,-0.8300,0.3000,2.4669,0,12
70.000000,350,-5.9000,-0.8300,0.3000,2.4669,0,12
70.200000,351,-5.9000,-0.8300,0.3000,2.4669,0,12
70.400000,352,-5.6000,-0.8300,0.3000,0.0000,1,12
70.600000,353,-5.3000,-0.8300,0.3000,0.0000,1,12
70.800000,354,-5.0000,-0.8300,0.3000,0.0000,1,12
71.000000,355,-4.7000,-0.8300,0.3000,0.0000,1,12
71.200000,356,-4.4000,-0.8300,0.3000,0.0000,1,12
71.400000,357,-4.1000,-0.8300,0.3000,0.0000,1,12
71.600000,358,-3.8000,-0.8300,0.3000,0.0000,1,12
71.800000,359,-3.5000,-0.8300,0.3000,0.0000,1,12
72.000000,360,-3.2879,-0.6179,0.3000,0.7854,1,12
72.200000,361,-3.0757,-0.4057,0.3000,0.7854,1,12
72.400000,362,-2.8636,-0.1936,0.3000,0.7854,1,12
72.600000,363,-2.6515,0.0185,0.3000,0.7854,1,12
72.800000,364,-2.3728,0.0700,0.3000,0.0000,1,12
73.000000,365,-2.0728,0.0700,0.3000,0.0000,1,12
73.200000,366,-1.8393,0.2307,0.3000,0.7854,1,12
73.400000,367,-1.6272,0.4428,0.3000,0.7854,1,12
73.600000,368,-1.4151,0.6549,0.3000,0.7854,1,12
73.800000,369,-1.4000,0.9487,0.3000,1.5708,1,12
74.000000,370,-1.4000,1.2487,0.3000,1.5708,1,12
74.200000,371,-1.4000,1.5487,0.3000,1.5708,1,12
74.400000,372,-1.5971,1.7671,0.3000,2.3562,1,12
74.600000,373,-1.8092,1.9792,0.3000,2.3562,1,12
74.800000,374,-2.0213,2.1913,0.3000,2.3562,1,12
75.000000,375,-2.2335,2.4035,0.3000,2.3562,1,12
75.200000,376,-2.3000,2.4700,0.3000,2.1910,1,12
75.400000,377,-2.3000,2.4700,0.3000,2.1910,0,12
75.600000,378,-2.3000,2.4700,0.3000,2.1910,0,12
75.800000,379,-2.3000,2.4700,0.3000,2.1910,0,12
76.000000,380,-2.3000,2.4700,0.3000,2.1910,0,12
76.200000,381,-2.3000,2.4700,0.3000,2.1910,0,12
76.400000,382,-2.3000,2.4700,0.3000,2.1910,0,12
76.600000,383,-2.3000,2.4700,0.3000,2.1910,0,12
76.800000,384,-2.3000,2.4700,0.3000,2.1910,0,12
77.000000,385,-2.3000,2.4700,0.3000,2.1910,0,12
77.200000,386,-2.3000,2.4700,0.3000,2.1910,0,12
77.400000,387,-2.3000,2.4700,0.3000,2.1910,0,12
77.600000,388,-2.3000,2.4700,0.3000,2.1910,0,12
77.800000,389,-2.3000,2.4700,0.3000,2.1910,0,12
78.000000,390,-2.3000,2.4700,0.3000,2.1910,0,12
78.200000,391,-2.3000,2.4700,0.3000,2.1910,0,12
78.400000,392,-2.3000,2.4700,0.3000,2.1910,0,12
78.600000,393,-2.3000,2.4700,0.3000,2.1910,0,12
78.800000,394,-2.3000,2.4700,0.3000,2.1910,0,12
79.000000,395,-2.3000,2.4700,0.3000,2.1910,0,12
79.200000,396,-2.3000,2.4700,0.3000,2.1910,0,12
79.400000,397,-2.3000,2.4700,0.3000,2.1910,0,12
79.600000,398,-2.3000,2.4700,0.3000,2.1910,0,12
79.800000,399,-2.3000,2.4700,0.3000,2.1910,0,12
80.000000,400,-2.3000,2.4700,0.3000,2.1910,0,12
80.200000,401,-2.3000,2.4700,0.3000,2.1910,0,12
80.400000,402,-2.3000,2.4700,0.3000,2.1910,0,12
80.600000,403,-2.3000,2.4700,0.3000,2.1910,0,12
80.800000,404,-2.3000,2.4700,0.3000,2.1910,0,12
81.000000,405,-2.3000,2.4700,0.3000,2.1910,0,12
81.200000,406,-2.3000,2.4700,0.3000,2.1910,0,12
81.400000,407,-2.3000,2.4700,0.3000,2.1910,0,12
81.600000,408,-2.3000,2.4700,0.3000,2.1910,0,12
81.800000,409,-2.3000,2.4700,0.3000,2.1910,0,12
82.000000,410,-2.3000,2.4700,0.3000,2.1910,0,12
82.200000,411,-2.3000,2.4700,0.3000,2.1910,0,12
82.400000,412,-2.3000,2.4700,0.3000,2.1910,0,12
82.600000,413,-2.3000,2.4700,0.3000,2.1910,0,12
82.800000,414,-2.3000,2.4700,0.3000,2.1910,0,12
83.000000,415,-2.3000,2.4700,0.3000,2.1910,0,12
83.200000,416,-2.3000,2.4700,0.3000,2.1910,0,12
83.400000,417,-2.3000,2.4700,0.3000,2.1910,0,12
83.600000,418,-2.3000,2.4700,0.3000,2.1910,0,12
83.800000,419,-2.3000,2.4700,0.3000,2.1910,0,12
84.000000,420,-2.3000,2.4700,0.3000,2.1910,0,12
84.200000,421,-2.3000,2.4700,0.3000,2.1910,0,12
84.400000,422,-2.3000,2.4700,0.3000,2.1910,0,12
84.600000,423,-2.3000,2.4700,0.3000,2.1910,0,12
84.800000,424,-2.3000,2.4700,0.3000,2.1910,0,12
85.000000,425,-2.3000,2.4700,0.3000,2.1910,0,12
85.200000,426,-2.3000,2.4700,0.3000,2.1910,0,12
85.400000,427,-2.3000,2.4700,0.3000,2.1910,0,12
85.600000,428,-2.3000,2.4700,0.3000,2.1910,0,12
85.800000,429,-2.3000,2.4700,0.3000,2.1910,0,12
86.000000,430,-2.3000,2.4700,0.3000,2.1910,0,12
86.200000,431,-2.3000,2.4700,0.3000,2.1910,0,12
86.400000,432,-2.3000,2.4700,0.3000,2.1910,0,12
86.600000,433,-2.3000,2.4700,0.3000,2.1910,0,12
86.800000,434,-2.3000,2.4700,0.3000,2.1910,0,12
87.000000,435,-2.3000,2.4700,0.3000,2.1910,0,12
87.200000,436,-2.3000,2.4700,0.3000,2.1910,0,12
87.400000,437,-2.3000,2.4700,0.3000,2.1910,0,12
87.600000,438,-2.3000,2.4700,0.3000,2.1910,0,12
87.800000,439,-2.3000,2.4700,0.3000,2.1910,0,12
88.000000,440,-2.3000,2.4700,0.3000,2.1910,0,12
88.200000,441,-2.3000,2.4700,0.3000,2.1910,0,12
88.400000,442,-2.3000,2.4700,0.3000,2.1910,0,12
88.600000,443,-2.3000,2.4700,0.3000,2.1910,0,12
88.800000,444,-2.3000,2.4700,0.3000,2.1910,0,12
89.000000,445,-2.3000,2.4700,0.3000,2.1910,0,12
89.200000,446,-2.3000,2.4700,0.3000,2.1910,0,12
89.400000,447,-2.3000,2.4700,0.3000,2.1910,0,12
89.600000,448,-2.3000,2.4700,0.3000,2.1910,0,12
89.800000,449,-2.3000,2.4700,0.3000,2.1910,0,12
90.000000,450,-2.3000,2.4700,0.3000,2.1910,0,12
90.200000,451,-2.3000,2.4700,0.3000,2.1910,0,12
90.400000,452,-2.3000,2.4700,0.3000,2.1910,0,12
90.600000,453,-2.3000,2.4700,0.3000,2.1910,0,12
90.800000,454,-2.3000,2.4700,0.3000,2.1910,0,12
91.000000,455,-2.3000,2.4700,0.3000,2.1910,0,12
91.200000,456,-2.3000,2.4700,0.3000,2.1910,0,12
91.400000,457,-2.6000,2.4700,0.3000,3.1416,1,12
91.600000,458,-2.9000,2.4700,0.3000,3.1416,1,12
91.800000,459,-2.9000,2.4700,0.3000,1.9138,1,12
92.000000,460,-2.9000,2.4700,0.3000,1.9138,0,12
92.200000,461,-2.9000,2.4700,0.3000,1.9138,0,12
92.400000,462,-2.9000,2.4700,0.3000,1.9138,0,12
92.600000,463,-2.9000,2.4700,0.3000,1.9138,0,12
92.800000,464,-2.9000,2.4700,0.3000,1.9138,0,12
93.000000,465,-2.9000,2.4700,0.3000,1.9138,0,12
93.200000,466,-2.9000,2.4700,0.3000,1.9138,0,12
93.400000,467,-2.9000,2.4700,0.3000,1.9138,0,12
93.600000,468,-2.9000,2.4700,0.3000,1.9138,0,12
93.800000,469,-2.9000,2.4700,0.3000,1.9138,0,12
94.000000,470,-2.9000,2.4700,0.3000,1.9138,0,12
94.200000,471,-2.9000,2.4700,0.3000,1.9138,0,12
94.400000,472,-2.9000,2.4700,0.3000,1.9138,0,12
94.600000,473,-2.9000,2.4700,0.3000,1.9138,0,12
94.800000,474,-2.9000,2.4700,0.3000,1.9138,0,12
95.000000,475,-2.9000,2.4700,0.3000,1.9138,0,12
95.200000,476,-2.9000,2.4700,0.3000,1.9138,0,12
95.400000,477,-2.9000,2.4700,0.3000,1.9138,0,12
95.600000,478,-2.9000,2.4700,0.3000,1.9138,0,12
95.800000,479,-2.9000,2.4700,0.3000,1.9138,0,12
96.000000,480,-2.9000,2.4700,0.3000,1.9138,0,12
96.200000,481,-2.9000,2.4700,0.3000,1.9138,0,12
96.400000,482,-2.9000,2.4700,0.3000,1.9138,0,12
96.600000,483,-2.9000,2.4700,0.3000,1.9138,0,12
96.800000,484,-2.9000,2.4700,0.3000,1.9138,0,12
97.000000,485,-2.9000,2.4700,0.3000,1.9138,0,12
97.200000,486,-2.9000,2.4700,0.3000,1.9138,0,12
97.400000,487,-2.9000,2.4700,0.3000,1.9138,0,12
97.600000,488,-2.9000,2.4700,0.3000,1.9138,0,12
97.800000,489,-2.9000,2.4700,0.3000,1.9138,0,12
98.000000,490,-2.9000,2.4700,0.3000,1.9138,0,12
98.200000,491,-2.9000,2.4700,0.3000,1.9138,0,12
98.400000,492,-2.9000,2.4700,0.3000,1.9138,0,12
98.600000,493,-2.9000,2.4700,0.3000,1.9138,0,12
98.800000,494,-2.9000,2.4700,0.3000,1.9138,0,12
99.000000,495,-2.9000,2.4700,0.3000,1.9138,0,12
99.200000,496,-2.9000,2.4700,0.3000,1.9138,0,12
99.400000,497,-2.9000,2.4700,0.3000,1.9138,0,12
99.600000,498,-2.9000,2.4700,0.3000,1.9138,0,12
99.800000,499,-2.9000,2.4700,0.3000,1.9138,0,12
100.000000,500,-2.9000,2.4700,0.3000,1.9138,0,12
100.200000,501,-2.9000,2.4700,0.3000,1.9138,0,12
100.400000,502,-2.9000,2.4700,0.3000,1.9138,0,12
100.600000,503,-2.9000,2.4700,0.3000,1.9138,0,12
100.800000,504,-2.9000,2.4700,0.3000,1.9138,0,12
101.000000,505,-2.9000,2.4700,0.3000,1.9138,0,12
101.200000,506,-2.9000,2.4700,0.3000,1.9138,0,12
101.400000,507,-2.9000,2.4700,0.3000,1.9138,0,12
101.600000,508,-2.9000,2.4700,0.3000,1.9138,0,12
101.800000,509,-2.9000,2.4700,0.3000,1.9138,0,12
102.000000,510,-2.9000,2.4700,0.3000,1.9138,0,12
102.200000,511,-2.9000,2.4700,0.3000,1.9138,0,12
102.400000,512,-2.9000,2.4700,0.3000,1.9138,0,12
102.600000,513,-2.9000,2.4700,0.3000,1.9138,0,12
102.800000,514,-2.9000,2.4700,0.3000,1.9138,0,12
103.000000,515,-2.9000,2.4700,0.3000,1.9138,0,12
103.200000,516,-2.9000,2.4700,0.3000,1.9138,0,12
103.400000,517,-2.9000,2.4700,0.3000,1.9138,0,12
103.600000,518,-2.9000,2.4700,0.3000,1.9138,0,12
103.800000,519,-2.9000,2.4700,0.3000,1.9138,0,12
104.000000,520,-2.9000,2.4700,0.3000,1.9138,0,12
104.200000,521,-2.9000,2.4700,0.3000,1.9138,0,12
104.400000,522,-2.9000,2.4700,0.3000,1.9138,0,12
104.600000,523,-2.9000,2.4700,0.3000,1.9138,0,12
104.800000,524,-2.9000,2.4700,0.3000,1.9138,0,12
105.000000,525,-2.9000,2.4700,0.3000,1.9138,0,12
105.200000,526,-2.9000,2.4700,0.3000,1.9138,0,12
105.400000,527,-2.9000,2.4700,0.3000,1.9138,0,12
105.600000,528,-2.9000,2.4700,0.3000,1.9138,0,12
105.800000,529,-2.9000,2.4700,0.3000,1.9138,0,12
106.000000,530,-2.9000,2.4700,0.3000,1.9138,0,12
106.200000,531,-2.9000,2.4700,0.3000,1.9138,0,12
106.400000,532,-2.9000,2.4700,0.3000,1.9138,0,12
106.600000,533,-2.9000,2.4700,0.3000,1.9138,0,12
106.800000,534,-2.9000,2.4700,0.3000,1.9138,0,12
107.000000,535,-2.9000,2.4700,0.3000,1.9138,0,12
107.200000,536,-2.9000,2.4700,0.3000,1.9138,0,12
107.400000,537,-2.9000,2.4700,0.3000,1.9138,0,12
107.600000,538,-2.9000,2.4700,0.3000,1.9138,0,12
107.800000,539,-2.9000,2.4700,0.3000,1.9138,0,12
108.000000,540,-3.2000,2.4700,0.3000,3.1416,1,12
108.200000,541,-3.5000,2.4700,0.3000,3.1416,1,12
108.400000,542,-3.5000,2.4700,0.3000,1.5708,1,12
108.600000,543,-3.5000,2.4700,0.3000,1.5708,0,12
108.800000,544,-3.5000,2.4700,0.3000,1.5708,0,12
109.000000,545,-3.5000,2.4700,0.3000,1.5708,0,12
109.200000,546,-3.5000,2.4700,0.3000,1.5708,0,12
109.400000,547,-3.5000,2.4700,0.3000,1.5708,0,12
109.600000,548,-3.5000,2.4700,0.3000,1.5708,0,12
109.800000,549,-3.5000,2.4700,0.3000,1.5708,0,12
110.000000,550,-3.5000,2.4700,0.3000,1.5708,0,12
110.200000,551,-3.5000,2.4700,0.3000,1.5708,0,12
110.400000,552,-3.5000,2.4700,0.3000,1.5708,0,12
110.600000,553,-3.5000,2.4700,0.3000,1.5708,0,12
110.800000,554,-3.5000,2.4700,0.3000,1.5708,0,12
111.000000,555,-3.5000,2.4700,0.3000,1.5708,0,12
111.200000,556,-3.5000,2.4700,0.3000,1.5708,0,12
111.400000,557,-3.5000,2.4700,0.3000,1.5708,0,12
111.600000,558,-3.5000,2.4700,0.3000,1.5708,0,12
111.800000,559,-3.5000,2.4700,0.3000,1.5708,0,12
112.000000,560,-3.5000,2.4700,0.3000,1.5708,0,12
112.200000,561,-3.5000,2.4700,0.3000,1.5708,0,12
112.400000,562,-3.5000,2.4700,0.3000,1.5708,0,12
112.600000,563,-3.5000,2.4700,0.3000,1.5708,0,12
112.800000,564,-3.5000,2.4700,0.3000,1.5708,0,12
113.000000,565,-3.5000,2.4700,0.3000,1.5708,0,12
113.200000,566,-3.5000,2.4700,0.3000,1.5708,0,12
113.400000,567,-3.5000,2.4700,0.3000,1.5708,0,12
113.600000,568,-3.5000,2.4700,0.3000,1.5708,0,12
113.800000,569,-3.5000,2.4700,0.3000,1.5708,0,12
114.000000,570,-3.5000,2.4700,0.3000,1.5708,0,12
114.200000,571,-3.5000,2.4700,0.3000,1.5708,0,12
114.400000,572,-3.5000,2.4700,0.3000,1.5708,0,12
114.600000,573,-3.5000,2.4700,0.3000,1.5708,0,12
114.800000,574,-3.5000,2.4700,0.3000,1.5708,0,12
115.000000,575,-3.5000,2.4700,0.3000,1.5708,0,12
115.200000,576,-3.5000,2.4700,0.3000,1.5708,0,12
115.400000,577,-3.5000,2.4700,0.3000,1.5708,0,12
115.600000,578,-3.5000,2.4700,0.3000,1.5708,0,12
115.800000,579,-3.5000,2.4700,0.3000,1.5708,0,12
116.000000,580,-3.5000,2.4700,0.3000,1.5708,0,12
116.200000,581,-3.5000,2.4700,0.3000,1.5708,0,12
116.400000,582,-3.5000,2.4700,0.3000,1.5708,0,12
116.600000,583,-3.5000,2.4700,0.3000,1.5708,0,12
116.800000,584,-3.5000,2.4700,0.3000,1.5708,0,12
117.000000,585,-3.5000,2.4700,0.3000,1.5708,0,12
117.200000,586,-3.5000,2.4700,0.3000,1.5708,0,12
117.400000,587,-3.5000,2.4700,0.3000,1.5708,0,12
117.600000,588,-3.5000,2.4700,0.3000,1.5708,0,12
117.800000,589,-3.5000,2.4700,0.3000,1.5708,0,12
118.000000,590,-3.5000,2.4700,0.3000,1.5708,0,12
118.200000,591,-3.5000,2.4700,0.3000,1.5708,0,12
118.400000,592,-3.5000,2.4700,0.3000,1.5708,0,12
118.600000,593,-3.5000,2.4700,0.3000,1.5708,0,12
118.800000,594,-3.5000,2.4700,0.3000,1.5708,0,12
119.000000,595,-3.5000,2.4700,0.3000,1.5708,0,12
119.200000,596,-3.5000,2.4700,0.3000,1.5708,0,12
119.400000,597,-3.5000,2.4700,0.3000,1.5708,0,12
119.600000,598,-3.5000,2.4700,0.3000,1.5708,0,12
119.800000,599,-3.5000,2.4700,0.3000,1.5708,0,12
120.000000,600,-3.5000,2.4700,0.3000,1.5708,0,12
120.200000,601,-3.5000,2.4700,0.3000,1.5708,0,12
120.400000,602,-3.5000,2.4700,0.3000,1.5708,0,12
120.600000,603,-3.5000,2.4700,0.3000,1.5708,0,12
120.800000,604,-3.5000,2.4700,0.3000,1.5708,0,12
121.000000,605,-3.5000,2.4700,0.3000,1.5708,0,12
121.200000,606,-3.5000,2.4700,0.3000,1.5708,0,12
121.400000,607,-3.5000,2.4700,0.3000,1.5708,0,12
121.600000,608,-3.5000,2.4700,0.3000,1.5708,0,12
121.800000,609,-3.5000,2.4700,0.3000,1.5708,0,12
122.000000,610,-3.5000,2.4700,0.3000,1.5708,0,12
122.200000,611,-3.5000,2.4700,0.3000,1.5708,0,12
122.400000,612,-3.5000,2.4700,0.3000,1.5708,0,12
122.600000,613,-3.5000,2.4700,0.3000,1.5708,0,12
122.800000,614,-3.5000,2.4700,0.3000,1.5708,0,12
123.000000,615,-3.5000,2.4700,0.3000,1.5708,0,12
123.200000,616,-3.5000,2.4700,0.3000,1.5708,0,12
123.400000,617,-3.5000,2.4700,0.3000,1.5708,0,12
123.600000,618,-3.5000,2.4700,0.3000,1.5708,0,12
123.800000,619,-3.5000,2.4700,0.3000,1.5708,0,12
124.000000,620,-3.5000,2.4700,0.3000,1.5708,0,12
124.200000,621,-3.5000,2.4700,0.3000,1.5708,0,12
124.400000,622,-3.5000,2.4700,0.3000,1.5708,0,12
124.600000,623,-3.5000,2.4700,0.3000,1.5708,0,12
124.800000,624,-3.5000,2.4700,0.3000,1.5708,0,12
125.000000,625,-3.8000,2.4700,0.3000,3.1416,1,12
125.200000,626,-4.1000,2.4700,0.3000,3.1416,1,12
125.400000,627,-4.1000,2.4700,0.3000,2.5309,1,12
125.600000,628,-4.1000,2.4700,0.3000,2.5309,0,12
125.800000,629,-4.1000,2.4700,0.3000,2.5309,0,12
126.000000,630,-4.1000,2.4700,0.3000,2.5309,0,12
126.200000,631,-4.1000,2.4700,0.3000,2.5309,0,12
126.400000,632,-4.1000,2.4700,0.3000,2.5309,0,12
126.600000,633,-4.1000,2.4700,0.3000,2.5309,0,12
126.800000,634,-4.1000,2.4700,0.3000,2.5309,0,12
127.000000,635,-4.1000,2.4700,0.3000,2.5309,0,12
127.200000,636,-4.1000,2.4700,0.3000,2.5309,0,12
127.400000,637,-4.1000,2.4700,0.3000,2.5309,0,12
127.600000,638,-4.1000,2.4700,0.3000,2.5309,0,12
127.800000,639,-4.1000,2.4700,0.3000,2.5309,0,12
128.000000,640,-4.1000,2.4700,0.3000,2.5309,0,12
128.200000,641,-4.1000,2.4700,0.3000,2.5309,0,12
128.400000,642,-4.1000,2.4700,0.3000,2.5309,0,12
128.600000,643,-4.1000,2.4700,0.3000,2.5309,0,12
128.800000,644,-4.1000,2.4700,0.3000,2.5309,0,12
129.000000,645,-4.1000,2.4700,0.3000,2.5309,0,12
129.200000,646,-4.1000,2.4700,0.3000,2.5309,0,12
129.400000,647,-4.1000,2.4700,0.3000,2.5309,0,12
129.600000,648,-4.1000,2.4700,0.3000,2.5309,0,12
129.800000,649,-4.1000,2.4700,0.3000,2.5309,0,12
130.000000,650,-4.1000,2.4700,0.3000,2.5309,0,12
130.200000,651,-4.1000,2.4700,0.3000,2.5309,0,12
130.400000,652,-4.1000,2.4700,0.3000,2.5309,0,12
130.600000,653,-4.1000,2.4700,0.3000,2.5309,0,12
130.800000,654,-4.1000,2.4700,0.3000,2.5309,0,12
131.000000,655,-4.1000,2.4700,0.3000,2.5309,0,12
131.200000,656,-4.1000,2.4700,0.3000,2.5309,0,12
131.400000,657,-4.1000,2.4700,0.3000,2.5309,0,12
131.600000,658,-4.1000,2.4700,0.3000,2.5309,0,12
131.800000,659,-4.1000,2.4700,0.3000,2.5309,0,12
132.000000,660,-4.1000,2.4700,0.3000,2.5309,0,12
132.200000,661,-4.1000,2.4700,0.3000,2.5309,0,12
132.400000,662,-4.1000,2.4700,0.3000,2.5309,0,12
132.600000,663,-4.1000,2.4700,0.3000,2.5309,0,12
132.800000,664,-4.1000,2.4700,0.3000,2.5309,0,12
133.000000,665,-4.1000,2.4700,0.3000,2.5309,0,12
133.200000,666,-4.1000,2.4700,0.3000,2.5309,0,12
133.400000,667,-4.1000,2.4700,0.3000,2.5309,0,12
133.600000,668,-4.1000,2.4700,0.3000,2.5309,0,12
133.800000,669,-4.1000,2.4700,0.3000,2.5309,0,12
134.000000,670,-4.1000,2.4700,0.3000,2.5309,0,12
134.200000,671,-4.1000,2.4700,0.3000,2.5309,0,12
134.400000,672,-4.1000,2.4700,0.3000,2.5309,0,12
134.600000,673,-4.1000,2.4700,0.3000,2.5309,0,12
134.800000,674,-4.1000,2.4700,0.3000,2.5309,0,12
135.000000,675,-4.1000,2.4700,0.3000,2.5309,0,12
135.200000,676,-4.1000,2.4700,0.3000,2.5309,0,12
135.400000,677,-4.1000,2.4700,0.3000,2.5309,0,12
135.600000,678,-4.1000,2.4700,0.3000,2.5309,0,12
135.800000,679,-4.1000,2.4700,0.3000,2.5309,0,12
136.000000,680,-4.1000,2.4700,0.3000,2.5309,0,12
136.200000,681,-4.1000,2.4700,0.3000,2.5309,0,12
136.400000,682,-4.1000,2.4700,0.3000,2.5309,0,12
136.600000,683,-4.1000,2.4700,0.3000,2.5309,0,12
136.800000,684,-4.1000,2.4700,0.3000,2.5309,0,12
137.000000,685,-4.1000,2.4700,0.3000,2.5309,0,12
137.200000,686,-4.1000,2.4700,0.3000,2.5309,0,12
137.400000,687,-4.1000,2.4700,0.3000,2.5309,0,12
137.600000,688,-4.1000,2.4700,0.3000,2.5309,0,12
137.800000,689,-4.1000,2.4700,0.3000,2.5309,0,12
138.000000,690,-4.1000,2.4700,0.3000,2.5309,0,12
138.200000,691,-4.1000,2.4700,0.3000,2.5309,0,12
138.400000,692,-4.1000,2.4700,0.3000,2.5309,0,12
138.600000,693,-4.1000,2.4700,0.3000,2.5309,0,12
138.800000,694,-4.1000,2.4700,0.3000,2.5309,0,12
139.000000,695,-4.1000,2.4700,0.3000,2.5309,0,12
139.200000,696,-4.1000,2.4700,0.3000,2.5309,0,12
139.400000,697,-4.1000,2.4700,0.3000,2.5309,0,12
139.600000,698,-4.1000,2.4700,0.3000,2.5309,0,12
139.800000,699,-4.1000,2.4700,0.3000,2.5309,0,12
140.000000,700,-4.1000,2.4700,0.3000,2.5309,0,12
140.200000,701,-4.1000,2.4700,0.3000,2.5309,0,12
140.400000,702,-4.1000,2.4700,0.3000,2.5309,0,12
140.600000,703,-4.1000,2.4700,0.3000,2.5309,0,12
140.800000,704,-4.1000,2.4700,0.3000,2.5309,0,12
141.000000,705,-4.1000,2.4700,0.3000,2.5309,0,12
141.200000,706,-4.1000,2.4700,0.3000,2.5309,0,12
141.400000,707,-4.1000,2.4700,0.3000,2.5309,0,12
141.600000,708,-4.1000,2.1700,0.3000,-1.5708,1,12
141.800000,709,-4.1000,1.8700,0.3000,-1.5708,1,12
142.000000,710,-4.1000,1.8700,0.3000,-2.8501,1,12
142.200000,711,-4.1000,1.8700,0.3000,-2.8501,0,12
142.400000,712,-4.1000,1.8700,0.3000,-2.8501,0,12
142.600000,713,-4.1000,1.8700,0.3000,-2.8501,0,12
142.800000,714,-4.1000,1.8700,0.3000,-2.8501,0,12
143.000000,715,-4.1000,1.8700,0.3000,-2.8501,0,12
143.200000,716,-4.1000,1.8700,0.3000,-2.8501,0,12
143.400000,717,-4.1000,1.8700,0.3000,-2.8501,0,12
143.600000,718,-4.1000,1.8700,0.3000,-2.8501,0,12
143.800000,719,-4.1000,1.8700,0.3000,-2.8501,0,12
144.000000,720,-4.1000,1.8700,0.3000,-2.8501,0,12
144.200000,721,-4.1000,1.8700,0.3000,-2.8501,0,12
144.400000,722,-4.1000,1.8700,0.3000,-2.8501,0,12
144.600000,723,-4.1000,1.8700,0.3000,-2.8501,0,12
144.800000,724,-4.1000,1.8700,0.3000,-2.8501,0,12
145.000000,725,-4.1000,1.8700,0.3000,-2.8501,0,12
145.200000,726,-4.1000,1.8700,0.3000,-2.8501,0,12
145.400000,727,-4.1000,1.8700,0.3000,-2.8501,0,12
145.600000,728,-4.1000,1.8700,0.3000,-2.8501,0,12
145.800000,729,-4.1000,1.8700,0.3000,-2.8501,0,12
146.000000,730,-4.1000,1.8700,0.3000,-2.8501,0,12
146.200000,731,-4.1000,1.8700,0.3000,-2.8501,0,12
146.400000,732,-4.1000,1.8700,0.3000,-2.8501,0,12
146.600000,733,-4.1000,1.8700,0.3000,-2.8501,0,12
146.800000,734,-4.1000,1.8700,0.3000,-2.8501,0,12
147.000000,735,-4.1000,1.8700,0.3000,-2.8501,0,12
147.200000,736,-4.1000,1.8700,0.3000,-2.8501,0,12
147.400000,737,-4.1000,1.8700,0.3000,-2.8501,0,12
147.600000,738,-4.1000,1.8700,0.3000,-2.8501,0,12
147.800000,739,-4.1000,1.8700,0.3000,-2.8501,0,12
148.000000,740,-4.1000,1.8700,0.3000,-2.8501,0,12
148.200000,741,-4.1000,1.8700,0.3000,-2.8501,0,12
148.400000,742,-4.1000,1.8700,0.3000,-2.8501,0,12
148.600000,743,-4.1000,1.8700,0.3000,-2.8501,0,12
148.800000,744,-4.1000,1.8700,0.3000,-2.8501,0,12
149.000000,745,-4.1000,1.8700,0.3000,-2.8501,0,12
149.200000,746,-4.1000,1.8700,0.3000,-2.8501,0,12
149.400000,747,-4.1000,1.8700,0.3000,-2.8501,0,12
149.600000,748,-4.1000,1.8700,0.3000,-2.8501,0,12
149.800000,749,-4.1000,1.8700,0.3000,-2.8501,0,12
150.000000,750,-4.1000,1.8700,0.3000,-2.8501,0,12
150.200000,751,-4.1000,1.8700,0.3000,-2.8501,0,12
150.400000,752,-4.1000,1.8700,0.3000,-2.8501,0,12
150.600000,753,-4.1000,1.8700,0.3000,-2.8501,0,12
150.800000,754,-4.1000,1.8700,0.3000,-2.8501,0,12
151.000000,755,-4.1000,1.8700,0.3000,-2.8501,0,12
151.200000,756,-4.1000,1.8700,0.3000,-2.8501,0,12
151.400000,757,-4.1000,1.8700,0.3000,-2.8501,0,12
151.600000,758,-4.1000,1.8700,0.3000,-2.8501,0,12
151.800000,759,-4.1000,1.8700,0.3000,-2.8501,0,12
152.000000,760,-4.1000,1.8700,0.3000,-2.8501,0,12
152.200000,761,-4.1000,1.8700,0.3000,-2.8501,0,12
152.400000,762,-4.1000,1.8700,0.3000,-2.8501,0,12
152.600000,763,-4.1000,1.8700,0.3000,-2.8501,0,12
152.800000,764,-4.1000,1.8700,0.3000,-2.8501,0,12
153.000000,765,-4.1000,1.8700,0.3000,-2.8501,0,12
153.200000,766,-4.1000,1.8700,0.3000,-2.8501,0,12
153.400000,767,-4.1000,1.8700,0.3000,-2.8501,0,12
153.600000,768,-4.1000,1.8700,0.3000,-2.8501,0,12
153.800000,769,-4.1000,1.8700,0.3000,-2.8501,0,12
154.000000,770,-4.1000,1.8700,0.3000,-2.8501,0,12
154.200000,771,-4.1000,1.8700,0.3000,-2.8501,0,12
154.400000,772,-4.1000,1.8700,0.3000,-2.8501,0,12
154.600000,773,-4.1000,1.8700,0.3000,-2.8501,0,12
154.800000,774,-4.1000,1.8700,0.3000,-2.8501,0,12
155.000000,775,-4.1000,1.8700,0.3000,-2.8501,0,12
155.200000,776,-4.1000,1.8700,0.3000,-2.8501,0,12
155.400000,777,-4.1000,1.8700,0.3000,-2.8501,0,12
155.600000,778,-4.1000,1.8700,0.3000,-2.8501,0,12
155.800000,779,-4.1000,1.8700,0.3000,-2.8501,0,12
156.000000,780,-4.1000,1.8700,0.3000,-2.8501,0,12
156.200000,781,-4.1000,1.8700,0.3000,-2.8501,0,12
156.400000,782,-4.1000,1.8700,0.3000,-2.8501,0,12
156.600000,783,-4.1000,1.8700,0.3000,-2.8501,0,12
156.800000,784,-4.1000,1.8700,0.3000,-2.8501,0,12
157.000000,785,-4.1000,1.8700,0.3000,-2.8501,0,12
157.200000,786,-4.1000,1.8700,0.3000,-2.8501,0,12
157.400000,787,-4.1000,1.8700,0.3000,-2.8501,0,12
157.600000,788,-4.1000,1.8700,0.3000,-2.8501,0,12
157.800000,789,-4.1000,1.8700,0.3000,-2.8501,0,12
158.000000,790,-4.1000,1.8700,0.3000,-2.8501,0,12
158.200000,791,-3.8000,1.8700,0.3000,0.0000,1,12
158.400000,792,-3.5000,1.8700,0.3000,0.0000,1,12
158.600000,793,-3.5000,1.8700,0.3000,-1.5708,1,12
158.800000,794,-3.5000,1.8700,0.3000,-1.5708,0,12
159.000000,795,-3.5000,1.8700,0.3000,-1.5708,0,12
159.200000,796,-3.5000,1.8700,0.3000,-1.5708,0,12
159.400000,797,-3.5000,1.8700,0.3000,-1.5708,0,12
159.600000,798,-3.5000,1.8700,0.3000,-1.5708,0,12
159.800000,799,-3.5000,1.8700,0.3000,-1.5708,0,12
160.000000,800,-3.5000,1.8700,0.3000,-1.5708,0,12
160.200000,801,-3.5000,1.8700,0.3000,-1.5708,0,12
160.400000,802,-3.5000,1.8700,0.3000,-1.5708,0,12
160.600000,803,-3.5000,1.8700,0.3000,-1.5708,0,12
160.800000,804,-3.5000,1.8700,0.3000,-1.5708,0,12
161.000000,805,-3.5000,1.8700,0.3000,-1.5708,0,12
161.200000,806,-3.5000,1.8700,0.3000,-1.5708,0,12
161.400000,807,-3.5000,1.8700,0.3000,-1.5708,0,12
161.600000,808,-3.5000,1.8700,0.3000,-1.5708,0,12
161.800000,809,-3.5000,1.8700,0.3000,-1.5708,0,12
162.000000,810,-3.5000,1.8700,0.3000,-1.5708,0,12
162.200000,811,-3.5000,1.8700,0.3000,-1.5708,0,12
162.400000,812,-3.5000,1.8700,0.3000,-1.5708,0,12
162.600000,813,-3.5000,1.8700,0.3000,-1.5708,0,12
162.800000,814,-3.5000,1.8700,0.3000,-1.5708,0,12
163.000000,815,-3.5000,1.8700,0.3000,-1.5708,0,12
163.200000,816,-3.5000,1.8700,0.3000,-1.5708,0,12
163.400000,817,-3.5000,1.8700,0.3000,-1.5708,0,12
163.600000,818,-3.5000,1.8700,0.3000,-1.5708,0,12
163.800000,819,-3.5000,1.8700,0.3000,-1.5708,0,12
164.000000,820,-3.5000,1.8700,0.3000,-1.5708,0,12
164.200000,821,-3.5000,1.8700,0.3000,-1.5708,0,12
164.400000,822,-3.5000,1.8700,0.3000,-1.5708,0,12
164.600000,823,-3.5000,1.8700,0.3000,-1.5708,0,12
164.800000,824,-3.5000,1.8700,0.3000,-1.5708,0,12
165.000000,825,-3.5000,1.8700,0.3000,-1.5708,0,12
165.200000,826,-3.5000,1.8700,0.3000,-1.5708,0,12
165.400000,827,-3.5000,1.8700,0.3000,-1.5708,0,12
165.600000,828,-3.5000,1.8700,0.3000,-1.5708,0,12
165.800000,829,-3.5000,1.8700,0.3000,-1.5708,0,12
166.000000,830,-3.5000,1.8700,0.3000,-1.5708,0,12
166.200000,831,-3.5000,1.8700,0.3000,-1.5708,0,12
166.400000,832,-3.5000,1.8700,0.3000,-1.5708,0,12
166.600000,833,-3.5000,1.8700,0.3000,-1.5708,0,12
166.800000,834,-3.5000,1.8700,0.3000,-1.5708,0,12
167.000000,835,-3.5000,1.8700,0.3000,-1.5708,0,12
167.200000,836,-3.5000,1.8700,0.3000,-1.5708,0,12
167.400000,837,-3.5000,1.8700,0.3000,-1.5708,0,12
167.600000,838,-3.5000,1.8700,0.3000,-1.5708,0,12
167.800000,839,-3.5000,1.8700,0.3000,-1.5708,0,12
168.000000,840,-3.5000,1.8700,0.3000,-1.5708,0,12
168.200000,841,-3.5000,1.8700,0.3000,-1.5708,0,12
168.400000,842,-3.5000,1.8700,0.3000,-1.5708,0,12
168.600000,843,-3.5000,1.8700,0.3000,-1.5708,0,12
168.800000,844,-3.5000,1.8700,0.3000,-1.5708,0,12
169.000000,845,-3.5000,1.8700,0.3000,-1.5708,0,12
169.200000,846,-3.5000,1.8700,0.3000,-1.5708,0,12
169.400000,847,-3.5000,1.8700,0.3000,-1.5708,0,12
169.600000,848,-3.5000,1.8700,0.3000,-1.5708,0,12
169.800000,849,-3.5000,1.8700,0.3000,-1.5708,0,12
170.000000,850,-3.5000,1.8700,0.3000,-1.5708,0,12
170.200000,851,-3.5000,1.8700,0.3000,-1.5708,0,12
170.400000,852,-3.5000,1.8700,0.3000,-1.5708,0,12
170.600000,853,-3.5000,1.8700,0.3000,-1.5708,0,12
170.800000,854,-3.5000,1.8700,0.3000,-1.5708,0,12
171.000000,855,-3.5000,1.8700,0.3000,-1.5708,0,12
171.200000,856,-3.5000,1.8700,0.3000,-1.5708,0,12
171.400000,857,-3.5000,1.8700,0.3000,-1.5708,0,12
171.600000,858,-3.5000,1.8700,0.3000,-1.5708,0,12
171.800000,859,-3.5000,1.8700,0.3000,-1.5708,0,12
172.000000,860,-3.5000,1.8700,0.3000,-1.5708,0,12
172.200000,861,-3.5000,1.8700,0.3000,-1.5708,0,12
172.400000,862,-3.5000,1.8700,0.3000,-1.5708,0,12
172.600000,863,-3.5000,1.8700,0.3000,-1.5708,0,12
172.800000,864,-3.5000,1.8700,0.3000,-1.5708,0,12
173.000000,865,-3.5000,1.8700,0.3000,-1.5708,0,12
173.200000,866,-3.5000,1.8700,0.3000,-1.5708,0,12
173.400000,867,-3.5000,1.8700,0.3000,-1.5708,0,12
173.600000,868,-3.5000,1.8700,0.3000,-1.5708,0,12
173.800000,869,-3.5000,1.8700,0.3000,-1.5708,0,12
174.000000,870,-3.5000,1.8700,0.3000,-1.5708,0,12
174.200000,871,-3.5000,1.8700,0.3000,-1.5708,0,12
174.400000,872,-3.5000,1.8700,0.3000,-1.5708,0,12
174.600000,873,-3.5000,1.8700,0.3000,-1.5708,0,12
174.800000,874,-3.5000,1.8700,0.3000,-1.5708,0,12
175.000000,875,-3.2000,1.8700,0.3000,0.0000,1,12
175.200000,876,-2.9000,1.8700,0.3000,0.0000,1,12
175.400000,877,-2.6000,1.8700,0.3000,0.0000,1,12
175.600000,878,-2.3000,1.8700,0.3000,0.0000,1,12
175.800000,879,-2.0000,1.8700,0.3000,0.0000,1,12
176.000000,880,-1.7000,1.8700,0.3000,0.0000,1,12
176.200000,881,-1.4879,1.6579,0.3000,-0.7854,1,12
176.400000,882,-1.4000,1.3943,0.3000,-1.5708,1,12
176.600000,883,-1.4000,1.0943,0.3000,-1.5708,1,12
176.800000,884,-1.4000,0.7943,0.3000,-1.5708,1,12
177.000000,885,-1.4000,0.6700,0.3000,2.4669,1,12
177.200000,886,-1.4000,0.6700,0.3000,2.4669,0,12
177.400000,887,-1.4000,0.6700,0.3000,2.4669,0,12
177.600000,888,-1.4000,0.6700,0.3000,2.4669,0,12
177.800000,889,-1.4000,0.6700,0.3000,2.4669,0,12
178.000000,890,-1.4000,0.6700,0.3000,2.4669,0,12
178.200000,891,-1.4000,0.6700,0.3000,2.4669,0,12
178.400000,892,-1.4000,0.6700,0.3000,2.4669,0,12
178.600000,893,-1.4000,0.6700,0.3000,2.4669,0,12
178.800000,894,-1.4000,0.6700,0.3000,2.4669,0,12
179.000000,895,-1.4000,0.6700,0.3000,2.4669,0,12
179.200000,896,-1.4000,0.6700,0.3000,2.4669,0,12
179.400000,897,-1.4000,0.6700,0.3000,2.4669,0,12
179.600000,898,-1.4000,0.6700,0.3000,2.4669,0,12
179.800000,899,-1.4000,0.6700,0.3000,2.4669,0,12
180.000000,900,-1.4000,0.6700,0.3000,2.4669,0,12
180.200000,901,-1.4000,0.6700,0.3000,2.4669,0,12
180.400000,902,-1.4000,0.6700,0.3000,2.4669,0,12
180.600000,903,-1.4000,0.6700,0.3000,2.4669,0,12
180.800000,904,-1.4000,0.6700,0.3000,2.4669,0,12
181.000000,905,-1.4000,0.6700,0.3000,2.4669,0,12
181.200000,906,-1.4000,0.6700,0.3000,2.4669,0,12
181.400000,907,-1.4000,0.6700,0.3000,2.4669,0,12
181.600000,908,-1.4000,0.6700,0.3000,2.4669,0,12
181.800000,909,-1.4000,0.6700,0.3000,2.4669,0,12
182.000000,910,-1.4000,0.6700,0.3000,2.4669,0,12
182.200000,911,-1.4000,0.6700,0.3000,2.4669,0,12
182.400000,912,-1.4000,0.6700,0.3000,2.4669,0,12
182.600000,913,-1.4000,0.6700,0.3000,2.4669,0,12
182.800000,914,-1.4000,0.6700,0.3000,2.4669,0,12
183.000000,915,-1.4000,0.6700,0.3000,2.4669,0,12
183.200000,916,-1.4000,0.6700,0.3000,2.4669,0,12
183.400000,917,-1.4000,0.6700,0.3000,2.4669,0,12
183.600000,918,-1.4000,0.6700,0.3000,2.4669,0,12
183.800000,919,-1.4000,0.6700,0.3000,2.4669,0,12
184.000000,920,-1.4000,0.6700,0.3000,2.4669,0,12
184.200000,921,-1.4000,0.6700,0.3000,2.4669,0,12
184.400000,922,-1.4000,0.6700,0.3000,2.4669,0,12
184.600000,923,-1.4000,0.6700,0.3000,2.4669,0,12
184.800000,924,-1.4000,0.6700,0.3000,2.4669,0,12
185.000000,925,-1.4000,0.6700,0.3000,2.4669,0,12
185.200000,926,-1.4000,0.6700,0.3000,2.4669,0,12
185.400000,927,-1.4000,0.6700,0.3000,2.4669,0,12
185.600000,928,-1.4000,0.6700,0.3000,2.4669,0,12
185.800000,929,-1.4000,0.6700,0.3000,2.4669,0,12
186.000000,930,-1.4000,0.6700,0.3000,2.4669,0,12
186.200000,931,-1.4000,0.6700,0.3000,2.4669,0,12
186.400000,932,-1.4000,0.6700,0.3000,2.4669,0,12
186.600000,933,-1.4000,0.6700,0.3000,2.4669,0,12
186.800000,934,-1.4000,0.6700,0.3000,2.4669,0,12
187.000000,935,-1.4000,0.6700,0.3000,2.4669,0,12
187.200000,936,-1.4000,0.6700,0.3000,2.4669,0,12
187.400000,937,-1.4000,0.6700,0.3000,2.4669,0,12
187.600000,938,-1.4000,0.6700,0.3000,2.4669,0,12
187.800000,939,-1.4000,0.6700,0.3000,2.4669,0,12
188.000000,940,-1.4000,0.6700,0.3000,2.4669,0,12
188.200000,941,-1.4000,0.6700,0.3000,2.4669,0,12
188.400000,942,-1.4000,0.6700,0.3000,2.4669,0,12
188.600000,943,-1.4000,0.6700,0.3000,2.4669,0,12
188.800000,944,-1.4000,0.6700,0.3000,2.4669,0,12
189.000000,945,-1.4000,0.6700,0.3000,2.4669,0,12
189.200000,946,-1.4000,0.6700,0.3000,2.4669,0,12
189.400000,947,-1.4000,0.6700,0.3000,2.4669,0,12
189.600000,948,-1.4000,0.6700,0.3000,2.4669,0,12
189.800000,949,-1.4000,0.6700,0.3000,2.4669,0,12
190.000000,950,-1.4000,0.6700,0.3000,2.4669,0,12
190.200000,951,-1.4000,0.6700,0.3000,2.4669,0,12
190.400000,952,-1.4000,0.6700,0.3000,2.4669,0,12
190.600000,953,-1.4000,0.6700,0.3000,2.4669,0,12
190.800000,954,-1.4000,0.6700,0.3000,2.4669,0,12
191.000000,955,-1.4000,0.6700,0.3000,2.4669,0,12
191.200000,956,-1.4000,0.6700,0.3000,2.4669,0,12
191.400000,957,-1.4000,0.6700,0.3000,2.4669,0,12
191.600000,958,-1.4000,0.6700,0.3000,2.4669,0,12
191.800000,959,-1.4000,0.6700,0.3000,2.4669,0,12
192.000000,960,-1.4000,0.6700,0.3000,2.4669,0,12
192.200000,961,-1.4000,0.6700,0.3000,2.4669,0,12
192.400000,962,-1.4000,0.6700,0.3000,2.4669,0,12
192.600000,963,-1.4000,0.6700,0.3000,2.4669,0,12
192.800000,964,-1.4000,0.6700,0.3000,2.4669,0,12
193.000000,965,-1.4000,0.6700,0.3000,2.4669,0,12
193.200000,966,-1.4000,0.9700,0.3000,1.5708,1,12
193.400000,967,-1.4000,1.2700,0.3000,1.5708,1,12
193.600000,968,-1.4000,1.5700,0.3000,1.5708,1,12
193.800000,969,-1.4000,1.5700,0.3000,1.7168,1,12
194.000000,970,-1.4000,1.5700,0.3000,1.7168,0,12
194.200000,971,-1.4000,1.5700,0.3000,1.7168,0,12
194.400000,972,-1.4000,1.5700,0.3000,1.7168,0,12
194.600000,973,-1.4000,1.5700,0.3000,1.7168,0,12
194.800000,974,-1.4000,1.5700,0.3000,1.7168,0,12
195.000000,975,-1.4000,1.5700,0.3000,1.7168,0,12
195.200000,976,-1.4000,1.5700,0.3000,1.7168,0,12
195.400000,977,-1.4000,1.5700,0.3000,1.7168,0,12
195.600000,978,-1.4000,1.5700,0.3000,1.7168,0,12
195.800000,979,-1.4000,1.5700,0.3000,1.7168,0,12
196.000000,980,-1.4000,1.5700,0.3000,1.7168,0,12
196.200000,981,-1.4000,1.5700,0.3000,1.7168,0,12
196.400000,982,-1.4000,1.5700,0.3000,1.7168,0,12
196.600000,983,-1.4000,1.5700,0.3000,1.7168,0,12
196.800000,984,-1.4000,1.5700,0.3000,1.7168,0,12
197.000000,985,-1.4000,1.5700,0.3000,1.7168,0,12
197.200000,986,-1.4000,1.5700,0.3000,1.7168,0,12
197.400000,987,-1.4000,1.5700,0.3000,1.7168,0,12
197.600000,988,-1.4000,1.5700,0.3000,1.7168,0,12
197.800000,989,-1.4000,1.5700,0.3000,1.7168,0,12
198.000000,990,-1.4000,1.5700,0.3000,1.7168,0,12
198.200000,991,-1.4000,1.5700,0.3000,1.7168,0,12
198.400000,992,-1.4000,1.5700,0.3000,1.7168,0,12
198.600000,993,-1.4000,1.5700,0.3000,1.7168,0,12
198.800000,994,-1.4000,1.5700,0.3000,1.7168,0,12
199.000000,995,-1.4000,1.5700,0.3000,1.7168,0,12
199.200000,996,-1.4000,1.5700,0.3000,1.7168,0,12
199.400000,997,-1.4000,1.5700,0.3000,1.7168,0,12
199.600000,998,-1.4000,1.5700,0.3000,1.7168,0,12
199.800000,999,-1.4000,1.5700,0.3000,1.7168,0,12
200.000000,1000,-1.4000,1.5700,0.3000,1.7168,0,12
200.200000,1001,-1.4000,1.5700,0.3000,1.7168,0,12
200.400000,1002,-1.4000,1.5700,0.3000,1.7168,0,12
200.600000,1003,-1.4000,1.5700,0.3000,1.7168,0,12
200.800000,1004,-1.4000,1.5700,0.3000,1.7168,0,12
201.000000,1005,-1.4000,1.5700,0.3000,1.7168,0,12
201.200000,1006,-1.4000,1.5700,0.3000,1.7168,0,12
201.400000,1007,-1.4000,1.5700,0.3000,1.7168,0,12
201.600000,1008,-1.4000,1.5700,0.3000,1.7168,0,12
201.800000,1009,-1.4000,1.5700,0.3000,1.7168,0,12
202.000000,1010,-1.4000,1.5700,0.3000,1.7168,0,12
202.200000,1011,-1.4000,1.5700,0.3000,1.7168,0,12
202.400000,1012,-1.4000,1.5700,0.3000,1.7168,0,12
202.600000,1013,-1.4000,1.5700,0.3000,1.7168,0,12
202.800000,1014,-1.4000,1.5700,0.3000,1.7168,0,12
203.000000,1015,-1.4000,1.5700,0.3000,1.7168,0,12
203.200000,1016,-1.4000,1.5700,0.3000,1.7168,0,12
203.400000,1017,-1.4000,1.5700,0.3000,1.7168,0,12
203.600000,1018,-1.4000,1.5700,0.3000,1.7168,0,12
203.800000,1019,-1.4000,1.5700,0.3000,1.7168,0,12
204.000000,1020,-1.4000,1.5700,0.3000,1.7168,0,12
204.200000,1021,-1.4000,1.5700,0.3000,1.7168,0,12
204.400000,1022,-1.4000,1.5700,0.3000,1.7168,0,12
204.600000,1023,-1.4000,1.5700,0.3000,1.7168,0,12
204.800000,1024,-1.4000,1.5700,0.3000,1.7168,0,12
205.000000,1025,-1.4000,1.5700,0.3000,1.7168,0,12
205.200000,1026,-1.4000,1.5700,0.3000,1.7168,0,12
205.400000,1027,-1.4000,1.5700,0.3000,1.7168,0,12
205.600000,1028,-1.4000,1.5700,0.3000,1.7168,0,12
205.800000,1029,-1.4000,1.5700,0.3000,1.7168,0,12
206.000000,1030,-1.4000,1.5700,0.3000,1.7168,0,12
206.200000,1031,-1.4000,1.5700,0.3000,1.7168,0,12
206.400000,1032,-1.4000,1.5700,0.3000,1.7168,0,12
206.600000,1033,-1.4000,1.5700,0.3000,1.7168,0,12
206.800000,1034,-1.4000,1.5700,0.3000,1.7168,0,12
207.000000,1035,-1.4000,1.5700,0.3000,1.7168,0,12
207.200000,1036,-1.4000,1.5700,0.3000,1.7168,0,12
207.400000,1037,-1.4000,1.5700,0.3000,1.7168,0,12
207.600000,1038,-1.4000,1.5700,0.3000,1.7168,0,12
207.800000,1039,-1.4000,1.5700,0.3000,1.7168,0,12
208.000000,1040,-1.4000,1.5700,0.3000,1.7168,0,12
208.200000,1041,-1.4000,1.5700,0.3000,1.7168,0,12
208.400000,1042,-1.4000,1.5700,0.3000,1.7168,0,12
208.600000,1043,-1.4000,1.5700,0.3000,1.7168,0,12
208.800000,1044,-1.4000,1.5700,0.3000,1.7168,0,12
209.000000,1045,-1.4000,1.5700,0.3000,1.7168,0,12
209.200000,1046,-1.4000,1.5700,0.3000,1.7168,0,12
209.400000,1047,-1.4000,1.5700,0.3000,1.7168,0,12
209.600000,1048,-1.4000,1.5700,0.3000,1.7168,0,12
209.800000,1049,-1.4000,1.5700,0.3000,1.7168,0,12
210.000000,1050,-1.7000,1.5700,0.3000,3.1416,1,12
210.200000,1051,-2.0000,1.5700,0.3000,3.1416,1,12
210.400000,1052,-2.0000,1.5700,0.3000,1.5708,1,12
210.600000,1053,-2.0000,1.5700,0.3000,1.5708,0,12
210.800000,1054,-2.0000,1.5700,0.3000,1.5708,0,12
211.000000,1055,-2.0000,1.5700,0.3000,1.5708,0,12
211.200000,1056,-2.0000,1.5700,0.3000,1.5708,0,12
211.400000,1057,-2.0000,1.5700,0.3000,1.5708,0,12
211.600000,1058,-2.0000,1.5700,0.3000,1.5708,0,12
211.800000,1059,-2.0000,1.5700,0.3000,1.5708,0,12
212.000000,1060,-2.0000,1.5700,0.3000,1.5708,0,12
212.200000,1061,-2.0000,1.5700,0.3000,1.5708,0,12
212.400000,1062,-2.0000,1.5700,0.3000,1.5708,0,12
212.600000,1063,-2.0000,1.5700,0.3000,1.5708,0,12
212.800000,1064,-2.0000,1.5700,0.3000,1.5708,0,12
213.000000,1065,-2.0000,1.5700,0.3000,1.5708,0,12
213.200000,1066,-2.0000,1.5700,0.3000,1.5708,0,12
213.400000,1067,-2.0000,1.5700,0.3000,1.5708,0,12
213.600000,1068,-2.0000,1.5700,0.3000,1.5708,0,12
213.800000,1069,-2.0000,1.5700,0.3000,1.5708,0,12
214.000000,1070,-2.0000,1.5700,0.3000,1.5708,0,12
214.200000,1071,-2.0000,1.5700,0.3000,1.5708,0,12
214.400000,1072,-2.0000,1.5700,0.3000,1.5708,0,12
214.600000,1073,-2.0000,1.5700,0.3000,1.5708,0,12
214.800000,1074,-2.0000,1.5700,0.3000,1.5708,0,12
215.000000,1075,-2.0000,1.5700,0.3000,1.5708,0,12
215.200000,1076,-2.0000,1.5700,0.3000,1.5708,0,12
215.400000,1077,-2.0000,1.5700,0.3000,1.5708,0,12
215.600000,1078,-2.0000,1.5700,0.3000,1.5708,0,12
215.800000,1079,-2.0000,1.5700,0.3000,1.5708,0,12
216.000000,1080,-2.0000,1.5700,0.3000,1.5708,0,12
216.200000,1081,-2.0000,1.5700,0.3000,1.5708,0,12
216.400000,1082,-2.0000,1.5700,0.3000,1.5708,0,12
216.600000,1083,-2.0000,1.5700,0.3000,1.5708,0,12
216.800000,1084,-2.0000,1.5700,0.3000,1.5708,0,12
217.000000,1085,-2.0000,1.5700,0.3000,1.5708,0,12
217.200000,1086,-2.0000,1.5700,0.3000,1.5708,0,12
217.400000,1087,-2.0000,1.5700,0.3000,1.5708,0,12
217.600000,1088,-2.0000,1.5700,0.3000,1.5708,0,12
217.800000,1089,-2.0000,1.5700,0.3000,1.5708,0,12
218.000000,1090,-2.0000,1.5700,0.3000,1.5708,0,12
218.200000,1091,-2.0000,1.5700,0.3000,1.5708,0,12
218.400000,1092,-2.0000,1.5700,0.3000,1.5708,0,12
218.600000,1093,-2.0000,1.5700,0.3000,1.5708,0,12
218.800000,1094,-2.0000,1.5700,0.3000,1.5708,0,12
219.000000,1095,-2.0000,1.5700,0.3000,1.5708,0,12
219.200000,1096,-2.0000,1.5700,0.3000,1.5708,0,12
219.400000,1097,-2.0000,1.5700,0.3000,1.5708,0,12
219.600000,1098,-2.0000,1.5700,0.3000,1.5708,0,12
219.800000,1099,-2.0000,1.5700,0.3000,1.5708,0,12
220.000000,1100,-2.0000,1.5700,0.3000,1.5708,0,12
220.200000,1101,-2.0000,1.5700,0.3000,1.5708,0,12
220.400000,1102,-2.0000,1.5700,0.3000,1.5708,0,12
220.600000,1103,-2.0000,1.5700,0.3000,1.5708,0,12
220.800000,1104,-2.0000,1.5700,0.3000,1.5708,0,12
221.000000,1105,-2.0000,1.5700,0.3000,1.5708,0,12
221.200000,1106,-2.0000,1.5700,0.3000,1.5708,0,12
221.400000,1107,-2.0000,1.5700,0.3000,1.5708,0,12
221.600000,1108,-2.0000,1.5700,0.3000,1.5708,0,12
221.800000,1109,-2.0000,1.5700,0.3000,1.5708,0,12
222.000000,1110,-2.0000,1.5700,0.3000,1.5708,0,12
222.200000,1111,-2.0000,1.5700,0.3000,1.5708,0,12
222.400000,1112,-2.0000,1.5700,0.3000,1.5708,0,12
222.600000,1113,-2.0000,1.5700,0.3000,1.5708,0,12
222.800000,1114,-2.0000,1.5700,0.3000,1.5708,0,12
223.000000,1115,-2.0000,1.5700,0.3000,1.5708,0,12
223.200000,1116,-2.0000,1.5700,0.3000,1.5708,0,12
223.400000,1117,-2.0000,1.5700,0.3000,1.5708,0,12
223.600000,1118,-2.0000,1.5700,0.3000,1.5708,0,12
223.800000,1119,-2.0000,1.5700,0.3000,1.5708,0,12
224.000000,1120,-2.0000,1.5700,0.3000,1.5708,0,12
224.200000,1121,-2.0000,1.5700,0.3000,1.5708,0,12
224.400000,1122,-2.0000,1.5700,0.3000,1.5708,0,12
224.600000,1123,-2.0000,1.5700,0.3000,1.5708,0,12
224.800000,1124,-2.0000,1.5700,0.3000,1.5708,0,12
225.000000,1125,-2.0000,1.5700,0.3000,1.5708,0,12
225.200000,1126,-2.0000,1.5700,0.3000,1.5708,0,12
225.400000,1127,-2.0000,1.5700,0.3000,1.5708,0,12
225.600000,1128,-2.0000,1.5700,0.3000,1.5708,0,12
225.800000,1129,-2.0000,1.5700,0.3000,1.5708,0,12
226.000000,1130,-2.0000,1.5700,0.3000,1.5708,0,12
226.200000,1131,-2.0000,1.5700,0.3000,1.5708,0,12
226.400000,1132,-2.0000,1.5700,0.3000,1.5708,0,12
226.600000,1133,-2.0000,1.5700,0.3000,1.5708,0,12
226.800000,1134,-2.0000,1.5700,0.3000,1.5708,0,12
227.000000,1135,-1.7000,1.5700,0.3000,0.0000,1,12
227.200000,1136,-1.4000,1.5700,0.3000,0.0000,1,12
227.400000,1137,-1.4000,1.2700,0.3000,-1.5708,1,12
227.600000,1138,-1.4000,0.9700,0.3000,-1.5708,1,12
227.800000,1139,-1.4000,0.6700,0.3000,-1.5708,1,12
228.000000,1140,-1.4000,0.3700,0.3000,-1.5708,1,12
228.200000,1141,-1.4000,0.0700,0.3000,-1.5708,1,12
228.400000,1142,-1.4000,-0.2300,0.3000,-1.5708,1,12
228.600000,1143,-1.4000,-0.5300,0.3000,-1.5708,1,12
228.800000,1144,-1.4000,-0.8300,0.3000,-1.5708,1,12
229.000000,1145,-1.4000,-1.1300,0.3000,-1.5708,1,12
229.200000,1146,-1.4000,-1.4300,0.3000,-1.5708,1,12
229.400000,1147,-1.4000,-1.7300,0.3000,-1.5708,1,12
229.600000,1148,-1.4000,-2.0300,0.3000,-1.5708,1,12
229.800000,1149,-1.4000,-2.3300,0.3000,-1.5708,1,12
230.000000,1150,-1.4000,-2.6300,0.3000,-1.5708,1,12
230.200000,1151,-1.4000,-2.9300,0.3000,-1.5708,1,12
230.400000,1152,-1.4000,-3.2300,0.3000,-1.5708,1,12
230.600000,1153,-1.4000,-3.2300,0.3000,-2.9442,1,12
230.800000,1154,-1.4000,-3.2300,0.3000,-2.9442,0,12
231.000000,1155,-1.4000,-3.2300,0.3000,-2.9442,0,12
231.200000,1156,-1.4000,-3.2300,0.3000,-2.9442,0,12
231.400000,1157,-1.4000,-3.2300,0.3000,-2.9442,0,12
231.600000,1158,-1.4000,-3.2300,0.3000,-2.9442,0,12
231.800000,1159,-1.4000,-3.2300,0.3000,-2.9442,0,12
232.000000,1160,-1.4000,-3.2300,0.3000,-2.9442,0,12
232.200000,1161,-1.4000,-3.2300,0.3000,-2.9442,0,12
232.400000,1162,-1.4000,-3.2300,0.3000,-2.9442,0,12
232.600000,1163,-1.4000,-3.2300,0.3000,-2.9442,0,12
232.800000,1164,-1.4000,-3.2300,0.3000,-2.9442,0,12
233.000000,1165,-1.4000,-3.2300,0.3000,-2.9442,0,12
233.200000,1166,-1.4000,-3.2300,0.3000,-2.9442,0,12
233.400000,1167,-1.4000,-3.2300,0.3000,-2.9442,0,12
233.600000,1168,-1.4000,-3.2300,0.3000,-2.9442,0,12
233.800000,1169,-1.4000,-3.2300,0.3000,-2.9442,0,12
234.000000,1170,-1.4000,-3.2300,0.3000,-2.9442,0,12
234.200000,1171,-1.4000,-3.2300,0.3000,-2.9442,0,12
234.400000,1172,-1.4000,-3.2300,0.3000,-2.9442,0,12
234.600000,1173,-1.4000,-3.2300,0.3000,-2.9442,0,12
234.800000,1174,-1.4000,-3.2300,0.3000,-2.9442,0,12
235.000000,1175,-1.4000,-3.2300,0.3000,-2.9442,0,12
235.200000,1176,-1.4000,-3.2300,0.3000,-2.9442,0,12
235.400000,1177,-1.4000,-3.2300,0.3000,-2.9442,0,12
235.600000,1178,-1.4000,-3.2300,0.3000,-2.9442,0,12
235.800000,1179,-1.4000,-3.2300,0.3000,-2.9442,0,12
236.000000,1180,-1.4000,-3.2300,0.3000,-2.9442,0,12
236.200000,1181,-1.4000,-3.2300,0.3000,-2.9442,0,12
236.400000,1182,-1.4000,-3.2300,0.3000,-2.9442,0,12
236.600000,1183,-1.4000,-3.2300,0.3000,-2.9442,0,12
236.800000,1184,-1.4000,-3.2300,0.3000,-2.9442,0,12
237.000000,1185,-1.4000,-3.2300,0.3000,-2.9442,0,12
237.200000,1186,-1.4000,-3.2300,0.3000,-2.9442,0,12
237.400000,1187,-1.4000,-3.2300,0.3000,-2.9442,0,12
237.600000,1188,-1.4000,-3.2300,0.3000,-2.9442,0,12
237.800000,1189,-1.4000,-3.2300,0.3000,-2.9442,0,12
238.000000,1190,-1.4000,-3.2300,0.3000,-2.9442,0,12
238.200000,1191,-1.4000,-3.2300,0.3000,-2.9442,0,12
238.400000,1192,-1.4000,-3.2300,0.3000,-2.9442,0,12
238.600000,1193,-1.4000,-3.2300,0.3000,-2.9442,0,12
238.800000,1194,-1.4000,-3.2300,0.3000,-2.9442,0,12
239.000000,1195,-1.4000,-3.2300,0.3000,-2.9442,0,12
239.200000,1196,-1.4000,-3.2300,0.3000,-2.9442,0,12
239.400000,1197,-1.4000,-3.2300,0.3000,-2.9442,0,12
239.600000,1198,-1.4000,-3.2300,0.3000,-2.9442,0,12
239.800000,1199,-1.4000,-3.2300,0.3000,-2.9442,0,12
240.000000,1200,-1.4000,-3.2300,0.3000,-2.9442,0,12
240.200000,1201,-1.4000,-3.2300,0.3000,-2.9442,0,12
240.400000,1202,-1.4000,-3.2300,0.3000,-2.9442,0,12
240.600000,1203,-1.4000,-3.2300,0.3000,-2.9442,0,12
240.800000,1204,-1.4000,-3.2300,0.3000,-2.9442,0,12
241.000000,1205,-1.4000,-3.2300,0.3000,-2.9442,0,12
241.200000,1206,-1.4000,-3.2300,0.3000,-2.9442,0,12
241.400000,1207,-1.4000,-3.2300,0.3000,-2.9442,0,12
241.600000,1208,-1.4000,-3.2300,0.3000,-2.9442,0,12
241.800000,1209,-1.4000,-3.2300,0.3000,-2.9442,0,12
242.000000,1210,-1.4000,-3.2300,0.3000,-2.9442,0,12
242.200000,1211,-1.4000,-3.2300,0.3000,-2.9442,0,12
242.400000,1212,-1.4000,-3.2300,0.3000,-2.9442,0,12
242.600000,1213,-1.4000,-3.2300,0.3000,-2.9442,0,12
242.800000,1214,-1.4000,-3.2300,0.3000,-2.9442,0,12
243.000000,1215,-1.4000,-3.2300,0.3000,-2.9442,0,12
243.200000,1216,-1.4000,-3.2300,0.3000,-2.9442,0,12
243.400000,1217,-1.4000,-3.2300,0.3000,-2.9442,0,12
243.600000,1218,-1.4000,-3.2300,0.3000,-2.9442,0,12
243.800000,1219,-1.4000,-3.2300,0.3000,-2.9442,0,12
244.000000,1220,-1.4000,-3.2300,0.3000,-2.9442,0,12
244.200000,1221,-1.4000,-3.2300,0.3000,-2.9442,0,12
244.400000,1222,-1.4000,-3.2300,0.3000,-2.9442,0,12
244.600000,1223,-1.4000,-3.2300,0.3000,-2.9442,0,12
244.800000,1224,-1.4000,-3.2300,0.3000,-2.9442,0,12
245.000000,1225,-1.4000,-3.2300,0.3000,-2.9442,0,12
245.200000,1226,-1.4000,-3.2300,0.3000,-2.9442,0,12
245.400000,1227,-1.4000,-3.2300,0.3000,-2.9442,0,12
245.600000,1228,-1.4000,-3.2300,0.3000,-2.9442,0,12
245.800000,1229,-1.4000,-3.2300,0.3000,-2.9442,0,12
246.000000,1230,-1.4000,-3.2300,0.3000,-2.9442,0,12
246.200000,1231,-1.4000,-3.2300,0.3000,-2.9442,0,12
246.400000,1232,-1.4000,-3.2300,0.3000,-2.9442,0,12
246.600000,1233,-1.4000,-3.2300,0.3000,-2.9442,0,12
246.800000,1234,-1.4000,-3.2300,0.3000,-2.9442,0,12
247.000000,1235,-1.4000,-3.2300,0.3000,-2.9442,0,12
247.200000,1236,-1.4000,-3.2300,0.3000,-2.9442,0,12
247.400000,1237,-1.4000,-3.2300,0.3000,-2.9442,0,12
247.600000,1238,-1.4000,-3.2300,0.3000,-2.9442,0,12
247.800000,1239,-1.4000,-3.2300,0.3000,-2.9442,0,12
248.000000,1240,-1.4000,-3.2300,0.3000,-2.9442,0,12
248.200000,1241,-1.4000,-3.2300,0.3000,-2.9442,0,12
248.400000,1242,-1.4000,-3.2300,0.3000,-2.9442,0,12
248.600000,1243,-1.4000,-3.2300,0.3000,-2.9442,0,12
248.800000,1244,-1.4000,-3.2300,0.3000,-2.9442,0,12
249.000000,1245,-1.4000,-3.2300,0.3000,-2.9442,0,12
249.200000,1246,-1.4000,-3.2300,0.3000,-2.9442,0,12
249.400000,1247,-1.4000,-3.2300,0.3000,-2.9442,0,12
249.600000,1248,-1.4000,-3.2300,0.3000,-2.9442,0,12
249.800000,1249,-1.4000,-3.2300,0.3000,-2.9442,0,12
250.000000,1250,-1.4000,-3.2300,0.3000,-2.9442,0,12
250.200000,1251,-1.4000,-3.2300,0.3000,-2.9442,0,12
250.400000,1252,-1.4000,-3.2300,0.3000,-2.9442,0,12
250.600000,1253,-1.4000,-3.2300,0.3000,-2.9442,0,12
250.800000,1254,-1.4000,-3.2300,0.3000,-2.9442,0,12
251.000000,1255,-1.4000,-3.2300,0.3000,-2.9442,0,12
251.200000,1256,-1.4000,-3.2300,0.3000,-2.9442,0,12
251.400000,1257,-1.4000,-3.2300,0.3000,-2.9442,0,12
251.600000,1258,-1.4000,-3.2300,0.3000,-2.9442,0,12
251.800000,1259,-1.4000,-3.2300,0.3000,-2.9442,0,12
252.000000,1260,-1.4000,-3.2300,0.3000,-2.9442,0,12
252.200000,1261,-1.4000,-3.2300,0.3000,-2.9442,0,12
252.400000,1262,-1.4000,-3.2300,0.3000,-2.9442,0,12
252.600000,1263,-1.4000,-3.2300,0.3000,-2.9442,0,12
252.800000,1264,-1.4000,-3.2300,0.3000,-2.9442,0,12
253.000000,1265,-1.4000,-3.2300,0.3000,-2.9442,0,12
253.200000,1266,-1.4000,-3.2300,0.3000,-2.9442,0,12
253.400000,1267,-1.4000,-3.2300,0.3000,-2.9442,0,12
253.600000,1268,-1.4000,-3.2300,0.3000,-2.9442,0,12
253.800000,1269,-1.4000,-3.2300,0.3000,-2.9442,0,12
254.000000,1270,-1.4000,-3.2300,0.3000,-2.9442,0,12
254.200000,1271,-1.4000,-3.2300,0.3000,-2.9442,0,12
254.400000,1272,-1.4000,-3.2300,0.3000,-2.9442,0,12
254.600000,1273,-1.4000,-3.2300,0.3000,-2.9442,0,12
254.800000,1274,-1.4000,-3.2300,0.3000,-2.9442,0,12
255.000000,1275,-1.4000,-3.2300,0.3000,-2.9442,0,12
255.200000,1276,-1.4000,-3.2300,0.3000,-2.9442,0,12
255.400000,1277,-1.4000,-3.2300,0.3000,-2.9442,0,12
255.600000,1278,-1.4000,-3.2300,0.3000,-2.9442,0,12
255.800000,1279,-1.4000,-3.2300,0.3000,-2.9442,0,12
256.000000,1280,-1.4000,-3.2300,0.3000,-2.9442,0,12
256.200000,1281,-1.4000,-3.2300,0.3000,-2.9442,0,12
256.400000,1282,-1.4000,-3.2300,0.3000,-2.9442,0,12
256.600000,1283,-1.4000,-3.2300,0.3000,-2.9442,0,12
256.800000,1284,-1.4000,-3.2300,0.3000,-2.9442,0,12
257.000000,1285,-1.4000,-3.2300,0.3000,-2.9442,0,12
257.200000,1286,-1.4000,-3.2300,0.3000,-2.9442,0,12
257.400000,1287,-1.4000,-3.2300,0.3000,-2.9442,0,12
257.600000,1288,-1.4000,-3.2300,0.3000,-2.9442,0,12
257.800000,1289,-1.4000,-3.2300,0.3000,-2.9442,0,12
258.000000,1290,-1.4000,-3.2300,0.3000,-2.9442,0,12
258.200000,1291,-1.4000,-3.2300,0.3000,-2.9442,0,12
258.400000,1292,-1.4000,-3.2300,0.3000,-2.9442,0,12
258.600000,1293,-1.4000,-3.2300,0.3000,-2.9442,0,12
258.800000,1294,-1.4000,-3.2300,0.3000,-2.9442,0,12
259.000000,1295,-1.4000,-3.2300,0.3000,-2.9442,0,12
259.200000,1296,-1.4000,-3.2300,0.3000,-2.9442,0,12
259.400000,1297,-1.4000,-3.2300,0.3000,-2.9442,0,12
259.600000,1298,-1.4000,-3.2300,0.3000,-2.9442,0,12
259.800000,1299,-1.4000,-3.2300,0.3000,-2.9442,0,12
260.000000,1300,-1.4000,-3.2300,0.3000,-2.9442,0,12
260.200000,1301,-1.4000,-3.2300,0.3000,-2.9442,0,12
260.400000,1302,-1.4000,-3.2300,0.3000,-2.9442,0,12
260.600000,1303,-1.4000,-3.2300,0.3000,-2.9442,0,12
260.800000,1304,-1.4000,-3.2300,0.3000,-2.9442,0,12
261.000000,1305,-1.4000,-3.2300,0.3000,-2.9442,0,12
261.200000,1306,-1.4000,-3.2300,0.3000,-2.9442,0,12
261.400000,1307,-1.4000,-3.2300,0.3000,-2.9442,0,12
261.600000,1308,-1.4000,-3.2300,0.3000,-2.9442,0,12
261.800000,1309,-1.4000,-3.2300,0.3000,-2.9442,0,12
262.000000,1310,-1.4000,-3.2300,0.3000,-2.9442,0,12
262.200000,1311,-1.4000,-3.2300,0.3000,-2.9442,0,12
262.400000,1312,-1.4000,-3.2300,0.3000,-2.9442,0,12
262.600000,1313,-1.4000,-3.2300,0.3000,-2.9442,0,12
262.800000,1314,-1.4000,-3.2300,0.3000,-2.9442,0,12
263.000000,1315,-1.4000,-3.2300,0.3000,-2.9442,0,12
263.200000,1316,-1.4000,-3.2300,0.3000,-2.9442,0,12
263.400000,1317,-1.4000,-3.2300,0.3000,-2.9442,0,12
263.600000,1318,-1.4000,-3.2300,0.3000,-2.9442,0,12
263.800000,1319,-1.4000,-3.2300,0.3000,-2.9442,0,12
264.000000,1320,-1.4000,-3.2300,0.3000,-2.9442,0,12
264.200000,1321,-1.4000,-3.2300,0.3000,-2.9442,0,12
264.400000,1322,-1.4000,-3.2300,0.3000,-2.9442,0,12
264.600000,1323,-1.4000,-3.2300,0.3000,-2.9442,0,12
264.800000,1324,-1.4000,-3.2300,0.3000,-2.9442,0,12
265.000000,1325,-1.4000,-3.2300,0.3000,-2.9442,0,12
265.200000,1326,-1.4000,-3.2300,0.3000,-2.9442,0,12
265.400000,1327,-1.4000,-3.2300,0.3000,-2.9442,0,12
265.600000,1328,-1.4000,-3.2300,0.3000,-2.9442,0,12
265.800000,1329,-1.4000,-3.2300,0.3000,-2.9442,0,12
266.000000,1330,-1.4000,-3.2300,0.3000,-2.9442,0,12
266.200000,1331,-1.4000,-3.2300,0.3000,-2.9442,0,12
266.400000,1332,-1.4000,-3.2300,0.3000,-2.9442,0,12
266.600000,1333,-1.4000,-3.2300,0.3000,-2.9442,0,12
266.800000,1334,-1.4000,-3.2300,0.3000,-2.9442,0,12
267.000000,1335,-1.4000,-3.2300,0.3000,-2.9442,0,12
267.200000,1336,-1.4000,-3.2300,0.3000,-2.9442,0,12
267.400000,1337,-1.4000,-3.2300,0.3000,-2.9442,0,12
267.600000,1338,-1.4000,-3.2300,0.3000,-2.9442,0,12
267.800000,1339,-1.4000,-3.2300,0.3000,-2.9442,0,12
268.000000,1340,-1.4000,-3.2300,0.3000,-2.9442,0,12
268.200000,1341,-1.4000,-3.2300,0.3000,-2.9442,0,12
268.400000,1342,-1.4000,-3.2300,0.3000,-2.9442,0,12
268.600000,1343,-1.4000,-3.2300,0.3000,-2.9442,0,12
268.800000,1344,-1.4000,-3.2300,0.3000,-2.9442,0,12
269.000000,1345,-1.4000,-3.2300,0.3000,-2.9442,0,12
269.200000,1346,-1.4000,-3.2300,0.3000,-2.9442,0,12
269.400000,1347,-1.4000,-3.2300,0.3000,-2.9442,0,12
269.600000,1348,-1.4000,-3.2300,0.3000,-2.9442,0,12
269.800000,1349,-1.4000,-3.2300,0.3000,-2.9442,0,12
270.000000,1350,-1.4000,-3.2300,0.3000,-2.9442,0,12
270.200000,1351,-1.4000,-3.2300,0.3000,-2.9442,0,12
270.400000,1352,-1.4000,-3.2300,0.3000,-2.9442,0,12
270.600000,1353,-1.4000,-3.2300,0.3000,-2.9442,0,12
270.800000,1354,-1.4000,-3.2300,0.3000,-2.9442,0,12
271.000000,1355,-1.4000,-3.2300,0.3000,-2.9442,0,12
271.200000,1356,-1.4000,-3.2300,0.3000,-2.9442,0,12
271.400000,1357,-1.4000,-3.2300,0.3000,-2.9442,0,12
271.600000,1358,-1.4000,-3.2300,0.3000,-2.9442,0,12
271.800000,1359,-1.4000,-3.2300,0.3000,-2.9442,0,12
272.000000,1360,-1.4000,-3.2300,0.3000,-2.9442,0,12
272.200000,1361,-1.4000,-3.2300,0.3000,-2.9442,0,12
272.400000,1362,-1.4000,-3.2300,0.3000,-2.9442,0,12
272.600000,1363,-1.4000,-3.2300,0.3000,-2.9442,0,12
272.800000,1364,-1.4000,-3.2300,0.3000,-2.9442,0,12
273.000000,1365,-1.4000,-3.2300,0.3000,-2.9442,0,12
273.200000,1366,-1.4000,-3.2300,0.3000,-2.9442,0,12
273.400000,1367,-1.4000,-3.2300,0.3000,-2.9442,0,12
273.600000,1368,-1.4000,-3.2300,0.3000,-2.9442,0,12
273.800000,1369,-1.4000,-3.2300,0.3000,-2.9442,0,12
274.000000,1370,-1.4000,-3.2300,0.3000,-2.9442,0,12
274.200000,1371,-1.4000,-3.2300,0.3000,-2.9442,0,12
274.400000,1372,-1.4000,-3.2300,0.3000,-2.9442,0,12
274.600000,1373,-1.4000,-3.2300,0.3000,-2.9442,0,12
274.800000,1374,-1.4000,-3.2300,0.3000,-2.9442,0,12
275.000000,1375,-1.4000,-3.2300,0.3000,-2.9442,0,12
275.200000,1376,-1.4000,-3.2300,0.3000,-2.9442,0,12
275.400000,1377,-1.4000,-3.2300,0.3000,-2.9442,0,12
275.600000,1378,-1.4000,-3.2300,0.3000,-2.9442,0,12
275.800000,1379,-1.4000,-3.2300,0.3000,-2.9442,0,12
276.000000,1380,-1.4000,-3.2300,0.3000,-2.9442,0,12
276.200000,1381,-1.4000,-3.2300,0.3000,-2.9442,0,12
